﻿url,posttime,text,crawled_time,url,attachment_link,attachment_img,attachment_img_alt,attachment_title,attachment_brief
"https://www.facebook.com/banqiaopolice/posts/2625483934181277","1568770235","#108國家防災日
#地震網路演練活動
趴下、掩護、穩住","1569656193","","","","","",""
"https://www.facebook.com/banqiaopolice/posts/2624321110964226","1568720652","","1569656194","","","","","",""
"https://www.facebook.com/banqiaopolice/posts/2564196626976675","1565925978","很多人不知道，原來「身分證遺失」，只需要打一通電話！？

每張國民身分證，都是一個人的身分證明，
不小心弄丟時，最擔心的就是被別人拿去冒用做壞事。

遇到這個狀況，很多人會急著到派出所辦理遺失。但其實身分證遺失時，向能與身分證系統連線的「戶政機關」辦理掛失，才是最正確的方式喔！

可是，這麼急迫的事情，如果是發生在假日、或戶政機關下班的時間呢？

這時候，你只需要拿起手機撥打「1996」就可以了！
這是一支一年365天、24小時，都可來電協助掛失及停用身分證的專線，沒想到這麼方便吧？
-
貼心提醒：
身分證遺失，一定要儘快完成掛失手續，
日後如果真的有需要，法院才能向戶政單位調閱紀錄呦！
#身分證遺失
#聽大家說不如聽專家說
#方法要正確

國民身分證掛失暨撤銷掛失申請（一分鐘完成掛失）：https://www.ris.gov.tw/webapply/7user
1996內政服務熱線：https://www.moi.gov.tw/1996/","1569656194","","","","","",""
"https://www.facebook.com/banqiaopolice/posts/2641794512550219","1569497712","🍷酒後找代駕，安全的回家。

 #標註你愛吃羊肉爐或薑母鴨的朋友。","1569656194","","","","","",""
"https://www.facebook.com/banqiaopolice/posts/2643529449043392","1569573420","本分局板橋派出所於108年9月26日同時查獲毒品案及新北市第一宗直播主詐欺案，績效卓著；民防組及偵查隊辦理108年「義勇警察基本訓練」、「動員業務輔訪」及「刑案現場勘查」等工作均獲得佳績，為表揚同仁勤務落實，慰勉工作辛勞，特別於本（27）日分局晚報會中由副分局長林俊材代表頒贈「真好茶」表揚，並轉達分局長嘉勉之意。","1569656194","","","","","",""
"https://www.facebook.com/banqiaopolice/posts/2590510294345308","1567168680","為了讓居民有安全健康的生活環境，板橋警分分局在今(30)日下午2時至6時，到轄內社區型住宅，偕同里長、社區管委會主委，與居民互動實施犯罪預防宣導，以鼓勵社區居民參與，共同預防犯罪，展現警察與民眾合作，打擊犯罪、淨化轄區治安決心。","1569656194","","","","","",""
"https://www.facebook.com/banqiaopolice/posts/2609207072475630","1568025443","「無毒有我青少年反毒微電影競賽」影片,想看更多影片可至http://antidrug.moj.gov.tw/lp-29-1.html觀看喔~~","1569656194","","","","","",""
"https://www.facebook.com/banqiaopolice/posts/2623591501037187","1568682512","#未來城市
#侯友宜","1569656195","","","","","",""
"https://www.facebook.com/banqiaopolice/posts/2629628353766835","1568959095","https://www.facebook.com/ntpd.gov.tw/videos/2796209563745406/","1569656195","","","","","",""
"https://www.facebook.com/banqiaopolice/posts/2635750193154651","1569226754","#新北治安聯盟颯爽登場
#安居樂業的幕後功臣","1569656195","","","","","",""
"https://www.facebook.com/banqiaopolice/posts/2539274506135554","1564718062","#苦民所苦的好暖警
#心裡真的暖暖der","1569656195","","","","","",""
"https://www.facebook.com/banqiaopolice/posts/2614419878621016","1568271236","#愛心捐助不落人後
#大家一起來做愛心","1569656195","","","","","",""
"https://www.facebook.com/banqiaopolice/posts/2550340298362308","1565266445","#利奇馬
#祝福大家平安無損
#無怨悔付出的父親節","1569656195","","","","","",""
"https://www.facebook.com/banqiaopolice/posts/2564168266979511","1565924474","為維護學生良好學習環境，防患毒品入侵校園，本分局偵查隊在
108年第2階段防制毒品進入校園專案「行動反毒年」工作，成效優異榮獲全局第3名；分局長林富助除了在分局聯合勤教會中轉頒警察局頒發的「獎牌」及「獎勵金」外，並再加贈「真好茶」慰勉鼓勵，期許能再締佳績。","1569656195","","","","","",""
"https://www.facebook.com/banqiaopolice/posts/2610781015651569","1568101030","#阻危駕及改裝車噪音擾民
#板橋警強力取締開罰 

 
為維護環境安寧及道路交通安全，新北市板橋警分局與監理站、環保局等單位，上周六（7日）深夜在板橋區四川路2段橋頭1號（第十河川局）前執行「防制危險駕車聯合稽查」，主要針對改裝車及有製造噪音疑慮車輛進行攔檢，在監理站、交通分隊及轄區派出所警員的好眼力下，在2小時內共攔下86輛車，開出數張罰單，包括9件變更頭燈以外之車燈、1件駕照吊照後仍駕車等。

 
板橋警方表示，目前每個月會不定期在轄內重要路段及改裝車輛易聚集的熱點，規劃各派出所及交通分隊攔檢編組，並會同板橋監理站及新北市環保局攜手執行「防制危險駕車聯合稽查」專案勤務，鎖定非法改裝、噪音擾人的車輛，主動攔檢取締，如確認超出法定標準，相關單位將依「道路交通管理處罰條例」予以處分並要求改善。

 
板橋警方指出，由於不當改裝車體、電氣設備，將使車輛安全結構減弱，危及自己及其他用路人安全，依「道路交通管理處罰條例」第18條，可處2400元以上9600元以下罰款，並責令檢驗。改裝排氣管除違反《噪音管制法》，同時可能觸犯「道路交通管理處罰條例」違法改裝危險駕駛等相關法規，最重可處6000元以上2萬4000元以下罰款。

 
板橋警分局呼籲，為維護生活環境品質，確保市民生活安寧，將持續會同環保局以不定時、不定點路檢方式，持續聯合稽查，加強取締改裝車噪音擾人行為，展現執法決心，還給民眾寧靜的生活空間。同時環保局也會通知有製造噪音量疑慮車輛，限期到指定處所進行檢測，如有超出法定標準將予以處分並要求改善，以降低車輛擾人噪音。

 
據了解，板橋警分局會同環保局及監理機關，持續規劃執行聯合稽查勤務，對於青少年騎乘不當改裝車輛，併排競駛或一前一後爭速在道路上超速行車、蛇行、甩尾及闖紅燈等行為將加強取締，並提醒如參與這些駕駛行為，恐涉《刑法》第185條妨害公眾往來安全罪，警方除啟動快打機制實施優勢警力攔截圍捕外，也會調閱沿線路口監視器並通知相關涉嫌人到案說明並偵辦究責，籲請青少年勿以身試法。

 #落實強勢執法 
#新北治安不容挑釁","1569656195","","","","","",""
"https://www.facebook.com/banqiaopolice/posts/2589947707734900","1567140430","#開學了
#校園安全
#反霸凌
#反毒","1569656195","","","","","",""
"https://www.facebook.com/banqiaopolice/posts/2570311456365192","1566222334","#酒後不開車
#毒品害不淺
#不要跟身體安全荷包過不去","1569656196","","","","","",""
"https://www.facebook.com/banqiaopolice/posts/2595698913826446","[Error]: TypeError: Cannot read property 'attribs' of undefined","","1569656196","","","","","",""
"https://www.facebook.com/banqiaopolice/posts/2557897077606630","1565621675","#板橋警啟動防制危險駕車機制
#聯合稽查改裝車及噪音車","1569656196","","","","","",""
"https://www.facebook.com/banqiaopolice/posts/2639293159467021","1569387438","為更深入了解地方治安與警政需求，板橋警分局長林富助特別率同防治組組長吳金柱、民防組巡官王思賢等，在信義派出所與地區里長舉行座談。
林分局長與里長交流分享防詐防竊的經驗及路口監視器等交換意見。里長們感謝員警平時的辛勞，為維護社會治安所做的犧牲奉獻。席間分局長更期許，與各里長持續發揮為民的熱忱，一同為地方治安、交通再努力。","1569656196","","","","","",""
"https://www.facebook.com/banqiaopolice/posts/2569667933096211","1566188376","全台史上施政滿意度最高的市長來了","1569656196","","","","","",""
"https://www.facebook.com/banqiaopolice/posts/2562954597100878","1565868767","#後埔所同仁與消防救護人員即時拉回救援","1569656196","","","","","",""
"https://www.facebook.com/banqiaopolice/posts/2551385784924426","1565314030","日前在本轄發生多部機車失火情事，警消據報立即到達現場撲滅火勢，經現場鑑識採證、查訪住民及調閱監視影像，立即鎖定犯嫌，報請地檢署核發拘票，於短短12小時內火速拘提到案，並由法官覊押獲准。
新北警察局副局長溫枝發特至本分局板橋所頒發「破案咖」，讚揚辦案同仁優質表現與迅速破案，堅持打擊犯罪及展現警察悍衛治安的決心，讓市民安心安居。

 #堅決強勢執法
#新北治安不容挑釁
新北市政府警察局","1569656196","","","","","",""
"https://www.facebook.com/banqiaopolice/posts/2643601179036219","1569576379","#板橋警局治安會報 
#新北檢察官出席聯手反賄選","1569656196","","","","","",""
"https://www.facebook.com/banqiaopolice/posts/2610581489004855","1568089747","為更深入了解地方治安與警政需求，板橋警分局長林富助特別率同防治組組長吳金柱、民防組組長陳獻珍等，在大觀派出所與浮洲地區11里里長舉行座談。
林分局長與里長交流分享防詐欺的經驗及路口監視器、派出所廳舍整建等交換意見。里長們也再三感謝員警的辛勞，為維護社會治安所做的犧牲奉獻。席間氣氛相當熱絡，分局長更拜託各里長持續發揮為民的熱忱，一同為地方治安、交通再努力，更祝福大家中秋佳節愉快!","1569656196","","","","","",""
"https://www.facebook.com/banqiaopolice/posts/2589697647759906","1567129927","#開學首日新北啟動護童專案","1569656196","","","","","",""
"https://www.facebook.com/banqiaopolice/posts/2588802307849440","1567094221","","1569656196","","","","","",""
"https://www.facebook.com/banqiaopolice/posts/2562875670442104","1565864952","#提醒警方執法正當性
#檢察官實務分享","1569656197","","","","","",""
"https://www.facebook.com/banqiaopolice/posts/2599828193413518","1567596814","地方仕紳感謝及欽佩沙崙派出所執勤同仁，平時維護沙崙地區治安平穩、交通順暢貢獻心力，在林分局長的陪同下，特至沙崙派出所致贈加菜激勵慰問，慰勉同仁辛勞，並期許再接再勵，持續為民眾安居生活付出心力。","1569656197","","","","","",""
"https://www.facebook.com/banqiaopolice/posts/2620462671350070","1568543337","#沙崙派出所暖警","1569656197","","","","","",""
"https://www.facebook.com/banqiaopolice/posts/2637715546291449","1569318323","#忠義好楷模

 
日前凌晨，後埔派出所警員時培偉、孫士富接獲報案，有一女子手持美工刀自殘欲輕生，時、孫等2員立即到場，該女持刀抵心窩與警方對峙，為防該女持續自殘，時員隨即拿警用圓盾阻擋該女子，孫員則衝上將美工刀搶下，控制行動並協助送醫。
今(24)日早上，新北市謝副市長特別至警局頒發獎勵狀，表揚時、孫2員處事積極，成功阻止憾事，足堪楷模表率。","1569656197","","","","","",""
"https://www.facebook.com/banqiaopolice/posts/2501436416586030","1562927599","","1569656197","","","","","",""
"https://www.facebook.com/banqiaopolice/posts/2578564508873220","1566614716","#防颱整備","1569656197","","","","","",""
"https://www.facebook.com/banqiaopolice/posts/2519406251455713","1563759568","為了預防詐騙LINE於今(22)日成立「LINE
訊息查證」LINE@官方帳號，整合了「台灣事實查核」、「MyGoPen」、「真的假的」、「蘭姆酒吐司」以及「行政院澄清專區」，資料庫為目前全台最大訊息查證平台，民眾遇到有問題的訊息，可以直接轉傳或是複製貼上到「LINE
訊息查證」帳號，文字部分透過LINE後台的機器學習，可以辨識6成文字，意味著，即便內容有被更改或是前後位置調整，還是能夠辨識出來，有問題的網站也能查詢。
#不想被騙
#這3位LINE好友必加","1569656197","","","","","",""
"https://www.facebook.com/banqiaopolice/posts/2643246422405028","1569559836","#超級戰警
#謝英山","1569656197","","","","","",""
"https://www.facebook.com/banqiaopolice/posts/2584720344924303","1566904816","#信義派出所張聖享","1569656197","","","","","",""
"https://www.facebook.com/banqiaopolice/posts/2566502473412757","1566041026","#板橋警消獲報老翁昏迷屋內 
#火速破門即刻救援","1569656197","","","","","",""
"https://www.facebook.com/banqiaopolice/posts/2616704318392572","1568374688","守護下一代安全 新北警強化稽查幼童車","1569656198","","","","","",""
"https://www.facebook.com/banqiaopolice/posts/2587600541302950","1567035064","#陽光帥警無誤","1569656198","","","","","",""
"https://www.facebook.com/banqiaopolice/posts/2556087447787593","1565536909","","1569656198","","","","","",""
"https://www.facebook.com/banqiaopolice/posts/2573287172734287","1566367839","#《防治登革熱》
#《新北市政府警察局》","1569656198","","","","","",""
"https://www.facebook.com/banqiaopolice/posts/2586903361372668","1567004730","警察嚴正執法，也要平安回家...","1569656198","","","","","",""
"https://www.facebook.com/banqiaopolice/posts/2549806431749028","1565237782","","1569656198","","","","","",""
"https://www.facebook.com/banqiaopolice/posts/2612588832137454","1568184674","#新北警組團前進校園
#超酷的犯罪預防宣導","1569656198","","","","","",""
"https://www.facebook.com/banqiaopolice/posts/2589559811107023","1567124287","開心上學！我陪你！
開心下課！我陪你！

 你的安全，我們守護！

 #記得給警察哥哥姐姐打氣問早","1569656198","","","","","",""
"https://www.facebook.com/banqiaopolice/posts/2603507556378915","1567766344","本分局林副分局長國民榮陞內政部警政署專員，將於本（108年）9月9日到新職單位報到，分局長林富助於今（6)日下午特別致贈紀念品祝福並感謝林副分局長任職期間的協助及幫忙，林副分局長工作表現相當優異，本次獲上級拔擢榮陞內政部警政署服務，即是最大的肯定，祝福他在新職單位勝任愉快，希望公務繁忙之餘，能撥空回來分局看看我們並傳承工作上的經驗。","1569656198","","","","","",""
"https://www.facebook.com/banqiaopolice/posts/2584633104933027","1566900758","","1569656199","","","","","",""
"https://www.facebook.com/banqiaopolice/posts/2564570526939285","1565947907","板警全力掃毒 局長頒發破案咖

 
本分局偵查隊刑四小隊執行安居緝毒及青春專案，溯源查獲毒品分裝廠，查獲彩虹惡魔毒品咖啡包956包(10.31公斤）、OFF毒品咖啡包999包(7.48公斤），檸檬酸、封膜機2台、電子磅秤1台、分裝鏟、毒品咖啡包原料9包、大麻10包，販毒所得新台幣28800元證物，查獲毒品重量將近20公斤，新北市警局長陳檡文下午特別前往板橋分局偵查隊頒發破案咖，慰勉有功人員，也期勉同仁持續掃毒，全力防制毒品入侵校園。","1569656199","","","","","",""
"https://www.facebook.com/banqiaopolice/posts/2603029496426721","1567741316","#板橋熱心警
#沙崙派出所
天上飛來鈔票 警依祕錄器尋主 女騎士：「讚」
https://udn.com/news/story/7320/4032092","1569656199","","","","","",""
"https://www.facebook.com/banqiaopolice/posts/2557489220980749","1565604300","板橋分局宣導兒童乘坐機車小撇步
頭手綁穩好fun心

 板橋警為了提醒機車駕駛人，附載小朋友應注意安全事項。8月12日起連續辦理擴大宣導活動。
今(12)日下午16時30分許，分局長林富助與交通警察大隊長鄭永裕連袂於在板橋區黃石市場內向路人宣導，提醒機車駕駛人在附載人員時，能夠更安全，並發放宣導單跟宣導品，希望藉以提醒機車駕駛人附載人員時一定要配戴安全帽、手要抱緊駕駛人，如果附載人是小孩子，應綁緊後揹帶，坐穩於後座，千萬不可站立於踏板，以免發生危險。

 #板橋分局關心您
#機車附載小孩安全要顧","1569656199","","","","","",""
"https://www.facebook.com/banqiaopolice/posts/2584215341641470","1566878099","#即刻解危
#千鈞一髮
今日治安會報侯市長特頒板橋警分局後埔派出所警員周昕昱、陳志遠等2員獎牌、獎金，表揚日前於108年7月10日執行巡邏勤務之際，接獲通報，有一男子欲開瓦斯自殺，周等2員及消防人員立即趕赴現場，因男子情緒激動，不論員警如何勸說，仍執意反鎖屋內不願開門，僵持超過1小時，因屋外測得瓦斯濃度逐漸升高接近引爆點，為避免氣爆傷及無辜，在消防員灑水防護後，由周等2員強行破門，不顧自身安危衝入屋內將男子壓制在地，隨後進行強制送醫，順利化解這場危機。","1569656199","","","","","",""
"https://www.facebook.com/banqiaopolice/posts/2639283082801362","1569386952","侯市長蒞臨新北警局，與局長陳檡文一同頒獎感謝績優的守望相助隊","1569656199","","","","","",""
"https://www.facebook.com/banqiaopolice/posts/2553206598075678","1565405360","","1569656199","","","","","",""
"https://www.facebook.com/banqiaopolice/posts/2575289042534100","1566465422","#新北好日子愛心大平台❤️

 「愛心」需要靠有制度且透明化的平台來散播，才能確保不被濫用並且有效的捐贈給真正需要的弱勢族群。

 透過好日子愛心大平台的整合，
讓你的善心，確實有散播給更多更需要的人

 ⬇️立即了解好日子愛心大平台網站提供的服務
新北好日子愛心大平台","1569656199","","","","","",""
"https://www.facebook.com/banqiaopolice/posts/2559181740811497","1565684745","#《新北市政府警察局》
板橋分局108年度7月份取締酒駕評比，第一名板橋所，第二名後埔所，由林分局長富助頒發奬勵。","1569656199","","","","","",""
"https://www.facebook.com/banqiaopolice/posts/2592619547467716","1567262334","#海祭
#侯市長
#新北市政府警察局長陳檡文
#到場慰勤
#海祭治安無死角","1569656199","","","","","",""
"https://www.facebook.com/banqiaopolice/posts/2572809506115387","1566342136","#協助治安維護
#板橋警分局表揚績優守望相助隊
#維護治安一起來 打造新北安心城","1569656199","","","","","",""
"https://www.facebook.com/banqiaopolice/posts/2573583322704672","1566383997","本分局行政組組長蔡翊民榮升新北市政府警察局主任秘書室專員、沙崙派出所所長洪德明榮調本局中和分局積穗派出所所長，將於本（8）月22日到新職單位報到，分局長林富助特別在今（21）日致贈紀念品，感謝他們在板橋分局任職期間，對板橋地區治安的付出與貢獻，並祝福他們在未來均能夠步步高升，更上層樓。","1569656200","","","","","",""
"https://www.facebook.com/banqiaopolice/posts/2560796163983388","1565762644","#交通安全要注意
#兒童乘坐機車安全小撇步","1569656200","","","","","",""
"https://www.facebook.com/banqiaopolice/posts/2559588090770862","1565703799","#板橋文化路與漢生西路，#即將調整左轉車輛管制，請用路民眾多留意，板橋警分局關心您。","1569656200","","","","","",""
"https://www.facebook.com/banqiaopolice/posts/2551241451605526","1565306062","#警政署
#NPA署長室
#新北市政府警察局
我的警察把拔...","1569656200","","","","","",""
"https://www.facebook.com/banqiaopolice/posts/2593608740702130","1567307064","","1569656200","","","","","",""
"https://www.facebook.com/banqiaopolice/posts/2551913344871670","1565343735","2019/8/9
#《新北市政府交通局》
請停放於紅、黃線車輛於8月12日上午7時前駛離
發佈日期:2019-08-09 截止日期:2019-09-08
利奇馬颱風遠離，新北市水門於8月9日下午4時30分開放，請車主於8月12日上午7時前將
停放在路邊紅、黃線車輛駛離。市境路邊停車亦同步恢復收費。以上違者警察機關將依道 路交通管理處罰條例予以舉發及拖吊或將車輛移置。
資料詳洽:新北市災害應變中心交通組 電話:(02)8953-5599分機1836 撰稿人:林詩欽
聯絡人:林詩欽 聯絡單位:新北市政府交通局 聯絡電話:02-29603456轉1836 電子信箱:AK5309@ntpc.gov.tw

 https://www.traffic.ntpc.gov.tw/print.html","1569656200","","","","","",""
"https://www.facebook.com/banqiaopolice/posts/2588829787846692","1567095282","#新學期護治安展決心！","1569656200","","","","","",""
"https://www.facebook.com/banqiaopolice/posts/2549428611786810","1565218238","#地震發生希望大家都平安","1569656200","","","","","",""
"https://www.facebook.com/banqiaopolice/posts/2562871040442567","1565864681","#員警同仁真的獲益良多","1569656200","","","","","",""
"https://www.facebook.com/banqiaopolice/posts/2608779895851681","1568001952","本分局分局長林富助在中秋節前夕，特別邀請工友大哥、大姐及交通佐裁員於分局長室致贈勞苦功高的大哥、大姐們每人鳳凰酥禮盒及慰問金，藉以慰勉大姐們平日辛勞地維護駐地整潔並協助照護同仁。分局長表示:「同仁都是為本分局默默付出的無名英雄，期望同仁日後能持續堅守崗位，為分局服務」，本次活動過程相當溫馨，讓每位大哥、大姐們提前過一個不一樣的中秋節。","1569656200","","","","","",""
"https://www.facebook.com/banqiaopolice/posts/2562723013790703","1565856503","#法制教育
板橋警分局為提升員警法規知能，落實警察法治教育，於本(15)日15時至17時辦理「偵辦刑案應注意事項」演講，敦請臺灣桃園地方檢察署呂象吾檢察官擔任主講授課，對分局內、外勤主管及派出所基層同仁進行專題演說。呂檢察官於演講中分享司法實務工作心得，探討警察執行職務常見問題、執勤技巧及相關法令運用，並結合實際案例，內容豐富精彩，使同仁獲益良多。","1569656200","","","","","",""
"https://www.facebook.com/banqiaopolice/posts/2550461528350185","1565271079","","1569656201","","","","","",""
"https://www.facebook.com/banqiaopolice/posts/2587921214604216","1567051675","#向我們的英雄致哀與致敬
#嚴正執法也要平安返家
#平安執勤才是嚴正執法的必要前提","1569656201","","","","","",""
"https://www.facebook.com/banqiaopolice/posts/2577272195669118","1566559165","#白鹿颱風
#板橋警動員防颱整備呼籲民眾避免進入山區","1569656201","","","","","",""
"https://www.facebook.com/banqiaopolice/posts/2544621425600862","1564975848","#大家要趕緊做好防颱準備
#隨時注意颱風動態","1569656201","","","","","",""
"https://www.facebook.com/banqiaopolice/posts/2542891435773861","1564890456","新北市政府警察局陳局長於今(4)日11時親臨慰勤，對於昨3日晚間大觀所同仁攔檢可疑車輛衝撞員警開槍，展現警方對治安守護的用心，肯定同仁執勤認真及嚴格執法、大膽用槍，也親自探視大觀所所長、同仁辛勞，特別致頒「恁警好咖」慰勉，本分局將持續努力，為市民維護安居樂業的環境。

 #恁警好咖
新北市政府警察局","1569656201","","","","","",""
"https://www.facebook.com/banqiaopolice/posts/2601415316588139","1567667761","恭賀本分局大觀派出所陳婌瑛破獲槍砲案，以及板橋派出所孫宇辰、廖詩維等2員執勤時，緊急做CPR急救、救回昏迷老翁一命，榮獲局長頒發獎牌表揚，足堪為同仁們的楷模。","1569656201","","","","","",""
"https://www.facebook.com/banqiaopolice/posts/2563038400425831","1565872505","#疑心情不佳男子跨坐窗台
#後埔所同仁及消防救護人員即時拉回送醫","1569656202","","","","","",""
"https://www.facebook.com/banqiaopolice/posts/2627372037325800","1568857055","#有好康報大家
#趕快來去參加","1569656202","","","","","",""
"https://www.facebook.com/banqiaopolice/posts/2628344843895186","1568901222","#恁警厚咖
本分局偵查隊於「青春專案」期間查緝少年藥頭卓有績效，分別為刑二小隊及刑六小隊，各查獲販毒予未成年少年之少年藥頭，查扣毒品咖啡包等販毒證物，有效防制毒品入侵校園，今（19)日晚間警察局艾副局長特別代表局長至分局偵查隊頒發「破案咖」，嘉勉同仁於專案期間之辛勞，同時也轉達局長指示掃毒「落實溯源」，根除販毒集團上游，斬斷毒品來源管道，建立新北無毒家園。","1569656202","","","","","",""
"https://www.facebook.com/banqiaopolice/posts/2549592891770382","1565226904","#颱風即將來襲
#波麗爸仍無懼無畏
#冒著風雨堅守崗位
#祝全天下的爸爸們
#父親節快樂","1569656202","","","","","",""
"https://www.facebook.com/banqiaopolice/posts/2537959412933730","1564655832","堅定強勢執法
創造安居新北","1569656202","","","","","",""
"https://www.facebook.com/banqiaopolice/posts/2535611313168540","1564538413","感謝刑事局學長整理資料❤️
詐騙手法不斷翻新🤔🧐
⚠️⚠️大家務必小心求證⚠️⚠️

 詐騙新型態，勿任意開啟簡訊連結，以免遭受惡意程式攻擊
近日發現詐騙集團利用大規模發送簡訊，並借此進行網路釣魚或安裝惡意程式，意圖竊取個人資料及盜刷信用卡。
Apple手機發現詐騙集團利用外觀與官網相似的假網頁，吸引民眾進行點擊，使民眾點擊後手機跳出假的網頁，誘使民眾重新輸入自己的帳號密碼(Apple
ID)，藉以竊取個人資訊及帳號密碼後，再從手機中的電子錢包等行動支付工具竊取財物。
Android手機目前發現透過點擊惡意連結，誘使使用者下載惡意程式，該程式具有竊聽與監控簡訊功能，藉此竊取個人資訊及進行其他惡意行為，再將詐騙簡訊轉發給受害手機通訊錄聯絡人，伺機擴大進而感染其他手機用戶。呼籲民眾手機收到不明簡訊時，不要隨意點擊超連結或安裝應用程式，以免遭受惡意程式感染。
相關連結：
1.《警政署165全民防騙網》
小心假黑貓!奇怪簡訊勿亂點!
https://www.165.gov.tw/News/Details/141
2.《中時電子報》
調查局籲請民眾慎防手機簡訊詐騙
https://www.chinatimes.com/realtimen…/20190718001617-260402…
3.《華視》
「快遞已發」釣魚簡訊勿點！輸入資料恐遭盜刷
https://news.cts.com.tw/…/socie…/201907/201907281969171.html","1569656202","","","","","",""
"https://www.facebook.com/banqiaopolice/posts/2521751987887806","1563869929","􀂢靈骨塔仲介攏係假 詐團雙煞9旬婦不放過􀂡 

 
生活單純、獨居、不諳3C產品或資訊接收相對緩慢的長輩，是詐團最愛下手的目標，因此如果家中有長輩，請協助他們在手機上安裝來電過濾APP􀀽，並在手機將165反詐騙電話設為常用電話，提醒長輩一個人在家時若遭受詐騙騷擾，隨時有管道可以提供諮詢與協助。最後也要提醒長輩􀁠，不要獨自參與來路不明的交易或投資，若一定要參與，也最好要有專業人士陪同，輕易將金錢和權狀交出去，是將籌碼都交給他人的危險行為，千萬要小心！！􀀧
 

 􀁢相關連結： 

 1、(自由時報) 藉靈骨塔仲介設局 9旬婦遭詐11萬 

 https://m.ltn.com.tw/amp/news/society/breakingnews/2851669 

 2、(聯合新聞) 高價代售靈骨塔位是騙局 九旬老婦痛失11萬 

 https://udn.com/news/story/7315/3926942…","1569656202","","","","","",""
"https://www.facebook.com/banqiaopolice/posts/2551624344900570","1565326711","","1569656202","","","","","",""
"https://www.facebook.com/banqiaopolice/posts/2595961690466835","1567412234","《新世代反毒策略》
「安居緝毒第四波全國查緝行動」成功發表會，今天下午在財政部關務署舉行，全國六大情治系統緝毒有功人員齊聚，向國人展現「打擊毒品犯罪」成果，其中新北市警局板橋分局在這次「安居緝毒專案」展現亮眼成績，查獲各式毒品咖啡包重達20公斤，尤其查獲當時正值暑假期間，適時阻止這批毒品流入學生族群，殘害青少年身心健康。

 #緝毒是一場持久抗戰
#建立無毒家園
#反毒大家一起來","1569656202","","","","","",""
"https://www.facebook.com/banqiaopolice/posts/2601170833279254","1567655231","#新北科技執法","1569656202","","","","","",""
"https://www.facebook.com/banqiaopolice/posts/2569669089762762","1566188441","#侯市長今天中午上Yahoo
#專訪直播
#歡迎收看

 http://bit.ly/2ZgTU4Q","1569656202","","","","","",""
"https://www.facebook.com/banqiaopolice/posts/2586110468118624","1566968694","男嫌捅殺台鐵警遭殺人罪起訴
檢察官：不許暴力挑戰公權力","1569656202","","","","","",""
"https://www.facebook.com/banqiaopolice/posts/2582782178451453","1566814091","機車為國人最常利用的交通工具，除了載運貨物，也常用來接送家人，如果乘客是小孩子，常為了方便，就讓小孩站立在前踏板，雖然便利，卻也隱藏著危險。

 
依道路交通管理處罰條例第31條第5項規定機車附載人員或物品未依規定者，可處300元以上600元以下罰鍰，但是罰錢事小，如何確保機車騎士與附載人員的安全，才是駕駛人要注意與關心的事項。

 
板橋警分局為了能讓機車駕駛人在附載人員時能夠更安全，特別在板橋區分局轄內各路段辦理宣導活動，發放宣導單，8月12日迄今期間計宣導達2,120件，希望藉以提醒機車駕駛人附載人員時一定要配戴安全帽、手要抱緊駕駛人，如果附載人是小孩子，應綁緊後揹帶，坐穩於後座，千萬不可站立於踏板，以免發生危險。","1569656203","","","","","",""
"https://www.facebook.com/banqiaopolice/posts/2589833457746325","1567135622","板橋警分局偵查隊林子翔隊長今日率員前往本轄大型醫院等公共場所，宣導民眾注意本身財物保管，加強防竊情事發生，並與醫護、志工及在場病患家屬等民眾互動，建立全民防竊機制。

 #公共場所人潮擁擠
#小心財物慎防扒竊","1569656203","","","","","",""
"https://www.facebook.com/banqiaopolice/posts/2624198174309853","1568714912","#就是現在
#歡迎線上收看喔","1569656203","","","","","",""
"https://www.facebook.com/banqiaopolice/posts/2578961305500207","1566636346","今（24）日新北市警察局陳檡文局長，攜手大導演邱瓈寬，至今夏最火熱的「六都電競爭霸戰」總決賽現場，與現場來自六都的電競好手同歡，希望透過參與青少年朋友時下熱門的電玩競賽活動，拉近與年輕世代的距離，強化犯罪預防及保護青少年宣導。","1569656204","","","","","",""
"https://www.facebook.com/banqiaopolice/posts/2582233898506281","1566784029","#信義派出所張聖享
恭賀！！！
本分局信義派出所張聖享，今年參加2019世界警察和消防員運動會，在柔道、柔術、角力四個項目中奪下3銀1銅，技壓世界多國選手。
特為申賀！！","1569656204","","","","","",""
"https://www.facebook.com/banqiaopolice/posts/2577341128995558","1566561929","今（23）日林富助分局長親自主持，分發來實習為期8週的18名警專37期學生之暑假實習檢討會，會議中實習生踴躍分享實習心得，分局長也勉勵實習生能從勤區經營中，來獲得更多民眾支持及深入瞭解治安面，以對警政工作有所幫助。
本次會後，分局長特別準備小紀念品，贈予實習生，恭賀順利完成實習課程，並能感受分局的祝賀與關心。","1569656204","","","","","",""
"https://www.facebook.com/banqiaopolice/posts/2548613088535029","1565181135","多一分防範，少一分損害","1569656204","","","","","",""
"https://www.facebook.com/banqiaopolice/posts/2541072672622404","1564800039","《新北市政府警察局防飆》
＃你敢飆
＃我就抓
＃新北警強勢執法防制危險駕車....
＃堅決強勢執法 
＃新北治安不容挑釁","1569656204","","","","","",""
"https://www.facebook.com/banqiaopolice/posts/2573289606067377","1566367975","交友藏「愛的陷阱」 詐團週騙兩年輕女教師。
單身女性們若遇有陌生人要求加入臉書、通訊軟體，切勿在言談間透露太多個人資訊，也不要輕易透過網路交友即認定交往。切記一些詐騙密碼：比方才認識沒幾個月就時常要求「匯款」等金錢支付的行為時，就是有詐！各種證件、照片電話都是可以造假的，也不見得對方天天和你視訊或通話就表示沒有問題，眼見為憑、慎選對象，才能長保幸福且不傷荷包。

 相關新聞連結：
https://tw.appledaily.com/new/realtime/20190818/1618917/
https://www.chinatimes.com/realtimen…/20190818001808-260402…","1569656204","","","","","",""
"https://www.facebook.com/banqiaopolice/posts/2507067549356250","1563163498","本分局偵查隊執行暑期青春專案，於桃園龜山查獲男子兜售毒品咖啡包給未成年少年，經埋伏查緝，查獲毒品咖啡包重達4.3公斤、封口機、分裝袋412個、電子磅秤1台等證物，新北市警局長陳檡文今（15）日上午特別前往本分局偵查隊頒發「破案咖」，慰勉緝毒有功人員，並要求落實毒品溯源工作，讓青少年有健康、安全的暑期生活環境。","1569656204","","","","","",""
"https://www.facebook.com/banqiaopolice/posts/2503137129749292","1562987576","","1569656204","","","","","",""
"https://www.facebook.com/banqiaopolice/posts/2542819712447700","1564886677","#《新北市政府警察局 舉手過馬路》
保護行人過馬路
小孩老人都照顧....","1569656204","","","","","",""
"https://www.facebook.com/banqiaopolice/posts/2490132664383072","1562374697","#新北市政府警察局
《本局臉書》侯友宜：支持第一線員警強勢執法https://www.facebook.com/583165068442781/posts/2324115521014385?s=100001375856869&sfns=mo","1569656204","","","","","",""
"https://www.facebook.com/banqiaopolice/posts/2536540796408925","1564585643","#收訊要注意⚠️","1569656205","","","","","",""
"https://www.facebook.com/banqiaopolice/posts/2494190930643912","1562575834","為更深入了解地方治安與警政需求，分局長林富助特別在沙崙派出所與溪崑地區六里里長舉行小型座談，在閒話家常的席間，分局長與里長交流分享防詐欺的經驗，幾名里長也都充分表達個人協助里民排除詐騙及減少損失的心得，由於大家都有著豐富的際遇及經驗，所以整個座談顯得相當熱絡，分局長與會談結束前更拜託各里長在暑假期間，協助派出所關懷青少年身心發展，積極執行青春專案的各項工作，持續發揮里長們為民的熱忱，加強將席間討論的各種防範詐騙及關懷青少年的「撇步」廣為協助宣導給轄區居民","1569656205","","","","","",""
"https://www.facebook.com/banqiaopolice/posts/2532861336776871","1564405714","要注意*詐欺新手法*

 「包裏寄達請查收」點開錢就飛 她數小時被盜刷3千多元 #LINETODAY

 https://today.line.me/TW/article/1Om6Km?utm_source=lineshare","1569656205","","","","","",""
"https://www.facebook.com/banqiaopolice/posts/2579150938814577","1566645372","#候友宜市長
#蒞臨中和清潔隊關心同仁作業情形","1569656205","","","","","",""
"https://www.facebook.com/banqiaopolice/posts/2599330660129938","1567570029","#絕對不能酒駕
#任何人皆相同
#外籍移工也要遵守不例外","1569656205","","","","","",""
"https://www.facebook.com/banqiaopolice/posts/2551871541542517","1565341540","","1569656205","","","","","",""
"https://www.facebook.com/banqiaopolice/posts/2548061725256832","1565150044","#今天是七夕情人節
#祝大家七夕情人節快樂！
#愛情總是來得太突然
新北市政府警察局","1569656205","","","","","",""
"https://www.facebook.com/banqiaopolice/posts/2516640451732293","1563629989","板橋警分局交通分隊分隊長郭晉瑋率員於上午9時許，於南雅南路一段盤查可疑機車，後座乘客趁機逃逸，竄進社區大樓內，員警奮勇追捕，惟仍不見蹤影，經通報分局調派警力到場支援，封鎖出入口，調閱社區監視器，發現犯嫌往地下室逃逸，研判仍躲藏社區內，果於水塔旁縫隙查獲逃逸男子，經查為新北檢發布執字詐欺通緝犯。","1569656205","","","","","",""
"https://www.facebook.com/banqiaopolice/posts/2548386415224363","1565169836","有鑑於現行警察制服夜間在馬路上執勤，十分危險，板橋慈惠宮特別捐贈「新式警用反光背心」給本分局，希望基層警員在夜間執行勤務中，人身安全更有保障。
今天上午在分局長林富助率領下，感謝板橋慈惠宮支持，成為分局堅強的後盾，也希望新式反光背心能增加能見度，保障員警執勤安全，讓同仁們更盡心為板橋地區的治安及交通努力。
#感謝主委許三郎
#副主委游嘉明
#常務監事賴春曄暨所有理監事的支持
#有你們支持真好

 板橋慈惠宮媽祖廟","1569656205","","","","","",""
"https://www.facebook.com/banqiaopolice/posts/2505309279532077","1563084929","#新莊毆警案 快打警強力壓制
#海山鬥毆案 勇警開槍力逮8煞
#板橋持刀案 15警包圍逮人

 對抗暴力，是我們的職責，我們沒有畏懼的權利，也沒有置身事外的理由!","1569656205","","","","","",""
"https://www.facebook.com/banqiaopolice/posts/2549765675086437","1565235488","#颱風來了
#防颱準備不可少
#固門窗
#鎖招牌
#搬陽台盆栽固定好
#易淹水區域要備好沙包
#避免外出不登山不觀浪","1569656206","","","","","",""
"https://www.facebook.com/banqiaopolice/posts/2596583817071289","1567439372","#即刻救援
#熱心情侶攔警救援
#警消線上合力成功挽回

 老翁病發昏倒大街上 2對情侶暖心攔警助援","1569656206","","","","","",""
"https://www.facebook.com/banqiaopolice/posts/2512406785488993","1563413747","","1569656206","","","","","",""
"https://www.facebook.com/banqiaopolice/posts/2603532936376377","1567767576","八月份取締酒駕第一名沙崙所，第二名後埔所。","1569656206","","","","","",""
"https://www.facebook.com/banqiaopolice/posts/2535622633167408","1564538972","求證求證再求證⚠️⚠️
小心求證反覆求證🧐🧐

 
近期許多民眾接獲一則「快遞包裹已發，請您查收」的簡訊，經查這是「釣魚簡訊」，如果您有收到，切勿點擊連結，亦不要下載任何程式或輸入任何資料!165反詐騙諮詢專線建議您，有關傳訊息認證號碼詐騙手法可參考以下4個處置方式：
一、關閉手機小額付費功能(heart)
您可電話聯繫電信公司客服人員，告知有點擊不明簡訊連結，要求關閉「小額付費」功能；若您未收過簡訊，也建議申請關閉，避免遭盜用或誤用。
二、聯繫信用卡公司(heart)
若您有輸入信用卡卡號，並遭盜刷，請立即連絡信用卡公司，告知有點擊不明簡訊連結，要求查詢近期刷卡紀錄，如發現非本人刷卡紀錄，提供刷卡或消費平臺頁面，儘速向信用卡公司反映，並建議辦理停卡，以防被盜刷。
三、請交易平臺取消交易(heart)
可立即查詢iTunes等網路交易平臺是否有異常交易紀錄，如有應立即向交易平台客服反映，尋求相關協助。
四、手機回復原廠設定(heart)
因點擊該假網址，恐有遭植入惡意程式的可能性，為確保個人資料完備，應將手機內重要資料備份後，進行系統重置或回復原廠設定，以清除惡意程式。","1569656206","","","","","",""
"https://www.facebook.com/banqiaopolice/posts/2541355099260828","1564815257","#沙崙派出所警員陳昱佑
新北市板橋警方日前接獲通報，板橋區金門街上有一老翁跌坐路旁，警方到場了解老翁因天氣太過於炎熱，一時無法適應而坐在路旁地上休息，經員警確認該老翁無外部傷害又與其家屬電話確認不用送醫，因當下天氣變化快即將下雨，且員警看老翁體力不濟恐無法自行返回家，當下又快下雨跡象，於是以警車協助民眾返家，惟該老翁住在舊式公寓4樓，警專35期才21歲的
 #警員陳昱佑 發揮助人為樂精神，直接將老翁背回4樓家中休息，並請鄰居協助照顧，家屬返家後，對員警即時協助與關懷表頻頻道謝。","1569656206","","","","","",""
"https://www.facebook.com/banqiaopolice/posts/2511605122235826","1563376231","#年輕暖警 
#緊急解圍

 後埔派出所同仁 #楊至瑋 獲報，民眾忘拔鑰匙受困家中，趕緊前往幫忙解圍，獲得當事民眾的感謝","1569656206","","","","","",""
"https://www.facebook.com/banqiaopolice/posts/2526160584113613","1564075047","#Line訊息查證
#假消息釐清查證的利器
#必加","1569656206","","","","","",""
"https://www.facebook.com/banqiaopolice/posts/2510605089002496","1563327968","#丹娜絲颱風即將來襲
#大家要趕緊做好防颱準備

 #固定門窗招牌與陽台盆栽
#侵襲時避免外出不登山不觀浪
#隨注意颱風動態
#易淹水區域備好沙包","1569656206","","","","","",""
"https://www.facebook.com/banqiaopolice/posts/2508788735850798","1563243710","局長陳檡文推動行動治理，特至本分局訪視，瞭解轄區治安、交通情形，與轄區各派出所工作經驗交換，並傳授當前重點工作積極作法。
暑期治安維護一直受各界矚目，本分局致力於相關的安居工作，對於各項工作措施持續強化作為，保障市民安全與安居的環境。","1569656206","","","","","",""
"https://www.facebook.com/banqiaopolice/posts/2614551765274494","1568278245","","1569656206","","","","","",""
"https://www.facebook.com/banqiaopolice/posts/2599327413463596","1567569867","身分證委中央印製廠 
內政部：合法招標又安全","1569656206","","","","","",""
"https://www.facebook.com/banqiaopolice/posts/2539386959457642","1564723889","天氣炎熱 7旬 老翁不支路倒 暖警協助背上樓 
https://udn.com/news/story/7320/3960805","1569656207","","","","","",""
"https://www.facebook.com/banqiaopolice/posts/2521686377894367","1563866281","","1569656207","","","","","",""
"https://www.facebook.com/banqiaopolice/posts/2534304736632531","1564478475","恭賀本分局榮獲新北市政府警察局108年上半年綜合逮捕術團體成績第三名
賀喜本分局板橋派出所巡佐蔡承洲查獲毒品咖啡包達126包(重1,453.81公克)及K他命等毒品，獲局長頒發獎牌。","1569656207","","","","","",""
"https://www.facebook.com/banqiaopolice/posts/2578695335526804","1566621136","白鹿颱風來襲 樹木橫躺阻路板橋警消急排除
https://www.taiwanhot.net/?p=741524","1569656207","","","","","",""
"https://www.facebook.com/banqiaopolice/posts/2526850727377932","1564109891","恭賀本分局後埔派出所 榮獲108年1-3月新北市行政警察偵防犯罪甲種所第三名
賀喜本分局偵查隊偵查佐陳興芫偵獲毒品咖啡包達499包(重4,466.56公克)，獲局長頒發獎牌。","1569656207","","","","","",""
"https://www.facebook.com/banqiaopolice/posts/2493931610669844","1562560817","","1569656207","","","","","",""
"https://www.facebook.com/banqiaopolice/posts/2499026506827021","1562816614","","1569656207","","","","","",""
"https://www.facebook.com/banqiaopolice/posts/2498029040260101","1562767996","各位親愛的粉絲好朋友，晚安！

 
「110報案系統」是警察最重要的指揮調度體系，更是民眾緊急救援或刑案通報最迅速的方式，若不當遭人惡意濫用，除了造成警力到場徒勞無功外，更易造成有需求的人因佔線而延誤了救援時間，而惡意濫用更是違法「社會秩序維護法」，是有相關的罰則，不可不慎。
《本局臉書 報案不出聲 ！警署「謊報」電話年達166萬通》
https://www.facebook.com/583165068442781/posts/2331619940263943?s=100000187991525&sfns=mo","1569656207","","","","","",""
"https://www.facebook.com/banqiaopolice/posts/2511590285570643","1563375663","#明天沒有停班停課

 丹娜絲颱風路徑持續往東移，
對台灣的影響減低，
但天氣依舊不穩定，
不排除會有局部豪大雨，
新北市各地的鄉親們，
晚上~明晨出門，
還是要注意一下啦!!!!","1569656207","","","","","",""
"https://www.facebook.com/banqiaopolice/posts/2539685732761098","1564739831","來喔~有獎徵答活動
https://www.beahero.com.tw/

 #法務部調查局","1569656208","","","","","",""
"https://www.facebook.com/banqiaopolice/posts/2597762346953436","1567496611","#針對連日霸凌事件
#警方絕不寬貸","1569656208","","","","","",""
"https://www.facebook.com/banqiaopolice/posts/2577331018996569","1566399343","#假檢警誆上班族
#警成功阻詐救回120萬 
https://tw.appledaily.com/new/realtime/20190821/1620313/","1569656208","","","","","",""
"https://www.facebook.com/banqiaopolice/posts/2582204238509247","1566782458","你的每一個關心，都有無限可能的力量。
隨時隨地關心周遭的人，讓你我都是自殺防治守門人。
生活沒有過不了的難關，珍惜生命，擁抱希望！
https://www.youtube.com/watch…
https://www.youtube.com/watch?v=dxN8QUzw_bY
衛福部從94年設置安心專線，多年來陪伴許多民眾度過人生低潮，現在安心專線從原本的九碼，縮短為四碼1925，諧音依舊愛我，希望能持續幫助更多人。
#新北市政府警察局板橋分局關心您!!","1569656208","","","","","",""
"https://www.facebook.com/banqiaopolice/posts/2539180862811585","1564713443","","1569656209","","","","","",""
"https://www.facebook.com/banqiaopolice/posts/2546794405383564","1565088121","","1569656209","","","","","",""
"https://www.facebook.com/banqiaopolice/posts/2571450686251269","1566276453","#知識進得來，獎品出得去，大家行車都平安🚗
#限時三天
#抽大獎","1569656209","","","","","",""
"https://www.facebook.com/banqiaopolice/posts/2574881685908169","[Error]: TypeError: Cannot read property 'attribs' of undefined","","1569656210","","","","","",""
"https://www.facebook.com/banqiaopolice/posts/2573935512669453","[Error]: TypeError: Cannot read property 'attribs' of undefined","","1569656211","","","","","",""
"https://www.facebook.com/banqiaopolice/posts/2534314093298262","1564478938","本分局督察組獲得108年上半年「綜合逮捕術」驗收全警局第3名亮麗的成果，分局長林富助特於本日晚報中公開表揚，感謝承辦單位辛勞。","1569656211","","","","","",""
"https://www.facebook.com/banqiaopolice/posts/2507465269316478","1563185139","本分局副分局長林勝議將於7月16日屆齡退休，本分局特別在今（15）日舉辦歡送茶會，感謝林副分局長在板橋4年多期間對板橋分局的付出。林副分局長從警年資38年餘，在職期間破獲各項刑案，執行各種專案勤務，獲得獎勵無數，對社會治安貢獻良多，林副分局長畢生奉獻給國家、社會，在今（15）日劃下一個完美的句點，明天起將週休7天，祝福林副分局長退休後能夠注重身體保健，越活越年輕，越活越健康，退休後要記得常回來與我們閒話家常，經驗傳承。謝謝您。","1569656211","","","","","",""
"https://www.facebook.com/banqiaopolice/posts/2577349408994730","1566562252","恭賀！今年分發至本分局18位實習生，順利完成實習課程。🎉🎉🎉

 今（23）日林富助分局長親自主持警專37期暑假實習檢討會。
會中，實習生快樂分享實習心得；分局長也勉勵：實習生要加強從勤區經營中，來增加民眾支持及深入瞭解治安面，以對警政工作有所幫助。
本次會後，分局長特別準備小紀念品贈予，讓實習生感受分局的祝賀與關心。

 #警專37期
#實習檢討會
#未來警界棟樑加油","1569656211","","","","","",""
"https://www.facebook.com/banqiaopolice/posts/2702600099802993","1571989661","#細心查察救回一命
#板橋員警用心真棒

 https://udn.com/news/story/7320/4125613","1578289686","","","","","",""
"https://www.facebook.com/banqiaopolice/posts/2715485878514415","1572513904","Trick or treat!! 
#反毒大使白馨儒（白白）
#來告訴各位朋友 
#毒品糖果不可以拿喔","1578289687","","","","","",""
"https://www.facebook.com/banqiaopolice/posts/2721290564600613","1572747983","#關於太陽花判決
#警政署陳署長這麼說","1578289687","","","","","",""
"https://www.facebook.com/banqiaopolice/posts/2716450201751316","1572546968","","1578289687","","","","","",""
"https://www.facebook.com/banqiaopolice/posts/2693678317361838","1571629723","","1578289687","","","","","",""
"https://www.facebook.com/banqiaopolice/posts/2823715327691469","1576637540","#板暖警與學校協同民間慈團 
#主動關懷助清寒學子

 
板橋警分局大觀派出所日前接獲大觀國中生教組黃組長通報，表示該校有一名9年級女學生，已經多日未到校上學，員警隨即與校方陪同深入了解發現，該女學生為單親家庭，由父親與大姑撫養，其父親因長期需要洗腎，然同住的大姑適逢二次中風，目前於醫院住院治療中。女學生為了照顧中風的大姑與需洗腎的父親，需要在醫院與家裡中兩處來回奔波，導致多日無法到校正常上課。
大觀派出所所長鍾明豐、巡佐洪植智得知上述情形後、隨即於今(17)日與民間慈善團體（雲林縣鄉親關懷協會、新北市順天慈善會）等，協同大觀國中生教黃組長、老師等人前往女學生家中慰問，發揮濟飢救溺之心，以解燃眉之急，後續將轉介其他慈善團體與社福機構協助，希望讓女學能安心返校學習，完成學業，其家庭亦能得到持續關懷安定。

 《台灣好新聞》板橋暖警攜手民間慈善會 關懷協助清寒學子返校
https://www.taiwanhot.net/?p=780319","1578999629","","","","","",""
"https://www.facebook.com/banqiaopolice/posts/2852288941500774","1577759536","","1578999623","","","","","",""
"https://www.facebook.com/banqiaopolice/posts/2805690989493903","1575946979","#新北封城攔檢抓「噪音車」#3天1595件
#2千警不畏低溫護安寧
https://www.ettoday.net/news/20191209/1597900.htm

 為展現將噪音車趕出馬路決心，
新北市警局12/6-12/8連續三日不畏寒流來襲執行全市取締噪音車大執法。
雖然還是常接到鄉親反映噪音車問題，
我們相信，只要堅持執行下去，
未來再加上環保局啟動噪音偵測科技執法，一定可以把惱人的噪音趕出馬路。
近來也發現，在警方強勢取締噪音車排氣管之情形下，改裝管之二手市場似乎也受到嚴重的影響。據某位車友表示，某大廠O牌之黑鈦排氣管，新品一組原價近上萬，才使用了幾個月因怕被取締決定低價轉賣，但在二手網站已降價到二千餘元仍乏人問津；他也表示，近期二手機車買賣市場出現二種狀況，一是上網收購原廠排氣管的買家越來越多；二是中古車交易時，買方多要求須配置原廠之排氣管。
無論如何，再次呼籲機車騎士們，噪音車已為全民公害，不要把快感建立在他人的厭惡上。
#板橋警聲雲","1578999623","","","","","",""
"https://www.facebook.com/banqiaopolice/posts/2693676034028733","[Error]: TypeError: Cannot read property 'attribs' of undefined","","1578289688","","","","","",""
"https://www.facebook.com/banqiaopolice/posts/2826771897385812","1576763085","本分局板橋派出所；楊釋瑜、鍾岳呈、邱懷恩、林景云等四人；榮獲本分局線上立破績效前四名，偵查隊分隊長郭宇宣查獲賭博機房案，
板橋派出所警員吳峰安破獲黃○婷等5人詐欺案；分局長林富助於今（19）日，績效會議上特別表揚，並與板橋民防林家瑩副中隊長；共同頒發「新式」警察寶寶與獎勵金，期勉同仁能積極打擊轄內不法，維護市民安全，讓民眾安居樂業。","1578999625","","","","","",""
"https://www.facebook.com/banqiaopolice/posts/2859402170789451","[Error]: TypeError: Cannot read property 'attribs' of undefined","","1578999627","","","","","",""
"https://www.facebook.com/banqiaopolice/posts/2713298412066495","1572423748","","1578289688","","","","","",""
"https://www.facebook.com/banqiaopolice/posts/2711010542295282","1572328249","#惡意逼車錢罰光！
#遇到該如何自保？
#快分享","1578289688","","","","","",""
"https://www.facebook.com/banqiaopolice/posts/2862217320507936","1578128271","#破案咖
#局長限量馬克杯

 
新北市警察局陳局長特於今(4）日親臨本分局板橋派出所，對於日前立即偵獲搶奪、竊盜機車案，展現警方守護治安的用心，特頒破案咖禮盒及限量馬克杯，對維護治安奮力不懈、不畏艱險精神，特為表揚，稱讚
👍👍👍！也慰勉同仁辛勞，本分局將持續努力，為市民維護安居樂業的環境。

 #NTPD局長室
#新北市政府警察局","1578999623","","","","","",""
"https://www.facebook.com/banqiaopolice/posts/2857633494299652","1577947769","本分局信義派出所警員羅志烈、莊和昇日前運用影像調閱分析，比對出賴姓男子涉有重嫌，而莊員於巡邏時辨識出賴嫌特徵，立即帶返所調查說明，賴嫌坦承竊取5部重機，警方隨即前往尋獲車輛，並通知車主前來認領，全案依竊盜罪嫌偵辦。羅、莊等2員善用各項影像分析，鍥而不捨，進而查獲多台機車竊盜案，榮獲市警局陳局長致頒獎勵金及特製logo的便帽一頂，優良表現，殊值表率。","1578999636","","","","","",""
"https://www.facebook.com/banqiaopolice/posts/2728174633912206","1573032746","板橋派出所榮獲108年10月取締酒駕工作第一名、後埔所第二名、交通分隊連續三個月取締酒駕績效卓著，由分局長頒發獎牌一面、真好茶禮盒一盒。","1578289688","","","","","",""
"https://www.facebook.com/banqiaopolice/posts/2752596914803311","1573981458","#色彩繽紛毒軟糖要小心","1578289689","","","","","",""
"https://www.facebook.com/banqiaopolice/posts/2814961868566815","1576295317","#這真的很重要

 
立法院三讀通過的第一百四十九條及第一百五十條將「公然聚眾」的要件改為「於公共場所或公眾得出入的場所聚集三人以上」，同時提高罰金刑刑度，並於第一百五十條增訂「意圖供行使的用而攜帶凶器或其他危險物品」、「因而致生公眾或交通往來的危險」等危險行為態樣的加重處罰，期使本次修正，完備打擊犯罪的法制，以維護社會治安與秩序，還給民眾無慮生活及居住安寧。","1578999630","","","","","",""
"https://www.facebook.com/banqiaopolice/posts/2713360925393577","1572426553","#新北掃蕩選舉賭盤
防止選舉賭盤介入總統立委選舉 新北警同步掃蕩
https://udn.com/vote2020/story/7320/4134024","1578289689","","","","","",""
"https://www.facebook.com/banqiaopolice/posts/2764222036974132","1574421991","#恭賀本分局7月至9月偵查犯罪甲種所個人績優人員

 大觀派出所警員蔡明峯
信義派出所警員謝詠捷","1578999631","","","","","",""
"https://www.facebook.com/banqiaopolice/posts/2821258621270473","1576536630","#板橋文化路公車專用道啟用
#公車機車分流提升行車安全","1578999621","","","","","",""
"https://www.facebook.com/banqiaopolice/posts/2747598665303136","1573788844","#新北市警局& #木曜4超玩
#一日派出所","1578289689","","","","","",""
"https://www.facebook.com/banqiaopolice/posts/2775993059130363","1574844735","新北市府為瞭解本各社區鄰里及警察機關實際推動社區發展工作之成果，舉辦社區治安工作績效評鑑，期能透過評鑑過程評選出績優社區，給予獎勵及表揚，開場表演由我們板橋國小合唱團帶來序幕開場迎賓，甜美的歌聲感動人心。
108年11月27日板橋分局再次推選出所輔導的自強里里長張雪嬰一家都熱心公益，盡心為社區服務，號召熱心鄰近里長及居民成立環保志工，不定期清理里內環境衛生，連續6年獲得五星級環境認證【五星級環境認證】、新北市里智慧節電計畫-里節電競賽【優等】、連續4年【新北市政府績優守望相助隊評核】優等、特優，行政院環保署低碳永續家園認證評等「銅級」，對於社區治安營造之努力，居民們自動與互助精神，凝聚了社區治安共識。
張雪櫻里長熱心服務持續關心社區事務、弱勢團體及獨居老人，不僅協助高風險家庭通報工作、定期辦理老人共餐，里長先生也是守望相助隊成員，全家都熱心公益，盡心為社區服務，在里長長期耕耘下，建構出警民一心、永續成長、成果共享、責任分擔的績優社區，代表板橋區參與108年度治安社區營造績效評鑑，圓滿成功。","1578999625","","","","","",""
"https://www.facebook.com/banqiaopolice/posts/2738982642831405","1573457744","板橋分局提醒市民朋友注意!2019板橋保儀大夫繞境祈福活動浮洲福德宮繞境時間:預計上午7時至16時30分活動分上、下午二階段，採車隊與徒步舉行上午繞境路線:(預計8點30出發)大觀路2段163巷→合宜住宅→大觀路2段265巷→環河西路5段→三抱竹聚安宮參拜→大觀路2段333巷、187巷、169巷、33巷→龍興街99巷休息用餐至13點下午午繞境路線:大觀路2段176巷→龍興街95巷、71巷→大觀路2段174巷等巷弄→返回福德宮
歡子園福德宮繞境時間:上午7時至19時，活動分上、下午二階段，採徒步遶境方式舉行。
上午繞境路線:(預計8點30出發)大觀路1段38巷156弄福德宮出發→環河西路5段→僑中三街126巷至112巷→僑中二街108巷至12巷→僑中二街12巷口大觀國中圍牆邊休息用餐至13點下午午繞境路線:僑中二街12巷→僑中二街10至8巷→僑中一街80巷20弄至1弄→僑中一街124巷15弄至1弄→大觀路1段38巷156弄→返回福德宮東安宮繞境時間:上午8時至13時30分，活動採徒步舉行上午繞境路線(0830集結、0900出發)大觀路2段29巷131弄→大觀路1段→僑中一街→僑中二街→歡仔園福德宮參拜→龍興街→三抱竹聚安宮參拜→浮洲福德宮參拜→大觀路2段22巷→僑中三街→返回東安宮請用路人避開遊行繞境時間以免影響行程。","1578289689","","","","","",""
"https://www.facebook.com/banqiaopolice/posts/2770671046329231","1574647284","#新北警公仔設計競賽得獎出爐了
#趕快來瞧瞧","1578999623","","","","","",""
"https://www.facebook.com/banqiaopolice/posts/2705241366205533","1572097004","#板橋智慧耐心所長
#協助心急母親尋回離家女

 https://www.ettoday.net/amp/amp_news.php?news_id=1565906","1578289690","","","","","",""
"https://www.facebook.com/banqiaopolice/posts/2824016074328061","[Error]: TypeError: Cannot read property 'attribs' of undefined","","1578999635","","","","","",""
"https://www.facebook.com/banqiaopolice/posts/2709747822421554","1572275266","cool!!!","1578289690","","","","","",""
"https://www.facebook.com/banqiaopolice/posts/2704577112938625","1572068904","#恁警好咖

 
新北市警察局陳局長特於今(26）日親臨大觀所，慰問大觀所警員程振維、許偉豐，對於程員日前攔查外籍移工時遭到攻擊，造成鼻樑出血、左手掌骨折，但仍浴血奮戰的與同事許偉豐一起將該名移工壓制，逮捕依妨害公務、傷害、入出國移民法等罪嫌送辦；另亦分別前往沙崙所及板橋所，對於日前沙崙所警員何鈺鵬等人在短短1小時內查獲田〇成強盜案及板橋所查獲以主題餐廳當掩飾的德州撲克職業賭場案，展現警方守護治安的用心，並對員警英勇執勤表現，不畏艱險精神，特為表揚，稱讚
👍👍👍！也慰勉同仁辛勞，本分局將持續努力，為市民維護安居樂業的環境。

 NTPD局長室
新北市政府警察局","1578289690","","","","","",""
"https://www.facebook.com/banqiaopolice/posts/2850876898308645","1577705919","#人臉辨識系統
#失智
#暖警￼￼
協助獨老回家 板橋分局靠人臉辨識系統建功

 https://udn.com/news/story/7320/4258160…","1578999622","","","","","",""
"https://www.facebook.com/banqiaopolice/posts/2771603296236006","1574683705","","1578999622","","","","","",""
"https://www.facebook.com/banqiaopolice/posts/2687078894688447","1571369843","#新北治安聯盟
#警犬達人
#謝華","1578289690","","","","","",""
"https://www.facebook.com/banqiaopolice/posts/2721411564588513","1572753236","","1578289690","","","","","",""
"https://www.facebook.com/banqiaopolice/posts/2864403256956009","1578210106","麗寶百貨廣場為提倡兒童及社會青年健康的運動休閒習慣，舉辦「麗寶盃第六屆舞蹈比賽」，發揮社會責任提供表演舞台，鼓勵青年正當的活動發展空間。

 
為落實執行加強保護少年措施作為，有效防範少年犯罪，引導少年參與正確之公益活動觀念，培養少年高度之榮譽心與同理心；現場活動規劃宣導攤位區，另特別邀請「新北市政府警察局板橋分局犯罪預防團」講解現今常見防毒知識，爸爸媽媽帶著小朋友參加活動宣導如何預防家庭暴力（紫絲帶），共同提倡正確休閒娛樂之觀念，擴大犯罪預防宣導之成效。

 
現場大大小小參加民眾十分踴躍，響應人潮一度大排長龍還需排隊等候，分局長林富助呼籲民眾若是遇到疑似詐騙情形發生，一定要機警撥打反詐騙專線165求證，以免落入詐騙集團的圈套。

 #反毒觀念從小紮根
#一日吸毒終身痛苦
#板橋麗寶百貨","1578999622","","","","","",""
"https://www.facebook.com/banqiaopolice/posts/2850482688348066","1577688593","新北市政府今日公開表揚「高風險家庭整合型安全網」有功人員，本分局沙崙派出所副所長戴明剛、板橋派出所警員陳羿彣執行勤務協助轄區內高風險家庭救助，先期迅速反應，處置得宜，工作積極負責。
警方針對高風險家庭救助不遺餘力，及早發現遭遇困難或有需求之高風險家庭，轉介社政單位主動提供預防性服務方案，能預防兒童青少年虐待、家庭暴力及性侵害等事件發生，保護兒童及青少年身心發展。","1578999632","","","","","",""
"https://www.facebook.com/banqiaopolice/posts/2780028665393469","1574994227","#《新北市歡樂耶誕城》
#《縣民大道交通疏導》￼￼
新北歡樂耶誕城本月開城以來，每天吸引人車潮前往，新北市交通局表示，為維持主要幹道車流順暢和秩序，自30日起至明年元旦，每日下午3時至晚間11時縣民大道、新站路口往土城方向將禁止左轉新站路，用路人可提前由漢生東路或至民權路左轉。

 自11月30日起，每日15時至23時止，縣民大道南下，禁止左轉新站路
https://www.traffic.ntpc.gov.tw/home.jsp…","1578999628","","","","","",""
"https://www.facebook.com/banqiaopolice/posts/2856112657785069","1577888964","你在！我在！（You Go～We Go）板鴿行動補給站！

 你還記得板鴿行動補給站嗎？這一個半月的餐點大家還滿意嗎？未來各類大型活動將繼續為您服務，板鴿補給站，您的好夥伴。
Yeah~耶誕城勤務結束了，大家辛苦了！（小編淚奔～）","1578999628","","","","","",""
"https://www.facebook.com/banqiaopolice/posts/2838990039497331","1577245974","#聖誕老人來了
#局長陳檡文驚喜化身耶誕老公公送禮","1578999625","","","","","",""
"https://www.facebook.com/banqiaopolice/posts/2679454118784258","1571107752","本分局警員施俊敏、沈東毅、劉俊志等3員分別榮陞本局新店分局巡佐及保安警察大隊小隊長，於今（15）日辦理離、到職手續，為感念渠等3人在板橋分局任職期間對治安的努力與貢獻，分局長林富助特別準備紀念品，在離職時請副分局長林俊材代為頒贈，讓我們一起分享他們升職的喜悅，也祝福他們未來在新單位有更亮眼的成績。","1578289692","","","","","",""
"https://www.facebook.com/banqiaopolice/posts/2728092487253754","undefined","undefined","undefined","","","","","",""
"https://www.facebook.com/banqiaopolice/posts/2814123118650690","1576262596","#板鴿行動補給外送
#給辛勞執勤同仁補元氣
#溫暖波麗士的心
新北耶誕城重頭戲將於今、明2天晚間（14、15日）登場，並分別由蕭敬騰、鄧紫棋擔任壓軸演唱嘉賓，勢必吸引大批民眾入場追星，且去年耶誕城巨星演唱會就湧進20萬人，轄區警方更是不敢大意，投入大批警力進行維安、交通疏導等工作，今年板橋警分局更別出心裁，參考美食外送模式，成立Food
Police「板鴿補給車」，提供點心、飲料「到崗服務」，讓同仁補充體力。","1578999621","","","","","",""
"https://www.facebook.com/banqiaopolice/posts/2683027911760212","1571213277","#失智婦外出迷途30小時 
#家屬感謝廣大網友及警方協尋
#感謝大觀所同仁","1578289692","","","","","",""
"https://www.facebook.com/banqiaopolice/posts/2803935049669497","1575880801","《蘋果即時》板橋陽信銀搶案周年 警重回舊地演練提升防搶意識 
https://tw.appledaily.com/new/realtime/20191209/1674830/

 
新北市板橋的陽信銀行溪洲分行去年12月發生搶案，歹徒得手300多萬元逃逸，雖然警方在28小時後破案，但當時也引起社會相當程度的關注，因此板橋警分局今天（9日）上午舉行一年一度的防搶演練，且特別選在曾發生搶案的陽信銀行溪洲分行進行演練，盼藉此提升銀行的防搶意識。

 
今天的演練將情境設定為2名匪徒持槍闖進陽信銀行，打劫百萬鉅款後騎機車逃逸，銀行在案發後迅速按下警鈴，通報轄區派出所，分局也立即啟動攔截圍捕，輔以新北市警局最新科技「車牌辨識系統」、「智慧分析決策資源系統」，迅速掌握犯嫌逃逸方向，經10多分鐘圍捕後，將歹徒逼到浮洲橋下。

 
不過歹徒在走投無路之下，挾持一名女性路人當人質，警方也在現場分成圍捕組、談判組、逮捕組及現場勘察組，一方面向歹徒心戰喊話，以確保人質安全，另一方面擬定作戰策略，最後成功將搶匪制伏、逮捕。

 
新北市警局犯罪預防科表示，新北市警局新建置的車牌辨識系統，能有效即時通報、分析及過濾作案車輛，讓警員靠著科技辦案，能節省許多寶貴時間，也希望新進警員能重視執勤安全，善用科技，有效維護新北治安。（突發中心呂健豪／新北報導）","1578999622","","","","","",""
"https://www.facebook.com/banqiaopolice/posts/2728166553913014","1573032317","板橋分局提醒市民朋友注意!
發生時間:11月6日10時30分
發生地點:板橋區南雅南路與館前西路口。
上述時地有發生水管破裂之搶修施工，目前由水利局搶修中，板橋分局員警現場管制疏導，管線單位於14時開挖搶修預計ㄧ個工作天時間，已通知公車業者配合繞道行駛。
→ 於即時交通資訊網及事故地點周邊CMS發布路況並通報警廣播報訊息，值班人員持續追蹤。交通管制範圍:
1.板橋區縣民大道、南雅路口。
2.板橋區縣民大道、館西路口。
3.板橋區館西、南雅東路口。
4.板橋區南門、府中路口。
5.板橋區文化、府中路口。
6.板橋區縣民大道、館前路口。
7.板橋區館西丶府中路口。
8.板橋區南雅南路、南雅東路口。板橋往土城民眾建請改道中山路、縣民大道、板城路。請用路人小心駕駛、遵從義交人員之管制與疏道。","1578289692","","","","","",""
"https://www.facebook.com/banqiaopolice/posts/2739036222826047","1573460030","#網路防詐騙
#新北市政府警察局板橋分局

 #1111購物節！
教你慎防網路詐騙￼￼","1578289692","","","","","",""
"https://www.facebook.com/banqiaopolice/posts/2761749190554750","1574330636","#恭賀本分局榮獲警局10月線上立破績優員警
警備隊警員陳金江
後埔派出所所長張森維
板橋派出所巡佐陳清華
#恭賀本分局7月至9月偵查犯罪個人績優人員
也是雙料受獎人
警備隊 警員 陳金江","1578999627","","","","","",""
"https://www.facebook.com/banqiaopolice/posts/2678349722228031","1571062183","#刑事警察局反毒影音宣導短片第1集
#張鐵齒","1578289693","","","","","",""
"https://www.facebook.com/banqiaopolice/posts/2741059305957072","1573535340","","1578289693","","","","","",""
"https://www.facebook.com/banqiaopolice/posts/2773223982740604","1574738780","#新北市政府警察局板橋分局
#暖警好窩心
#緝毒
￼
板橋分局大觀派出所警員周育德處理急難救助等案件，能秉持同理心，積極處置，並協助後續服務，深獲民眾肯定，有具體事蹟，殊值表揚，頒發獎勵牌1面。
板橋分局大觀派出所警員蔡宗憲處理自殺、急難救助等案件，能秉持同理心，積極處置，深獲民眾肯定，有具體事蹟，殊值表揚，頒發獎勵牌1面。 
板橋分局偵查隊偵查佐蘇一傑等人查獲犯嫌胡○沂等人涉嫌賭博案，頒發獎金","1578999626","","","","","",""
"https://www.facebook.com/banqiaopolice/posts/2763344343728568","1574386910","板橋警友辦事處主任黃俊哲議員暨顧問團團長林麒星、南順興、朱漢埕、林榮松等顧問到分局、關心板橋分局全體員警於歡樂耶誕城期間，執行安全維護及交通疏導等工作辛勞，特至分局致頒餐點費，慰勞辛苦執勤同仁。
分局長林富助亦特別訂製大型新式制服的警察公仔回贈，感謝板橋警友辦事處對分局的支持與關懷。

 #板橋警友辦事處暨顧問團","1578999634","","","","","",""
"https://www.facebook.com/banqiaopolice/posts/2763355043727498","1574387313","為感謝板橋義警中隊長陳福源、民防中隊長楊三雄、義交中隊長林金龍、板橋區雲林同鄉會理事長亦是板橋區中正里里長林煌益，平時對分局值勤員警支持鼓勵，分局長林富助亦特別訂製大型新式制服的警察公仔回贈，感謝對分局的支持與關懷。","1578999628","","","","","",""
"https://www.facebook.com/banqiaopolice/posts/2717199338343069","1572578436","#新北治安聯盟第六章鑑識英雄
#跡證獵人張良帆","1578289693","","","","","",""
"https://www.facebook.com/banqiaopolice/posts/2794767987252870","1575538166","板橋分局11月份取締酒駕工作評比，第一名：板橋派出所，第二名：沙崙派出所。","1578999623","","","","","",""
"https://www.facebook.com/banqiaopolice/posts/2708886005841069","1572240085","","1578289694","","","","","",""
"https://www.facebook.com/banqiaopolice/posts/2791748230888179","1575425929","「社區治安營造」是一種由下而上全面性的運動，由里長帶著里民共同規劃、整合社區資源，從認識到愛護、守護自己的家園，進一步創新在地特色，創造豐足美好的生活。
在社區營造的路上，板橋分局從不缺席，秉持結合政府與民間的力量，發揮一加一大於二的精神一路向前。
再次恭喜自強里 張雪嬰里長,有付出一定會有收穫的~","1578999621","","","","","",""
"https://www.facebook.com/banqiaopolice/posts/2808318152564520","1576049161","新北歡樂耶誕城最令人期待的大型演唱會即將要開始囉~耶耶耶

 板橋分局提醒前來耶誕城的民眾務必注意人身安全並以大型電視牆LED宣導「勿伸狼手、黃嘴勿出口」以防制性騷擾情形發生讓民眾享有乾淨又安心的耶誕饗宴！

 #新北市歡樂耶誕城

 #勿伸狼手_黃嘴勿出口

 #防制性騷擾","1578999631","","","","","",""
"https://www.facebook.com/banqiaopolice/posts/2814120645317604","1576262506","#板橋文化路設新北市首條公車專用道
#一般車開進會被罰喔","1578999623","","","","","",""
"https://www.facebook.com/banqiaopolice/posts/2794313800631622","1575519433","#《新生訓練》
#《職前訓練 》
https://www.facebook.com/583165068442781/posts/2617618438330757/","1578999622","","","","","",""
"https://www.facebook.com/banqiaopolice/posts/2708887445840925","1572240157","聯合國戰地醫生需金援？ 高知識分子遭連環詐！
刑事警察局呼籲，切莫過度依賴、信賴網路交友，慎防在網路中暴露過多個人資料，如遇可疑為詐騙的情況，請儘速撥打165反詐騙諮詢專線，以免讓自己成為詐騙集團口中的肥羊。
https://m.ltn.com.tw/news/society/breakingnews/2958923
https://tw.appledaily.com/new/realtime/20191027/1654865/
https://www.ettoday.net/news/20191027/1566330.htm
https://udn.com/news/story/7320/4128653
https://www.setn.com/News.aspx?NewsID=625491","1578289694","","","","","",""
"https://www.facebook.com/banqiaopolice/posts/2747884815274521","1573801140","","1578289694","","","","","",""
"https://www.facebook.com/banqiaopolice/posts/2852232831506385","[Error]: TypeError: Cannot read property 'attribs' of undefined","","1578999620","","","","","",""
"https://www.facebook.com/banqiaopolice/posts/2758641634198839","1574211026","板橋分局交通警友站暨顧問團彭站長￼，蒞臨板橋交通分隊；慰問分隊同仁擔服歡樂耶誕城交通整備工作辛勞。","1578289694","","","","","",""
"https://www.facebook.com/banqiaopolice/posts/2794518857277783","1575527462","#新北警跨界合作 
#電動自行車宣導團8種語言攏欸通","1578999623","","","","","",""
"https://www.facebook.com/banqiaopolice/posts/2694110143985322","[Error]: TypeError: Cannot read property 'attribs' of undefined","","1578289694","","","","","",""
"https://www.facebook.com/banqiaopolice/posts/2782232805173055","[Error]: TypeError: Cannot read property 'attribs' of undefined","","1578999643","","","","","",""
"https://www.facebook.com/banqiaopolice/posts/2741055065957496","1573535165","","1578289695","","","","","",""
"https://www.facebook.com/banqiaopolice/posts/2787546721308330","1575271192","中央氣象局低溫預測
今(2)日晚上到明(3)日清晨將出現10度左右低溫，請各位民眾注意保暖。

 #板橋分局關心您","1578999629","","","","","",""
"https://www.facebook.com/banqiaopolice/posts/2776005965795739","1574845274","個人理財節稅與財務規劃是近年來熱門議題，板橋警分局特別於27日舉行分局聯合勤教時，邀請到永達保經林瑞郎講師主講說明保險儲蓄、銀行貸款等金融規劃及財務管理案例，實際傳授快速累積財富的方法，讓平日辛勤在外執勤的員警們，對於理財規劃有了更深的認識與想法。
會中說明生活中小從信用卡、保險及投資理財，大到買車、買房貸款等，多與金融服務業有關，運用相關衍生的金融商品致富概念也逐年增加。現代人為追求更好的生活品質，部分會以借貸或分期付款等方式購買高額商品或服務，當支出遠大於收入，難免會有債務產生，如何有效快速累積自身財富，避免提高自身負債比率，合理的稅務規劃等議題，更是身為警務人員應該認識的重要課題。

 板橋警分局長林富助表示，警察生活較為單純，對於個人理財較不擅長，培養正確金錢觀及如何妥善理財規劃，並提醒員警「創造 累積 享用
傳承」原則，以妥適理財運用財務，累積個人信用；與會員警透過本次課程，更加了解國內經濟狀況與與金融商品市場新訊息，針對個人理財觀念有更進一步的了解。
板橋警分局特別舉辦本次講習活動，以深入淺出的金融常識觀念，分析當今國內外經濟情勢；結合各項財務指標，讓與會警務人員得到富足退休人生的理財規劃方向。","1578999623","","","","","",""
"https://www.facebook.com/banqiaopolice/posts/2826177090778626","1576739429","#破案咖
#局長限量馬克杯

 
新北市警察局陳局長特於今(19）日親臨本分局偵查隊，對於日前偵獲治平對象組織犯罪案，展現警方守護治安的用心，特頒破案咖禮盒及限量馬克杯，對維護治安奮力不懈、不畏艱險精神，特為表揚，稱讚
👍👍👍！也慰勉同仁辛勞，本分局將持續努力，為市民維護安居樂業的環境。

 #NTPD局長室
#新北市政府警察局","1578999629","","","","","",""
"https://www.facebook.com/banqiaopolice/posts/2715425281853808","1572511130","#敦親睦鄰共度萬聖節
#板中學生到板橋警分局唱歌不搗蛋","1578289695","","","","","",""
"https://www.facebook.com/banqiaopolice/posts/2727995050596831","1573023942","#因應水管破裂搶修
#即時交通管制區域
#請用路人即早因應或改道行駛

 
板橋區館前西路與南雅南路一段交叉口水管破裂，疑似為1000或1100mm管徑之水管，現場漏水量不大，目前已通報各管線單位到場，預計14時開挖搶修，預計施工48小時。

 👉開挖後預估影響及因應：
停水影響：香雅里、自立里、自強里、光榮里、社後里、華福里、鄉雲里、華興里、華貴里、華東里、福丘里、民權里、建國里、光華里、留侯里、黃石里、赤松里、流芳里、湳興里、新興里、信義里、挹秀里、漢生里、民安里共24里。
減壓範圍：香社里、國光里、公舘里、港德里、港尾里、新生里、金華里、中正里共8里。影響約7500戶。

 👉自來水公司1600將預先設立3個取水點，分別為府中456特區、接雲寺及昇陽文薈（板橋派出所旁）；請民眾加強備水。
👉交通影響：交通疏導由轄區員警派員協助，交通局將轉知公車業者14時配合改道。","1578289696","","","","","",""
"https://www.facebook.com/banqiaopolice/posts/2715324808530522","1572506138","#大觀派出所暖警溫馨助返家
#協助老婦找到回家的路","1578289696","","","","","",""
"https://www.facebook.com/banqiaopolice/posts/2813055148757487","1576226481","🎁1212購物節一過，相信您錢包瘦了
但……..
詐騙集團正在覬覦您瘦下的錢包
準備使用「解除分期付款詐騙」來絕地大反攻
請注意，接到網路平臺或電商業者客服來電
要求您📱☎️
『操作ATM』
『解除分期付款』
『重複扣款』
『升級VIP』
『購買遊戲點數』
請注意這是詐騙
請立即掛斷電話
然後撥打165逕行檢舉
保護您瘦下的錢包🔥","1578999621","","","","","",""
"https://www.facebook.com/banqiaopolice/posts/2843864872343181","1577426003","#警察不是奶媽","1578999620","","","","","",""
"https://www.facebook.com/banqiaopolice/posts/2755189284544074","1574076985","#支持新北警","1578289697","","","","","",""
"https://www.facebook.com/banqiaopolice/posts/2679527595443577","1571110996","","1578289697","","","","","",""
"https://www.facebook.com/banqiaopolice/posts/2693703120692691","1571630685","板橋派出所新駐地落成，提供更優質警政服務
【新北訊】新北市政府積極推動都更政策，讓都市更新越來越受大多民眾重視，警察派出所機關是你我的生活好鄰居，然部分廳舍多屬老舊建築，板橋分局板橋派出所舊駐地係興建於1981年建築物，迄今已達38年之久，因板橋地區工商業及人口快速發展，辦公空間已明顯不足；經市府及警察局積極爭取預算及用地後，新的板橋派出所已於日前完工，今日遷移至板橋區北門街17號新駐地落成啟用，分局呼籲民眾如有需要服務不要跑錯地點。
板橋派出所為市政府主導籌劃「新北市板橋區北門街商業區都市更新事業案」，該址原位於板橋區北門街及茶館街交界處，範圍內建築原為土造及磚造建築物，屋齡皆超過30年以上，建物老舊窳陋且耐震結構及防火安全堪慮，導致整體生活環境品質不佳影響市容。市府為促進土地再開發利用，復甦都市機能，改善居住環境，增進公共利益，爰依都市更新條例暨相關規定，研議都市更新權利變化計畫，以加速當地都市更新事業之實施。
市政府為致力改善警察工作環境，解決廳舍不足等相關問題，積極尋求轄內各級民代支持，本次都更基地為板橋分局所經管府中段917地號等13筆土地，爰分配板橋區北門街17號作為派出所新廳舍，由昇陽建設股份有限公司負責興建，於105年3月22日開工107年12月完工取得使用執照，並於今年4月30日驗收完成；新廳舍為地上3層、地下1層之建築，產權面積達774.91坪，可有效紓解辦公空間不足問題，提供更乾淨、明亮的環境供民眾洽公。
今日板橋派出所由板橋區文化路1段52號舊廳舍，喬遷至板橋區北門街17號的新駐地落成啟用；板橋分局長林富助表示，板橋所除以嶄新、前衛的廳舍展現於市民眼前外，員警將提供更優質的警政服務品質，積極打擊轄內所有不法，維護市民安全，讓民眾安居樂業。","1578289698","","","","","",""
"https://www.facebook.com/banqiaopolice/posts/2683580261704977","1571232504","#新北市政府警察局
￼
一、本分局板橋派出所警員李明軒，擔服10月9日10時至12時巡邏勤務之際，接獲勤務指揮中心通報，有ㄧ女子於南門街某旅館頂樓疑似欲輕生，李員隨即衝至現場樓頂，發現該女子坐於頂樓圍牆邊緣上，一腳懸空在外，身體搖搖欲墜，李員一面以溫柔的言語勸導該女子，一邊暗中觀察尋找適當時機接近，就在關鍵一刻，李員出手拉住該女子，將其拉回平台，順利解除危機，女子被拉下後，情緒仍相當激動，不斷對李員咆哮：「為什麼要把我拉進來」，並放聲大哭，最後由救護人員送往醫院救治，並通知家屬前往照顧及通報自殺防治相關單位協助。
二、內政部警政署秦駐區督察志建，今(16)日晚間8時，特至板橋派出所頒發獎勵金，以表揚李員處事積極用心，搶救民眾生命安全，成功阻止憾事發生，殊值肯定與嘉勉。","1578289698","","","","","",""
"https://www.facebook.com/banqiaopolice/posts/2696226810440322","1571734123","反毒大使張鐵齒","1578289699","","","","","",""
"https://www.facebook.com/banqiaopolice/posts/2756509507745385","[Error]: TypeError: Cannot read property 'attribs' of undefined","","1578289699","","","","","",""
"https://www.facebook.com/banqiaopolice/posts/2701057316623938","1571923068","","1578289700","","","","","",""
"https://www.facebook.com/banqiaopolice/posts/2805978022798533","1575958119","","1578999621","","","","","",""
"https://www.facebook.com/banqiaopolice/posts/2731789160217420","1573175857","#新北治安聯盟第七章尋人高手","1578289700","","","","","",""
"https://www.facebook.com/banqiaopolice/posts/2747765468619789","undefined","undefined","undefined","","","","","",""
"https://www.facebook.com/banqiaopolice/posts/2883423405053994","[Error]: TypeError: Cannot read property 'attribs' of undefined","","1578999619","","","","","",""
"https://www.facebook.com/banqiaopolice/posts/2878521358877532","1578728956","新北市警察局陳局長特於今(11）日親臨本分局偵查隊，對於日前刑九及刑一小隊分別偵破治平及賭博案，展現警方守護治安的用心，特頒破案咖禮盒及限量馬克杯，對維護治安奮力不懈、不畏艱險精神，特為表揚，稱讚
👍👍👍！也慰勉同仁辛勞，本分局將持續努力，為市民維護安居樂業的環境。

 #NTPD局長室
#新北市政府警察局","1578999621","","","","","",""
"https://www.facebook.com/banqiaopolice/posts/2875817392481262","1578625867","","1578999621","","","","","",""
"https://www.facebook.com/banqiaopolice/posts/2873824669347201","1578561391","板橋分局108年度12月份取締酒駕工作評核第一名後埔所、第二名信義派出所。由分局長頒發真好茶及警察寶寶。","1578999622","","","","","",""
"https://www.facebook.com/banqiaopolice/posts/2866923420037326","undefined","undefined","undefined","","","","","",""
undefined,"[Error]: TypeError: Cannot read property 'attribs' of undefined","",1586706939,"https://www.facebook.com/banqiaopolice/posts/3081466591916340",undefined,undefined,undefined,undefined,undefined
undefined,"[Error]: TypeError: Cannot read property 'attribs' of undefined","",1586706939,"https://www.facebook.com/banqiaopolice/posts/3076869975709335",undefined,undefined,undefined,undefined,undefined
undefined,"[Error]: TypeError: Cannot read property 'attribs' of undefined","",1586706940,"https://www.facebook.com/banqiaopolice/posts/3066944190035247",undefined,undefined,undefined,undefined,undefined
undefined,"[Error]: TypeError: Cannot read property 'attribs' of undefined","",1586706940,"https://www.facebook.com/banqiaopolice/posts/3076288415767491",undefined,undefined,undefined,undefined,undefined
undefined,"1585712189","《投資詐騙網站歹徒與民眾的對話內容》

 #投資
#賺錢
#兼職
#穩賺不賠
#保證獲利
#希望民眾都有辨別詐騙的能力",1586706940,"https://www.facebook.com/banqiaopolice/posts/3055695744493425","/165bear/photos/a.825549220837913/3006062002786613/?type=3&eid=ARB3riStQ2V_pLB6dcVn3RGo5zodVpHz64hjdJ_ubmnmot3g2Fuyj4lD_lWmlMRy1S4SXwI1hQ04NAKT&__xts__%5B0%5D=68.ARA3WEN67aNCltCxOiaaSyn2Vk3nnhb7kCv0NPevn6q9BGF7GptbL8fqyXo0fM3_uQjrTAJa3AnJRQ1xk5WfXUUy9JoV8M9V0XTmzHHIKq0F8Jd_b7m_Np2iGVuilrApJXQDvwfx9XTPVWDOQp5zFpclgAEieygg-LCpcgt8j5JuSXpdjb3gkcBgB9pH16VVo00fK-blvBN1ZP69NjScaRZcfVQtTUFO4TDqHsTPKD6qWi03ArqQNiUzgHOLTXfwDOOLuy8f5tXM_yz0v9QRu-Gpt912H_F3A1oxo7oCmBrzZlI2ZVM4p5ANzQFjTgJI5Nnyt7ko31s1brwT6GImbiTrT4oh_HKGJIldDRmtuxDVuepUDV77fg0HFZABKTId_URqZXd5xCn5phVoPQrG4zdIhs0gXyYSCMAMeYBFOsa5YxmUVLguMLD6rN9DOZlMi1A6pP3CjeAE6X9XhqEDbjfwXGnMEBg1_b458ewfX9EiQgY1DufEyHqS&__tn__=EHH-R","https://scontent.fbkk10-1.fna.fbcdn.net/v/t1.0-0/p526x296/91375694_3006062009453279_2610513180144697344_o.jpg?_nc_cat=107&_nc_sid=8024bb&_nc_ohc=gX0dwCdzdaoAX-7lGeB&_nc_ht=scontent.fbkk10-1.fna&_nc_tp=6&oh=5774c5182a5fabc170fd29cd2a404bc4&oe=5EB92F9E",undefined,"165反詐騙宣導",""
undefined,"1586472129","即刻停業，全面清查。

中央流行疫情指揮中心今日宣布，為維護民眾健康，自即日起，酒店和舞廳全面暫停營業。呼籲業者能共體時艱、配合相關防疫措施。

為落實配合政府防疫工作，今日下午我已轉達各警察機關主官，要求所屬各單今天晚上開始配合縣市主管機關、衛生、消防等單位實施全國性的舞廳、酒店營業場所停業清查，並律定由各分局分局長帶班，務必落實勤務執行，杜絕業者心存僥倖規避，不讓防疫工作產生破口，確保國人的健康平安。

防疫作戰非常時期，各項中央流行疫指揮中心的防疫措施，需要業者的配合與民眾的遵守，警察機關也會全力配合並落實執行，在此也呼籲大家，防疫期間，盡量待在家中，避免涉足人潮聚集、密閉空間及易造成群聚感染的場所，以降低感染風險。",1586706940,"https://www.facebook.com/banqiaopolice/posts/3075406775855655","/NPA4U/photos/a.827869690584027/2790632220974421/?type=3&eid=ARCYPn1aZqtmpyuYMiJF5N8gOPYnoSHEc3yjfsELScvT71dpyQTgyRt5Ygd5n_oLbEVT2PP6w5fVvK8r&__xts__%5B0%5D=68.ARACrngnryoyrNzWI2WNHYWBTWpeklBU--5TYZe9gDA8yib0dZZ83lAsLIN21yJBfQZgtFZtzqQZurr8PoayXOraw8txjcB-FHeT16MxpccHuunDmkOqUlu5NaQxtLAfN9UY_VjTb3disXpIejGbcST01UpED-59U3JLH3B2SdQWrCRiLkQqdfBEkuW1xHltklCr5ggPuBSw62vL21Bgje45cpMz7dltBhxAvokU3-PZ28GvUY58bt9lcwepbqOsRyf7ashFCL1GgD1UYuq8rl39YRL0TNKinBdTHxyCbPd-Iv1MKGix2lH2XVPRoSxmFP0lG0uWdU74F0x7NhBJ-6JbHCpdaFWwr2NB0AZWJrgcUm7PLmmski0OVoFlIzAvHv8JqCkArZoYG6gbZiSzIMiB6mw_bVwqP1Q_5_uKsLRVA-Bvx_Jkkmtkb6qP_bhXoZ7nsXcYFifjLQ8VQfKcJobDvwDKlGgN812EeQVP0AFi7CCxocfsM9YB&__tn__=EEHH-R","https://scontent.fbkk7-2.fna.fbcdn.net/v/t1.0-0/p526x296/93015589_2790632224307754_2428869860621549568_o.jpg?_nc_cat=111&_nc_sid=8024bb&_nc_ohc=mW85XiuQgNMAX-86rnz&_nc_ht=scontent.fbkk7-2.fna&_nc_tp=6&oh=9dd2a22e05d104fc53517c2f400bed98&oe=5EB910D5",undefined,"NPA 署長室",""
undefined,"1586583162","全民國防教育宣導",1586706941,"https://www.facebook.com/banqiaopolice/posts/3078290318900634","/watch/?ref=external&v=204440650799955&__xts__%5B0%5D=68.ARCZb06Q8APjlA5z4CWApAZOfgGz53yTsE3A1WtTynb6fe6sYUPrkluk9qcfABlPcqfZ80kwxT7r3GbKmfgnDzsRWkYtzKWIQQHh7slv59vbwBFJv2H9HJWLUwiRkXjhCUFkgkwxmsfuKv9oSsxYLAs-NOgMkdCH7W0lffxwr0qkzleHEXk4x7ArxT6vtPAOnWYIGzxXa5QuOAGW0WX0bc1vSxywLQBwvns20rMYqBpESe3HwuN1lMGJPuCKGNN25q2_17_XkksR-0ZOb5X_dtrgxMMtZvuPkH-rduMwO6289QSbeM08zg18vBKeWHcyeA9OxWOY9qVlDHYgdQzEGOPeiPkRIojOQv2PWoTb12cKf_91YJVNhxHeqW2YG8RO_iyy-1zoKas5vsZGdTo6AXWA7Ptg-6zRvHnNS7S0RTqhEcRFDnZcq9vqzdGdlDb6J2P1i8I3DFAOuw6e5TouFEtEaPCNyBuh7I7PDUeWVozxVmvPGLH7m8iuHYu6GhndYQ&__tn__=kFFHHH-R","https://scontent-sin6-2.xx.fbcdn.net/v/t15.5256-10/82542869_204445294132824_1270689469208461312_n.jpg?_nc_cat=105&_nc_sid=f2c4d5&_nc_ohc=FbHN4EknqAUAX9k9p0S&_nc_ht=scontent-sin6-2.xx&oh=39e47ac9df3d2b52eded24e1bb3294d3&oe=5EB740B3",undefined,"國軍文藝金像獎微電影-雄獅勁旅","Posted by 全民國防教育專頁"
undefined,"[Error]: TypeError: Cannot read property 'attribs' of undefined","",1586706941,"https://www.facebook.com/banqiaopolice/posts/3044540738942259",undefined,undefined,undefined,undefined,undefined
undefined,"[Error]: TypeError: Cannot read property 'attribs' of undefined","",1586706941,"https://www.facebook.com/banqiaopolice/posts/3078067212256278",undefined,undefined,undefined,undefined,undefined
undefined,"[Error]: TypeError: Cannot read property 'attribs' of undefined","",1586706941,"https://www.facebook.com/banqiaopolice/posts/3066953500034316",undefined,undefined,undefined,undefined,undefined
undefined,"1585714244","#將防詐達人加入LINE好友",1586706941,"https://www.facebook.com/banqiaopolice/posts/3055739307822402","https://www.facebook.com/165bear/?ref=nf&hc_ref=ARShc_3cjyZvbhjD0eq9kRenOdwq81tvpQUzD92ljRdcshteigVXOgckS4SCVxu-RPU&__xts__%5B0%5D=68.ARCudGD1Oyk9T4xg7bAqWknY5s9kauirrBSijWKcrG7TYiWK4ttdehbAQvAdU1r2uN4XyUPr-apdIPybaFREQq6gQJZk_jRUtIXudaRVxRFUdHIQ1F4tCKTIoSZ7QUqUceRjS0Ct0BPBlSJPG95KE3YxitWt-S7-LTBNEOntEmSh8uy-X9C1DTR5urXOR15yY455O5v92eQDe1uqHwwzgngEb_B2K0SZ0WazTXOPhZXiM0AVfXHnN59vcc2pT-VN0IrYiLRTGyWIrh10-1HFvdbrXR2tTLQuEZPpsvcyUjySpu44PxpIzPAMMBkxPWQ17nbwo-NEpMiHatXicpQTA_BPUMvrz93b1O2a8zSJZQOoYx-zs4ZcxoVPO2qpNiWRe9L0VcrJAR6efuFvvGC5mAkCWdN2JgNSELp8nkkmLkFXWoRcpjUFRKaYyfhY_uWSyGv8cSQIMttRSgDmkdW_mZDdnz0C0CTgymsFexnbhd2qmt3B6tdd38x1&__tn__=%3CH-R","https://scontent-sin6-1.xx.fbcdn.net/v/t1.0-1/cp0/p32x32/11149444_896887717037396_1585936126690271044_n.jpg?_nc_cat=107&_nc_sid=dbb9e7&_nc_ohc=49WsZ67yxcUAX9IYQU9&_nc_ht=scontent-sin6-1.xx&oh=e7f67fdf9725e8d7da36a66bdabc3848&oe=5EB8A02D","165反詐騙宣導","165反詐騙宣導",""
undefined,"1585818570","#疫情雖升溫漫延
#維護治安0假期
#感謝板橋所及後埔所同仁的努力",1586706941,"https://www.facebook.com/banqiaopolice/posts/3058380947558238","https://l.facebook.com/l.php?u=https%3A%2F%2Fwww.chinatimes.com%2Frealtimenews%2F20200402002342-260402&h=AT3lGDIx90KpgV1FjOOQU-nZizaXp_T_m_3Fi3dMURm47amVFoIjOu_-zg28CHFiBqF5VOWDI2xTFrq3ulpBLWzCxw6TsmqUYQnmnWTbxvC8VfM5jYEyk3gFAhCXS81jur3tQGJrefRkrEBEBsE4CC-afkJ3E1FivFSI-S2fLLjCpFVrOTHK7ybDrf-5icKI3sdOBpIQYga8cN2C5g0TdCmUl0epH3PbO5LRwhEOVoaTCUzVhg0N9yaOT49lLifAW9bS22kNwBkWiku4OUezBxCI-07jAlOeiZHSTqteG99GHNSCe0m9VhUMCzWAsZHtlnQzqzCfPbsaXemUU-_PkrZQfWBvfIIkgTowc1wIIU6HQFoJo1uyP5w6JO_TEJJTW_22YExl0A0G7aJdajnqiYQ5bDvdIy4ZCfDIUh8tWxBWyYhdUco9dQZEyabpHKs_C2jWqg68Cvxh2qYl1cTI-jCsHA0ECeHKKQ8NWrXGTec7_hxVg_kJTl7uQVL4vVigWbejKnOa7r-6pPo4VVQ5UJc4WiCOiwbD_JXHsYKWi9cOUY62TJXufShWXM55FxQhBbrP5p0Qujqy7JAitFqwF3zfBqFA7KMCIAmUKxjWrAiCoxstUlCHRPL-1lkmMNddaU10p9UUfX8jSc3oC6k0tdU","https://external-sin6-2.xx.fbcdn.net/safe_image.php?d=AQCMBK-WpCYHPE-z&w=540&h=282&url=https%3A%2F%2Fimages.chinatimes.com%2Fnewsphoto%2F2020-04-02%2F900%2F20200402002343.jpg&cfs=1&upscale=1&fallback=news_d_placeholder_publisher&_nc_hash=AQBvZekv90fOxkwI","新北市板橋警分局後埔所員警鍾稚鈞成功阻止詐騙集團。（板橋警分局提供）","新冠肺炎疫情蔓延，詐騙集團也搶搭順風車，利用人性弱點詐騙被害人，新北市板橋警分局板橋派出所及後埔派出所員警，2天就成功擋下詐騙金額52萬元，讓差點受騙上當的婦人破涕為笑。據了解，49歲蘇女在家中接到詐騙電話....","chinatimes.com詐騙集團疫情期間持續騙 警2天阻詐52萬 - 社會新冠肺炎疫情蔓延，詐騙集團也搶搭順風車，利用人性弱點詐騙被害人，新北市板橋警分局板橋派出所及後埔派出所員警，2天就成功擋下詐騙金額52萬元，讓差點受騙上當的婦人破涕為笑。據了解，49歲蘇女在家中接到詐騙電話....新冠肺炎疫情蔓延，詐騙集團也搶搭順風車，利用人性弱點詐騙被害人，新北市板橋警分局板橋派出所及後埔派出所員警，2天就成功擋下詐騙金額52萬元，讓差點受騙上當的婦人破涕為笑。據了解，49歲蘇女在家中接到詐騙電話...."
undefined,"1586079726","新北市長侯友宜今(5)日召開第35次新冠肺炎防疫應變會議，對於清明節連假期間，人潮湧入全台各大風景區，他擔憂群聚現象會造成防疫破口，指示市府各機關留意收假後的境內管控狀況，也再次呼籲民眾「不要趴趴走」，別讓這陣子的努力都白費；同時，市府大樓自6日起落實強制戴口罩措施，為市民及同仁健康把關。

 
侯市長強調，新冠肺炎是「社交病毒」，他不斷的宣導民眾避免到人潮多的地方，與人接觸也要保持適當距離，尤其當風景區的旅館訂房率達到七、八成時，就可能出現防疫破口，讓疫情快速蔓延。侯市長指出，不久前，台中大甲鎮瀾宮媽祖遶境活動被民眾批評而停辦，此時清明節連假卻有許多民眾聚集到風景區，令人擔憂與難過，可能讓先前的防疫努力都白費了。",1586706941,"https://www.facebook.com/banqiaopolice/posts/3065156676880665","https://l.facebook.com/l.php?u=http%3A%2F%2Fwww.secjie.com.tw%2Fnewsview_4349.html&h=AT1PdPEwD8FFEYJBzduUU3SHjDFm9ZINv5DswfMqYQyQahVvJGEjkWBIwaF6yAy4VoKS5J2Pj9sch_DmcJ38yPDzwuvYowlAt7UWaagufhUlTPxa2z-05b9DPBt28Db0prrpRUMm62qN_wzGyTOsSDh21VjXDNLc8QJd5Qpt9QXNepmRTNUGaA-L_ao-_opB_R9fOyGwhjx2nEPLlAdodQf3mXspxljg4VsE3V1QIFTIAoAgJj8BbAPpcJHVvydK0x8moaHvnIAKoJVSitRIdDEFb53F0RIo1IA0opp8P26HYmk1g8dFxJuUb-2otD86ARttxmsUiV2Qd568phkvHJwsv78o94EzIKiqV9m-aAIy7gjZ9UGXu1LQfuTHeyPi3kFO4lvFMJA9NCaDsxzyabBGfSoYlRHMXCJspf0DRrql5kaGZiK_K5f54A_qHxgarc9JxeLNLq-5ZtN5GiZy9BK52ae7jpxndk4ZfFoPB2gkDGLz8E6x-DKP2HGGao9Rkf9TURaqFzDA71DjQk3oU3AxE_FrXvSgY2vlbn1SvG656mvcKgSUkDNClOs8l6QHGPYhvAxA06WM8X_tVhrD4cilVx7ZkOXsXzzUYPfVALkPnlGNQuMILoj68Zn_-QCv6pMpDlkzkMhegK6V","https://external-sin6-2.xx.fbcdn.net/safe_image.php?d=AQBTcx2sbBeJgPrx&w=540&h=282&url=http%3A%2F%2Fwww.secjie.com.tw%2Fupload%2Fnews_20200405155202.jpg&cfs=1&upscale=1&fallback=news_d_placeholder_publisher&_nc_hash=AQAGUEeblrOaWo0J","新北市政府六日起進入強制戴口罩","秒捷新聞我們客觀紀錄情事原委、發掘人物真性情、闡揚正義良善文化，在您看不到的角落給您想了解的真相。","secjie.com.tw新北市政府六日起進入強制戴口罩-秒捷新聞 / 真實、敏銳、快速、即時呈現事件動態秒捷新聞我們客觀紀錄情事原委、發掘人物真性情、闡揚正義良善文化，在您看不到的角落給您想了解的真相。秒捷新聞我們客觀紀錄情事原委、發掘人物真性情、闡揚正義良善文化，在您看不到的角落給您想了解的真相。"
undefined,"[Error]: TypeError: Cannot read property 'attribs' of undefined","",1586706942,"https://www.facebook.com/banqiaopolice/posts/3040372459359087",undefined,undefined,undefined,undefined,undefined
undefined,"[Error]: TypeError: Cannot read property 'attribs' of undefined","",1586706942,"https://www.facebook.com/banqiaopolice/posts/3056000647796268",undefined,undefined,undefined,undefined,undefined
undefined,"[Error]: TypeError: Cannot read property 'attribs' of undefined","",1586706943,"https://www.facebook.com/banqiaopolice/posts/3055676431162023",undefined,undefined,undefined,undefined,undefined
undefined,"[Error]: TypeError: Cannot read property 'attribs' of undefined","",1586706943,"https://www.facebook.com/banqiaopolice/posts/2998014043594929",undefined,undefined,undefined,undefined,undefined
undefined,"[Error]: TypeError: Cannot read property 'attribs' of undefined","",1586706943,"https://www.facebook.com/banqiaopolice/posts/3037569029639430",undefined,undefined,undefined,undefined,undefined
undefined,"[Error]: TypeError: Cannot read property 'attribs' of undefined","",1586706944,"https://www.facebook.com/banqiaopolice/posts/3065025243560475",undefined,undefined,undefined,undefined,undefined
undefined,"[Error]: TypeError: Cannot read property 'attribs' of undefined","",1586706944,"https://www.facebook.com/banqiaopolice/posts/3065018720227794",undefined,undefined,undefined,undefined,undefined
undefined,"[Error]: TypeError: Cannot read property 'attribs' of undefined","",1586706944,"https://www.facebook.com/banqiaopolice/posts/3053770308019302",undefined,undefined,undefined,undefined,undefined
undefined,"1586073805","#清明連假 #總柴連假計畫公開 #衛福編編關心時間

🐶（社交距離）🤓：連假大家好好休息，繼續 #正向防疫 喔～

#肥皂勤洗手 
#保持社交距離
#臺灣加油
#謝謝所有第一線防疫人員
#謝謝每一個願意配合的你
#其實這似乎是總柴365天的計畫呢
#歡迎大家採納總柴的行程",1586706944,"https://www.facebook.com/banqiaopolice/posts/3065016993561300","/mohw.gov.tw/photos/a.484593545040402/1523787261121020/?type=3&eid=ARBwVKuNfWcssBNRpjeY5R1FtZWSPQ-NBaW1b28EO0API1xBECD3XxglFdK-ivauKNi3-wJKuCaNcgRL&__xts__%5B0%5D=68.ARAWL5ecx2jMuZT44IakZeYHwUMYHvLL7x-b__B33vjpgzFc-L_X2YteU8fsen2p0_D0HnbPLM_LoXusV3GI3j5UMsYu6u1g_XFqKkIrW42tWp_0-JBDd33QLCDdlGZ659wGtxrKL-OKl5S3_4ULQ9Maz7Cx6ygFoIR9j4w2JFywUOQAUjWM-BgfhPiiHyvrB3hLeKpvwI066nKV9JAf5pNbkYax-TZgxZTa3HtrdZGARbWO40Pi9hGnkjN5J-N7hUN2Sq3AhRqU9M1XLBLJ-GfbKKrLPPwgsUaAJtR7WCE_Ulll9F8Q5qAqF6ftWlwGyjW2ilHDWEKd-1flyud_deTNsNt8xtfl33GXX3_c3zquB6QW2_LuwXtZDcxDuxCf6R3phuxaBhq4I5kGrEwjv9WWw8vyJSltMLqXUsNY9_lwaxCdFefNCFnin-H0fUw1RiNRdoFGguUL2ojASS9acOUaKgF3E13qzZcyvzRwmeXIXW4F0_UNsmX9&__tn__=EEHH-R","https://scontent.fbkk10-1.fna.fbcdn.net/v/t1.0-0/p526x296/92018529_1523787264454353_5822093688901206016_o.jpg?_nc_cat=108&_nc_sid=8024bb&_nc_ohc=Xpz1Qn4XEsAAX_ztTnx&_nc_ht=scontent.fbkk10-1.fna&_nc_tp=6&oh=99bbca4a45a6c0aa6a94044a8b3677fa&oe=5EBA36D6",undefined,"衛生福利部",""
undefined,"1586397312","#新北市超前部署 #行動治理 #侯友宜",1586706945,"https://www.facebook.com/banqiaopolice/posts/3073494126046920","/watch/?ref=external&v=626032217946452&__xts__%5B0%5D=68.ARCj15nNdLNphacpce0kx2xvk9PJCd7ZLNAkg-7M7e33gAbrpUo1fazu1-NruYP-6ZzMa6VbT8vJSrErdm2TlbWb3MQVZc7DuLOSNGCtV5vLTMdD2LSeFlqqjJ9fsfgL1q-jKEs59jF2NqFQnmJxPEJ9h5phmEK7RlzbGuDfwpt5fAWYGopXezncU4YS9icRMGXy1RpUaafktrdNvPKuPysBLogwd_uz7S1wlZLivUMzrxQOuQGqAG8j5nGczETfErQARHpOsC5Vb6GtZxeuclzAs6OwWMqYu5wNXR_FtTOZFkox52dOvy-1J8kLR7bNEpk6SBKFCrGJNX5RajN5Q22AuKrWFXh1UySwjFdb18Ux0oE9ezmAdHiqaPEeU6F3KpAzGEqcpxa02tKD4ju5ixx3-xkXvr6atQTZqEQ-D1FNLvi9oe6kJlCmQd4p42AUnIcAiNPolAWkpR7PH3SqqV-lpQFPC2s4nqs0obwJ8z54n-OJMdKDt2yZMhtYjuSXdX27&__tn__=kFFHHH-R","https://scontent-msp1-1.xx.fbcdn.net/v/t15.5256-10/92118128_626029207946753_1804332696105648128_n.jpg?_nc_cat=103&_nc_sid=f2c4d5&_nc_ohc=g0boMX6PqoIAX8WRrvW&_nc_ht=scontent-msp1-1.xx&oh=63963034a47efac13edaad43aada436e&oe=5EB7CEF0",undefined,"視察學生乘客戴口罩搭公車","Posted by 侯友宜"
undefined,"[Error]: TypeError: Cannot read property 'attribs' of undefined","",1586706945,"https://www.facebook.com/banqiaopolice/posts/2998274000235600",undefined,undefined,undefined,undefined,undefined
undefined,"1585713971","⚠️本週可疑簡訊數量飆升⚠️​
含有連結的簡訊不要輕易點下去❗️​

 這週暴增了500多封釣魚簡訊🚫​
小心誤點到詐騙連結❌​

 立即打開 Whoscall 「簡訊功能」✉️​
✅封鎖詐騙號碼​
✅警戒釣魚連結​

 #Whoscallx165防詐週報​
#Android簡訊限定功能

 https://www.facebook.com/825525160840319/posts/3004031659656314/",1586706945,"https://www.facebook.com/banqiaopolice/posts/3055734271156239","/WhosCall.Taiwan/photos/a.149197485198070/2793399364111189/?type=3&eid=ARDE4EnyKRlyI_3I-MYLGrCYqRmQshuIib-2pJru2K_jBd2Lc7JGS91IDuJZyeV-s-pdlSymW1ZAixnq&__xts__%5B0%5D=68.ARCNfHqbq3Lz1_vEBNSzmooVFkx3lWqK2k1yCT9wlWp7Y-ArfBlqcCrlxN21jnOzsgzNrKNGbbEnWQe_hwQpAMu0Poz0JtQKZBn8iSlaMk7TI06VyyEHRjPwyx2No-wqsQ9mIC7qencWjfOASma-tIZfEKYR1jzwu1qQRnomP_UMmkTYsfzSPA6OOajp6Zi-6GrQB6s4NM_EiPkoBzPCPkrzg5LLWaNcqlgo9bmoC5mgA4QMlvgL604pPeN9UknE29JMRs1lR0jqB71Sq8sIaD34ekRyJtets_vudeKwAYRr9K8EM0N5veYLRa_7Cr-VM66NXJsVc8Jyr30VR_kYXSNx3fkkfG9Noz7jUzZvHKrvh3ucf-AhBIhSySnsPzp_ux42UN_MKiwt7BdRO0BaYod0uylxTtnsawTXC5rg5mlKucESRyz0U4zVjVDh_xeI24FgVXQ6631QNPPesVdNO7-932qvb32qhJaR-9wut8c4cVdqSJZ7e-KhcrSLGyCHiAa6srvcfzilw3sHqDxqfmoHnDfDfF-vzrcnotWAfm32B7RW07eHRrhZrhG0vB_bCLTToNwX27pgaw&__tn__=EEHH-R","https://scontent-sin6-1.xx.fbcdn.net/v/t1.0-0/s640x640/91904504_2793399370777855_2468826061635321856_o.jpg?_nc_cat=104&_nc_sid=8024bb&_nc_ohc=LVQeorMr8QUAX9MJeky&_nc_ht=scontent-sin6-1.xx&_nc_tp=7&oh=02d5d0cb9cf65c0fb5b817b06bc319f4&oe=5EB709DC",undefined,"Whoscall","165反詐騙宣導"
undefined,"[Error]: TypeError: Cannot read property 'attribs' of undefined","",1586706945,"https://www.facebook.com/banqiaopolice/posts/3062234420506224",undefined,undefined,undefined,undefined,undefined
undefined,"[Error]: TypeError: Cannot read property 'attribs' of undefined","",1586706945,"https://www.facebook.com/banqiaopolice/posts/3055867537809579",undefined,undefined,undefined,undefined,undefined
undefined,"[Error]: TypeError: Cannot read property 'attribs' of undefined","",1586706946,"https://www.facebook.com/banqiaopolice/posts/3055744004488599",undefined,undefined,undefined,undefined,undefined
undefined,"[Error]: TypeError: Cannot read property 'attribs' of undefined","",1586706946,"https://www.facebook.com/banqiaopolice/posts/2978718545524479",undefined,undefined,undefined,undefined,undefined
undefined,"1586160778","《防疫宣導》
⚠️連假後上班要注意的有這些",1586706946,"https://www.facebook.com/banqiaopolice/posts/3067343669995299","/ntpd.gov.tw/photos/pcb.2882482405177691/2882482078511057/?type=3&__tn__=HH-R&eid=ARB9013UP9fbpJ83SaBIJGC8PiXc00Cw0aDK0iXg3sjp_kJsYsICpuIP8ivElvKsDMd5zFlw-I4IaQg-&__xts__%5B0%5D=68.ARBiSZjAWaS720QMq4G4x9-3RK0KVqATnFMYun1FR0fbQjNZ6dGPjOpNWwCgmQ0GAUqGANLvw6bg7VnqSSbRcaqM79PbBc_tQ4gHzbl8Ez7KgEJ_FcdHnLCbTA0I6Hzgldhbd_p_bjE7tFo1zLJO3PX0nMRLgi2C2MBWaHZ65Hj1u5uI7ZoMG3P0w88F5ZgV8FK5ZgmSoEk7qz0VcH8xDQtv5MhI7hoSw9vEjBONXi8zTd0jeuI29PzIgy1dmWDdB-PBpR945esevBarGPtv8620BmWyZA3rGUbaK_v587uARS-LQhyxWrhhMQ9XyJI_A3jy_ZpDLjU723amDjB79g0ICSeFuHWbCHBixSc-sSOjXMV3rX2BYQkePTDHUqO1eijzuW5ZBmxfM8-mlnSEQbD8QwZrSNq-1xqsXI8Chdxetowb0hWHQVRpKnNEqE1FfXdfiZLd_4Gy1yEXmL6yFODA8D_quNs321QFMxkW_6-65ogOVehDF538","https://scontent-scl1-1.xx.fbcdn.net/v/t1.0-0/p526x296/92165115_2882482085177723_7914768030876303360_o.jpg?_nc_cat=110&_nc_sid=110474&_nc_ohc=Kus5sJyVyi4AX8tDV0A&_nc_ht=scontent-scl1-1.xx&_nc_tp=6&oh=4b87f92e621ba51e585913dd92aa54c7&oe=5EB75D8E",undefined,"新北市政府警察局",""
undefined,"[Error]: TypeError: Cannot read property 'attribs' of undefined","",1586706947,"https://www.facebook.com/banqiaopolice/posts/3055692821160384",undefined,undefined,undefined,undefined,undefined
undefined,"1584979529","為因應防範歐美返國民眾違反居家檢疫規定，23日由謝副市長、朱副秘書長、公安稽查小組及本分局同仁針對轄區錢櫃KTV實施聯合公安稽查任務，發現商家有多項重大違規事宜，遭公安稽查小組當場認定為「嚴重違規場所」，遂當場開出行政命令要求商家必須於30日內完成複查，此外稽查小組於KTV門口處貼上「嚴重違規場所」警示海報。板橋分局呼籲防疫無假期，居家隔離及居家檢疫民眾請勿違反相關規定趴趴走，為維護大眾健康安全，防疫期間亦請配合政府宣導的各項防疫措施。",1586706947,"https://www.facebook.com/banqiaopolice/posts/3036466853082981","/banqiaopolice/photos/pcb.3036466853082981/3036466213083045/?type=3&__tn__=HH-R&eid=ARA62y0dF5qPt2gAc6EEyftzTxf3dB14YugzV7a9V4Y7g9n4wJrGRKKO1LYcZEsRn7YGJGo0Xk-6nL-e&__xts__%5B0%5D=68.ARDxSkoflh4CHXhp-TpDmHswYEi7X1NDWntehmcqnK8MlMxksGv-_HmEifDMXG-Pl2Vkhz6xkpKkcoJHElc59caNn9iOZ0uiiWhYeliVJgSAFqT2cDk4TsYpGhiwbHbEHCq7jsN71wSlsxSB1b4SIkwMHXZsj1RAqiCNUfTXMWzzoqlSHoiE6gONQRwm2LAypjiT9zDProoDe4983j43f233lxYdbzSQgAXi5ywatYsLmULuqkBJ1z29zyyfdhpnHLgoSsMyvD0FhrLtDGkWhVfRsPnsumtIQ_A0xwlfL08CFDxkxM8Uyg17-eG4wOwditwhQhKIoOXF4TAvqYn9J29fUw","https://scontent.fbud1-1.fna.fbcdn.net/v/t1.0-0/s261x260/90234590_3036466216416378_6935415071052922880_n.jpg?_nc_cat=104&_nc_sid=110474&_nc_ohc=bKJANwHfIKoAX9wk6cs&_nc_ht=scontent.fbud1-1.fna&_nc_tp=7&oh=ffdfc6edcfa0fc2ff313587393d081aa&oe=5EBAA060",undefined,"+4",""
undefined,"[Error]: TypeError: Cannot read property 'attribs' of undefined","",1586706947,"https://www.facebook.com/banqiaopolice/posts/3072334029496263",undefined,undefined,undefined,undefined,undefined
undefined,"[Error]: TypeError: Cannot read property 'attribs' of undefined","",1586706948,"https://www.facebook.com/banqiaopolice/posts/3035364156526584",undefined,undefined,undefined,undefined,undefined
undefined,"1585712531","#亂傳「台灣放假兩星期」假消息 男遭板橋警方送辦",1586706948,"https://www.facebook.com/banqiaopolice/posts/3055703317826001","https://l.facebook.com/l.php?u=https%3A%2F%2Fudn.com%2Fnews%2Fstory%2F7321%2F4457910&h=AT3rGHld5D48837YK7bNEkwBcebU-M2fHpYTOyB73QGmJCE5YBQc4j2YCUnNe8iCUXENXTRlcA_2g12rAzeHxVtzKIBNQvZfmnEleeAK_dRlTBWfT-a4EuhzoFbKIhUaItaXQjEHBIFtJ1jWMR1BrUDe-6i3FVeb0Jom3_ygZNdruUiLqShrytQUOcSLdw0reYcCf7_kaANyX0G8aI3YNxKRSSl9ZqBADOg7c9pkfVMFtDKSbDIanNLMN3jstIY-VKZi40PLpbx0HBwpUUFbNjW_i77hBO4XkP1c-0K2TC0paW04pZJ1diRvbNhtevoiwazfVLtHhdU41r6sOODOXs350t7znPU4rnCF0_mDtAvGhoWdPK3cOMwOw47lQgeneCTBxMNVqZHCLGMDf5UOE4qtU4phguRyNvPIrhEdyxD2MZX5vRZUehxenBAnoCXDz_A6K5ghOSlnelipMyIwlCdpvviah3C28ArYfOzFqqZm1yqlqOHyC9sOPGalRgy4cJ-TUn1oZRnni7J4xhDns0QyxjX1VXcSfyhu_KYWmc5B_etboLU35D1FhPqz-I8lkmbzU2oqg7xNq74NT7akMkqHW4klPI5aT7l-qeYEPlx15T4OVMAZG2WYDu3IFyrVRi1JkmN3kQRLWHbP","https://external.fbdj4-1.fna.fbcdn.net/safe_image.php?d=AQBazvHpSXPvV03z&w=540&h=282&url=https%3A%2F%2Fpgw.udn.com.tw%2Fgw%2Fphoto.php%3Fu%3Dhttps%3A%2F%2Fuc.udn.com.tw%2Fphoto%2F2020%2F03%2F31%2Frealtime%2F7670884.jpg%26s%3DY%26x%3D0%26y%3D6%26sw%3D865%26sh%3D576%26exp%3D3600&cfs=1&upscale=1&fallback=news_d_placeholder_publisher&_nc_hash=AQAaLrpcbzHfLBSP","Keterangan foto tidak tersedia.","38歲鄭姓男子日前在通訊軟體Line群組內散布假消息「台灣明天起實施COVID-19新型冠狀病毒假期兩個星期」遭到板橋警...","udn.com亂傳「台灣放假兩星期」假消息 男遭板橋警方送辦 | 聯合新聞網：最懂你的新聞網站38歲鄭姓男子日前在通訊軟體Line群組內散布假消息「台灣明天起實施COVID-19新型冠狀病毒假期兩個星期」遭到板橋警...38歲鄭姓男子日前在通訊軟體Line群組內散布假消息「台灣明天起實施COVID-19新型冠狀病毒假期兩個星期」遭到板橋警..."
undefined,"1585121755","#宮廟活動不利疫情控制板橋分局盼共體時艱暫緩辦理
#不要趴趴走
￼",1586706948,"https://www.facebook.com/banqiaopolice/posts/3040190529377280","https://l.facebook.com/l.php?u=http%3A%2F%2Fwww.taiwanhot.net%2F%3Fp%3D807153%23&h=AT1DeNKEOV_hfSvxJ0FE5561uhxnKgEY-knmSNgwwYjrdRUDFlGiMYJPiRzXbkiZRT45z9tVdqsRmSAgA4yS8WR_OcXp-VcOdgvKowKKUvp2wvfWY4C5Xh8EoqbieJkLRqSgSnbvNMXn8Vp31YHpc8MO3o4AFDVzcA83U1LsBYyfcZG9BBBJ-ke0TAIdVSdOUaeXro_k8zvkSF67GobDkEpC5n3KocTrauz7pCJ2yS6vN53weaxVXF1Xs8veKhwFEA14hLadttdxQaLCD-BlpZm-Y-3v6Tg437t08TIXN_1FfyE6zHYTj22eojKf0Ps0KWghY0DbV_GbV_p5kuZcgWnD4ydYDH43g23aXdnR4om3Y-w6fPTh36KMiz1Ps-c_Z5wPdAftHay_z3qkh_LfQtqFvBXFOvWgCHT4hibcLsbp4BZLB39R5rMxbug93vFYcyT5_7bDkMxbHfqeXDPcbXm_HUv2leFel3SQWTfQrf9cq7WekBtVXDiuRlIv4mLFFnSlGY7hF4waw3H7nWZyt3nDqzItp6TWxZMHn3XxUpjSlymJUS1LklG_6UhukPYLK78BogS8vMAVzKJt8F7x9dQnqvleWCe-VKXGcvXiRD7Grrmj9TAcbBSDVqmFgJZfJpvBA0QWeRy2HVwG","https://external-bom1-1.xx.fbcdn.net/safe_image.php?d=AQD0pu7BDZAz49IQ&w=540&h=282&url=http%3A%2F%2Fwww.taiwanhot.net%2Fwp-content%2Fuploads%2F2020%2F03%2F5e7ac197336a1-600x450.jpg&cfs=1&upscale=1&fallback=news_d_placeholder_publisher&_nc_hash=AQBQrz61ejQ6bUu9","Image may contain: one or more people, people standing and indoor","板橋警分局協調轄內協龍宮及雲天宮廟會活動，都能獲廟方配合同意取消平安餐、康樂隊等活動，改採人數較少以內部誦經法會方式舉行 板橋警分局考量宗教活動會有大量且長時間人潮擁擠或密集接觸，不利疫情控制，經協調.....","taiwanhot.net宮廟活動不利疫情控制　板橋分局盼共體時艱暫緩辦理 | 台灣好新聞 TaiwanHot.net板橋警分局協調轄內協龍宮及雲天宮廟會活動，都能獲廟方配合同意取消平安餐、康樂隊等活動，改採人數較少以內部誦經法會方式舉行 板橋警分局考量宗教活動會有大量且長時間人潮擁擠或密集接觸，不利疫情控制，經協調.....板橋警分局協調轄內協龍宮及雲天宮廟會活動，都能獲廟方配合同意取消平安餐、康樂隊等活動，改採人數較少以內部誦經法會方式舉行 板橋警分局考量宗教活動會有大量且長時間人潮擁擠或密集接觸，不利疫情控制，經協調....."
undefined,"[Error]: TypeError: Cannot read property 'attribs' of undefined","",1586706948,"https://www.facebook.com/banqiaopolice/posts/3073485286047804",undefined,undefined,undefined,undefined,undefined
undefined,"[Error]: TypeError: Cannot read property 'attribs' of undefined","",1586706948,"https://www.facebook.com/banqiaopolice/posts/3055762464486753",undefined,undefined,undefined,undefined,undefined
undefined,"[Error]: TypeError: Cannot read property 'attribs' of undefined","",1586706948,"https://www.facebook.com/banqiaopolice/posts/3071796956216637",undefined,undefined,undefined,undefined,undefined
undefined,"[Error]: TypeError: Cannot read property 'attribs' of undefined","",1586706948,"https://www.facebook.com/banqiaopolice/posts/3055684094494590",undefined,undefined,undefined,undefined,undefined
undefined,"1585712347","165反詐騙諮詢專線公布109/3/23-109/3/29民眾通報高風險賣場(平臺)
有歹徒假冒「愛上新鮮」、「MOMO」、「小三美日」、「86小舖」、「NuPhoto拍立洗」、「FreshO2」、「韓式作風」、「松果購物」、「蝦皮拍賣」店家名義謊稱訂單發生錯誤，要求民眾操作ATM解除分期付款。聽到「訂單錯誤要操作就是詐騙」!",1586706948,"https://www.facebook.com/banqiaopolice/posts/3055699421159724","/165bear/photos/pcb.3005999239459556/3005998366126310/?type=3&__tn__=HH-R&eid=ARBbxE1ZigdL7os2RXTd0lB39HOGwDK08nH-lyuOozLK4PY84RbxwFuxsEqipw1dC1ZyhpAMSMYxkpHc&__xts__%5B0%5D=68.ARBujcTWGzXz5adnCQzc4IMbz-2pbynG0hPPAfPaZPWjdvuKcQdij3xRN1pqSJ3s0hNPcw4TIU4qEmQJ7OZPFtgobmMY8165cNx9LDbSwKuE7IRmhR6vcbysuWIJ5KDTlnhkABjsz6JWWibkJzdX0J48hr0GlDmtFmPmqM9nh5aZfBl9HqdrMS691Zf8qKeCvJsfhuIYgWmZOkZ3P9e42pMkVLCVgUitWoMLU5Z4X-ooPhvQWfzcjw7jF8EE8TrWPQc34b-S9rszyApX7CVNt7inO2EWdzIa2Yiygo_8-5-yKtlIW9L00Pym0PIv0nGsVnYif07rSLnwRNZTtOAmGXdJsAKPWiI5xIIjGAVVdx4BOGtYJMu5MNwtTIQzubZ5Df3OkLC0Nx_NEjgjZBa9RTtD8bvC7lhW4OTVyXsG2QKOmOClkGRKZh5hwvxppT4X60Bw9ikh1hKSTar6RMXFYzBgil4R8nRZkqGTmnANEF4xLsqXz1WEJb5o","https://scontent.fbkk10-1.fna.fbcdn.net/v/t1.0-0/p526x296/91625608_3005998369459643_3788205028162928640_o.jpg?_nc_cat=110&_nc_sid=8024bb&_nc_ohc=qgIDuPN-LLAAX9GuqT0&_nc_ht=scontent.fbkk10-1.fna&_nc_tp=6&oh=88fc2af944c6b993f00b5f137ffa1576&oe=5EB79E04",undefined,"165反詐騙宣導",""
undefined,"1585274733","本分局信義所警員劉益材、王人賢、板橋所警員莊偉濠等3人榮陞巡佐，於今（3）月27日辦理離、到職，因本分局巡佐缺額有限，劉員排名第一選擇直升本分局巡佐，另王員及莊員分別調陞中和分局巡佐及新店交通分隊小隊長，分局長林富助為恭賀及感謝劉等3員對板橋分局治安的貢獻與努力，特別頒贈紀念品#關公雕像#1座，表示恭賀之意，也期望他們學習#關公#的正義感，在新的工作崗位上繼續為治安打拼與為民服務，讓我們一起分享他們的喜悅與榮耀。",1586706948,"https://www.facebook.com/banqiaopolice/posts/3044415062288160","/banqiaopolice/photos/pcb.3044415062288160/3044414548954878/?type=3&__tn__=HH-R&eid=ARA9gy_bmQGoJ-GkTS5XeYusiizeXfZXeoN35AGsPjZEPgiuNXNnLwRLUKFi70paqLmoiJAQUb_udb44&__xts__%5B0%5D=68.ARDUTVRnxHZDNuqu9NZOWqCqrffjuWMOkXkgJUW6TxXMsoeYN06dpsez1rXLgt-2vZWafC2iW9d-d0YtkU7PZ0h1-X6OefAOlXZLw0MklMpXVNJ3BJT3tchyMJ8rs1OU7PFbmOZNkj173aLAbrR_BXFuCPRUEAvgxGwxsR0ifxtS3MCwUwpI87OX1odXamZfj3Kl8mNjE_ts8u3wu8USChRuSxeBLKGWA7LYe22bxsWp93QXsuw2lF7pZd3AmO_6fa5N6AsrQsY0vpCC7qO7imeQfYJ4gw-rt1AWXqbB7sNOsaSGMgYYMIR0_KoaFyxmww5223MBBaVcIFvZhW_2gYbNfg","https://scontent-sin6-2.xx.fbcdn.net/v/t1.0-0/p526x296/90246728_3044414552288211_8815453343208964096_o.jpg?_nc_cat=103&_nc_sid=8024bb&_nc_ohc=l-zeoIi8XBQAX_BdmWR&_nc_ht=scontent-sin6-2.xx&_nc_tp=6&oh=59001221cfcec8893461c7970db12c2f&oe=5EB884AE",undefined,"",""
undefined,"[Error]: TypeError: Cannot read property 'attribs' of undefined","",1586706948,"https://www.facebook.com/banqiaopolice/posts/3034113446651655",undefined,undefined,undefined,undefined,undefined
undefined,"1584206606","",1586706949,"https://www.facebook.com/banqiaopolice/posts/3016142528448747","/watch/?ref=external&v=212929616461577&__xts__%5B0%5D=68.ARCPi4HNlPwdzi39oP1OrazhnxndIRNrhgDjBGf_uWRix3PJxZ2AYSKC98HFYOJvWCL5sRzHnbL4K9IWLTvAJGb5K5qJ7gKgoFXQaKwdph1gBFxYnQAWEk-SIK59xu-QwaKoM95B7X1fzAb8MGxuWsGFv4m0bAhR9I5H8gPsr43v9IxdOvrx4DMcgrm5R138uIdnGNjUi9qtDHAJhrrpAsFz4L0dIsA-JlhrZdu7M4e8yaqgkNSCUNU4nHpakIqwUV5zE6bwzEj1QItwK_cpK2VayZHL-rMfXAJL_rkM-s6ju-KrWxIEhbsHNvXK7F3_8a0yP63DGBfNj1vy8B2MDPjBZ7UuDI_Pg7CRKYfUqrlSfZ3htgbOdioJoCdtVqDuCJhpj--uX3257Ux5_Ygr0g1yPnxuh_oSebdAW6MESWIkipThfnaC68it3s5_D1OCMEPwYwX8_v5ZsvSGkknPWyG_paQwoawmLj-awswJYb8iAb0hSmPyCSZLG4Se9-0DhQ&__tn__=kFFHHH-R","https://scontent-sin6-1.xx.fbcdn.net/v/t15.5256-10/83199239_212931473128058_5871839705225494528_n.jpg?_nc_cat=104&_nc_sid=f2c4d5&_nc_ohc=Qx79BcMh3nMAX_AKwlb&_nc_ht=scontent-sin6-1.xx&oh=b3b011d2457f20b673ecc157f93b3c91&oe=5EB724F1",undefined,"新北市超前部署：武漢肺炎社區感染大規模防疫演習","Posted by 侯友宜"
undefined,"1585208987","#勇警救援
#驚險ㄧ瞬間！",1586706949,"https://www.facebook.com/banqiaopolice/posts/3042569512472715","/watch/?ref=external&v=2838980102858904&__xts__%5B0%5D=68.ARDVBhKZbZhSKlS-max3TJUe2suRxGCEayHJeojwrnFexZvICz-s9i4Q4QAQzagiIYlpvxtu3tCuo5_wwOoEcuQyv86zRvfcqSvuXIIQdr3ELaFzXpOm-kpzttJNabUCYbwWgca7PTbgnmj1x-JERuvgCZNQighnC-3dojxDBSI-4BEqyMnJdZ_-tseEywIwJ-qoDaCWtreHJXhWaqPOmly4yACVfUGDxDcFTVUq2hdlmOLvSEWWQalglpz_8LIizQ68oMO0jF-eCC0oZypRQ0OTKB5k1-mCRF1COCjWyzYVGF_QvTCiGdts6_RNL6w1mBI6GVEVfZIrODKR7-s7_c-ADk6cqjc020iTcKVPwtaNzTMJoI2cSMxktUBQK4Wl5OxJB8Q9OUHKfo7NrHrH6ky4Rzk6TFu8d_l7QXrvbpkNnIomgnFyYnGOp4LXaaDQWVTmhd-M4yG-5bxhzChFKlLnTOsdTiRlOed1er3Hwvgi_Rh0E8dIl9zB4f6QYkAC9A&__tn__=kFFHHH-R","https://scontent-sin6-2.xx.fbcdn.net/v/t15.5256-10/83922497_2838988416191406_3970494899177914368_n.jpg?_nc_cat=102&_nc_sid=f2c4d5&_nc_ohc=Jxpr5_Q5E1oAX9yinWm&_nc_ht=scontent-sin6-2.xx&oh=a9def79b0922a3a8f812d17d61c5bca1&oe=5EB9F827",undefined,"土城勇警即刻救援！不讓鄰居陪著命喪黃泉","Posted by 新北市政府警察局"
undefined,"[Error]: TypeError: Cannot read property 'attribs' of undefined","",1586706949,"https://www.facebook.com/banqiaopolice/posts/3024191884310478",undefined,undefined,undefined,undefined,undefined
undefined,"[Error]: TypeError: Cannot read property 'attribs' of undefined","",1586706949,"https://www.facebook.com/banqiaopolice/posts/2991659254230408",undefined,undefined,undefined,undefined,undefined
undefined,"[Error]: TypeError: Cannot read property 'attribs' of undefined","",1586706949,"https://www.facebook.com/banqiaopolice/posts/3032523803477286",undefined,undefined,undefined,undefined,undefined
undefined,"[Error]: TypeError: Cannot read property 'attribs' of undefined","",1586706950,"https://www.facebook.com/banqiaopolice/posts/3067179230011743",undefined,undefined,undefined,undefined,undefined
undefined,"1586570998","#《婦幼宣導》
兒童守護第二話",1586706950,"https://www.facebook.com/banqiaopolice/posts/3078004598929206","/watch/?ref=external&v=247851769672902&__xts__%5B0%5D=68.ARCxbEc579C1B-zPNgbPRUfqa1sq33TX1TglSo2Wf1aLpQZvqqh8fAWe23UZWjo5w3Kdg8d8IkIw2KI5bPraAPWUfDrotuedxhAZB6Jt5-ZByxxXbshFwE2zmV2pR_KQ6FTVCCCNIC5pCQoX7-SVRE8fkONss_plAcbAiQjvUSrc60pnols8lvH3YMY5c7amUxHbiphs0Aj4MytSX2vlASSBHnCvjMj7TD3G49DtlMpE2MAh_80XV2Gotcp9Ibybf87EZEc-64cxUaqBT6jFVqR0qChNutntZ04Mpkwa6KWZXFX02eAVkhnavtqtK_nHsxHKdpKCqI0-dXmAZaxZU4i7QOjnUcT6qMQ9Kt_n1e3pUfPhi87ta8FWJeqdpGCpI2UqKOTAZPfg24OB83sjH1hBgs1MT6zn_veCkisqOMsptAoqEC9EVC0wUsl3gtOnlVSl5pM0OrNACU4JGZu7FIADWzO2TyPnTaM4npV2x_YEYYi2R2s4s_adMmYGUR72HQ&__tn__=kFFHHH-R","https://scontent-sin6-2.xx.fbcdn.net/v/t15.5256-10/91812463_247852679672811_6333844565547548672_n.jpg?_nc_cat=109&_nc_sid=f2c4d5&_nc_oc=AQk1lKlH0kdKx3f4dGMj5wCk5entSxbLlH71pHyuvmfJjsOrvvsgvhemUUP_lmiW9Sw&_nc_ht=scontent-sin6-2.xx&oh=320b836bed126967c0a9cfeb29e1e077&oe=5EBAAC47",undefined,"守護幼苗！你我做起 | 有聲故事兒童守護系列第二話","Posted by 新北市政府警察局"
undefined,"1586329923","本分局信義所 ＃警員劉益材榮陞巡佐
，於今（8）日在市警局週報會議中舉辦陞職授階儀式，由市警局李副局長親自授階，恭賀及感謝劉員對治安的貢獻與努力，也期望持續學習努力，在新的工作職位上繼續為治安打拼與為民服務。",1586706950,"https://www.facebook.com/banqiaopolice/posts/3071678232895176","/banqiaopolice/photos/pcb.3071678232895176/3071677829561883/?type=3&__tn__=HH-R&eid=ARBc9CjkHzneIGthE2hdIl-lIlOGv0_ch4rL4c2leN95HA8tlQ4xQQGdOArhdz4apW3gYD-2pjMaUjlT&__xts__%5B0%5D=68.ARBeisG8YzCl3283Y7uzBRwIJB_ECxPCL5gmZ06Q_FgxXb3eRg36HU-RSOhfWfWrgHtvGOHmGkYW4TaJgQ2BDoCf6MTdpp9DOj_Pa6-ZHe71QXhhO4ZcISiINOKK4b0g614tol4sPju5udvwAoEtW2wnF-6WB6CGwCwYGKNTMnMnAkpSKJz9TFH_pfqsce58J8dzv5sl3xVHphsr7M8eo3X1RAyIgL3daz2m5ZHMplQkew6WcXVVOHGXIWR1o2eD_AJdjoekiDsUEUFoJ6fBz1pB1DZlOqr-QdHSYBm402psTNsfVJdLyl5edVZUOVWQCL0bfbpog4HWnOmrPchnsi48-g","https://scontent-sin6-1.xx.fbcdn.net/v/t1.0-0/p235x350/92555032_3071677839561882_2285200150848602112_o.jpg?_nc_cat=107&_nc_sid=110474&_nc_ohc=ImYMA04S7bMAX-Y6dyh&_nc_ht=scontent-sin6-1.xx&_nc_tp=6&oh=9d68956035a6b0f1bb42a04bae5e7882&oe=5EBA5DC2",undefined,"",""
undefined,"1586486123","#校園新禮貌運動https
://www.facebook.com/houyuih/posts/1321565368232793?comment_id=1322123351510328",1586706950,"https://www.facebook.com/banqiaopolice/posts/3075780102484989","/watch/?ref=external&v=221498209111296&__xts__%5B0%5D=68.ARBCYJNuoIJV9jyWPQ3xF5xm__efSrVD3lAGCWtC4KOjfZZ7EstqcKaYMPX7Z_7UlCI4l6pD990Lh7PIkS_a-uzbDMsyhCQEbBl-998A51Bbgt5P5Ukx4epSCZ2izSVE1yl0U0yJNAXklq94Q_DWUm3-bsdDmGpY-2nRTezOQmL4eH2lb4QaP4uNbzO44MXCC5OqKWXk5PZ59QFAcfhANmrSFZ2ZX0I8xI1MmHkAtDIo3G46HUak-2uyB0aHcPdu3g_ILWSXX99B2Mjk6aWqXOH5-C2xPpmU15kqBMJiAJGzGa0-XrsSXWR_GfOGbkJ0ES5Jmg3gcnJ-43GpAnF386rOCx7zZHN4i6GE2_xAMq1LTztP25P10Zpvi_iIZaCjQeteTwQnDsjCJEMqfPhJze6Wgd5nDXE_3FJK7k0HbAIypH7SOVPA2uhRz6CIX9EWlxfO3GJehQk4ze61SbQEHTh2uIcgh68VXY-iM0qALyGHKrb-hgkN_383duNwji0LMg&__tn__=kFFHHH-R","https://scontent-sin6-1.xx.fbcdn.net/v/t15.5256-10/92572106_221500692444381_1832898953088073728_n.jpg?_nc_cat=111&_nc_sid=f2c4d5&_nc_ohc=8eaqdqUp7pUAX88YFXy&_nc_ht=scontent-sin6-1.xx&oh=e1013b59bf1f521084624375ad5ecb03&oe=5EB7E9F1",undefined,"校園新禮貌運動","Posted by 侯友宜"
undefined,"[Error]: TypeError: Cannot read property 'attribs' of undefined","",1586706950,"https://www.facebook.com/banqiaopolice/posts/3008409919222008",undefined,undefined,undefined,undefined,undefined
undefined,"[Error]: TypeError: Cannot read property 'attribs' of undefined","",1586706951,"https://www.facebook.com/banqiaopolice/posts/3072407232822276",undefined,undefined,undefined,undefined,undefined
undefined,"[Error]: TypeError: Cannot read property 'attribs' of undefined","",1586706951,"https://www.facebook.com/banqiaopolice/posts/2975669365829397",undefined,undefined,undefined,undefined,undefined
undefined,"[Error]: TypeError: Cannot read property 'attribs' of undefined","",1586706951,"https://www.facebook.com/banqiaopolice/posts/2998030563593277",undefined,undefined,undefined,undefined,undefined
undefined,"1583392168","恭喜，後埔派出所榮獲109年2月份取締酒駕工作第一名，大觀派出所榮獲第二名，由分局長頒發警察寶寶一尊及真好茶茶葉禮盒一盒。",1586706951,"https://www.facebook.com/banqiaopolice/posts/2995883117141355","/banqiaopolice/photos/pcb.2995883117141355/2995882750474725/?type=3&__tn__=HH-R&eid=ARA0Zb9022FTiqAz-6I3ILxrLza8R8HYVX1sQzl1o2soezw-RWPORoUXdvXuwRrbuLIu0Ig3-_yMKczn&__xts__%5B0%5D=68.ARCwr-ZHAS8SGYT4pfxSm7hVTJS6vFpo6hPmUjNbUkqC2_8nJLmFiyfoOkb5uTBB6qaxwfUPt9rr9bYG1_-_prAMZ42taX6dSr_O92gP2FY3lVp29VVCOp9bRVa7Cua_iCzESihzEP5UZ72ISkNdFg2pDhixSG-T7yPukFDZkguqUKA-ZTyvAVco9mS2iwZzkLVnfVk1PzFl_JGejyUwIPLLmN0j0lPJhWmAzpwg3SB_cvNTUoKpg6JfZAA4aLHMNmIWHmw__O3IlII4eGxdnDvIWKowuCaseza3cgDGfV0ySh0YESSkvfXD2Eex7nkcnA0M6vtwsnFbv9yk4m-aN2VjlQ","https://scontent.fbkk10-1.fna.fbcdn.net/v/t1.0-0/p526x296/87387632_2995882753808058_8062082046169710592_n.jpg?_nc_cat=108&_nc_sid=110474&_nc_ohc=qrvDOKIduB4AX9oBbAH&_nc_ht=scontent.fbkk10-1.fna&_nc_tp=6&oh=f795b174cc6d3798b6d9ed065e42f857&oe=5EBA54FD",undefined,"",""
undefined,"[Error]: TypeError: Cannot read property 'attribs' of undefined","",1586706951,"https://www.facebook.com/banqiaopolice/posts/3031032920293041",undefined,undefined,undefined,undefined,undefined
undefined,"[Error]: TypeError: Cannot read property 'attribs' of undefined","",1586706951,"https://www.facebook.com/banqiaopolice/posts/3006278839435116",undefined,undefined,undefined,undefined,undefined
undefined,"[Error]: TypeError: Cannot read property 'attribs' of undefined","",1586706952,"https://www.facebook.com/banqiaopolice/posts/3024159814313685",undefined,undefined,undefined,undefined,undefined
undefined,"[Error]: TypeError: Cannot read property 'attribs' of undefined","",1586706952,"https://www.facebook.com/banqiaopolice/posts/2996109020452098",undefined,undefined,undefined,undefined,undefined
undefined,"1584831739","#出國趴趴走 病毒帶回國

今日中午中央流行疫情指揮中心公告國內又增加23名確診病例，顯見疫情防護工作更加險峻，而從明日零時起，除持居留證、外交公務證明、商務履約證明或其他特別許可，其他非本國籍人士一律限制入境；其他獲准入境者，均需進行居家檢疫14天。

警察是個集體作息工作團隊，如有同仁染疫必嚴重影響勤、
業務運作，為保護同仁的執勤安全及因應嚴重特殊傳染性肺炎（新冠狀病毒）疫情全球大流行，自即日起，除特殊情形外，同仁若有請假出國旅遊者，請各單位主管宜不予准假，若之前已核准者，亦應勸阻延後或取消行程，以應治安工作需要，並視疫情狀況再予調整恢復。

共體時艱，守護平安。 

#出國趴趴走
#病毒帶回國
#共體時艱
#守護平安",1586706952,"https://www.facebook.com/banqiaopolice/posts/3032521566810843","/NPA4U/photos/a.827869690584027/2742451605792483/?type=3&eid=ARASaATjfYsfjmkIw1LoXrJRUHGzK8KP4Y3nbcgGa6l-LSIi3M0896MLYEqGlcAJYu0Fznj3vgQCbgdi&__xts__%5B0%5D=68.ARCofGMZzRzOmJjqpU1SfFnwmSUK0YipYXONGkn_-hy2HTh_DP904okheQr6Y6T3X8YPSrpdqT91Q___4M8OXMnzgxXoNjdXkxgl74cslxvlMrJJlhyeGQqd2qdA719T11aHScyoqnKwOUnn7Aah7mSd7LJ4imtiVcXWA0248aSQL4gT0Pf3QM20A3xTfhvJp40WzKpZsxRV7GbYQyytl76zvAHW0tEmiG_HdY4EFAL3u5T13d2b4mjxISYHUK0L3sDVExucfDiL3Y9W8EZivNwz4SKP51V-5r4iKx7E_MbLTEIBpsWqVZOq5WWf0miykax7PgqtYpzT0zLigTnbb0xDK1ejE-xOujC_i6EwrlJ3pdu--ytbW_F1PgkJUQ8QSJNWpCQ9KqJQNC9MxBxqvM7ZCDUD1nvRkMrrgSUExZSGhsNjVm1pLN_3NAecFSTHVzbU0C1W5eBhIxLhP3fDs45y6mhKclRaTgZsI88P7ZvQBlq0tYUtAkmt&__tn__=EEHH-R","https://scontent-msp1-1.xx.fbcdn.net/v/t1.0-0/p526x296/90555531_2742451612459149_853333602836938752_o.jpg?_nc_cat=106&_nc_sid=8024bb&_nc_ohc=kEtALcM3fLwAX_BCw5G&_nc_ht=scontent-msp1-1.xx&_nc_tp=6&oh=6ada985275601a24090b830249f61e55&oe=5EB94336",undefined,"NPA 署長室",""
undefined,"[Error]: TypeError: Cannot read property 'attribs' of undefined","",1586706952,"https://www.facebook.com/banqiaopolice/posts/3013261795403487",undefined,undefined,undefined,undefined,undefined
undefined,"[Error]: TypeError: Cannot read property 'attribs' of undefined","",1586706952,"https://www.facebook.com/banqiaopolice/posts/3055729757823357",undefined,undefined,undefined,undefined,undefined
undefined,"[Error]: TypeError: Cannot read property 'attribs' of undefined","",1586706952,"https://www.facebook.com/banqiaopolice/posts/2990998997629767",undefined,undefined,undefined,undefined,undefined
undefined,"1585715003","#總柴報報 

🐶口罩實名制自 4 月 9 日起調整部分規定
👉每 14 天可以購買口罩，成人 9 片或兒童 10 片
👉不限單雙號
👉可任選成人或兒童

👉購買後，每隔14日後才能再購買
🐶例: 4 月 9 日購買下次購買時間為(9+14=23)4 月 23 日 

🤓查詢「特約藥局及鄉鎮衛生所名單」往這裡
>> http://www.fda.gov.tw/TC/siteContent.aspx?sid=11139",1586706953,"https://www.facebook.com/banqiaopolice/posts/3055755037820829","https://l.facebook.com/l.php?u=http%3A%2F%2Fwww.fda.gov.tw%2FTC%2FsiteContent.aspx%3Fsid%3D11139&h=AT11RSs277U_63LgLt03p5RGkjo237QCoi7rmwXRCc8N8qzkMM0cyWagEBveulJ3b1HwTrhuY0SuRVUJDlHxKJzLCX0WyvmLaR48-fpynAq3IYw1wjjgEad1KZRKABr1j6HsGw9cDvP2oEcZwcse7keNn9XJxY-Fps1F1EdybEjbtaj49LmJYMoLp4_LOeVPoN3OBYQgt6KsZAQWEm7LrU2uczt1X4e0v4VIcyM6WLxk6QTYd_RP9fekrrhCB6M834x1P9KUc5fH1pWIx3u-qs3TmQ3bNG9uUumd41SVodAUAGSZjuayjNgZXYoEWFJhdD7hF5C_wAeJllSVrmh4bAj2uUx6K_A_AL_2__Jw9L1iFLSznjUt_LLiNLE7BFzev-pMb-vdiHqxyxAk6wqhcIAV9sxokISC3JGNkWU6Y-2BMWIbaKamCgDF86HA7_78szPNxrpA64_tHtUTGvO8g78o48uhlttKwt5Wt6MDyOo5dhT4xq-ynKNXROHUFkiZgdFk_rPNSMuPdULyn4oZUZKcr4NSsDewkwytyZZHpjbRtMJLNyv593TNRrVcNOmQcnZNzzVmxEulv_VtF6SD05wpnOJXwq1N_kb99WZSfoY5V0UaXm_Rxdcoj8KgApFV31Lvtgi_cozc4BiY",undefined,undefined,"嚴重特殊傳染性肺炎(COVID-19，簡稱武漢肺炎)口罩Q&A - 嚴重特殊傳染性肺炎(COVID-19，簡稱武漢肺炎)口罩Q&A - 衛生福利部食品藥物管理署","衛生福利部公告具有中央健康保險署防疫口罩管控系統(VPN)之全民健康保險特約藥局應配合執行防範嚴重特殊傳染性肺炎實名制口罩配銷作業"
undefined,"[Error]: TypeError: Cannot read property 'attribs' of undefined","",1586706953,"https://www.facebook.com/banqiaopolice/posts/3053573234705676",undefined,undefined,undefined,undefined,undefined
undefined,"1583304658","",1586706953,"https://www.facebook.com/banqiaopolice/posts/2993687490694251","/ntpd.gov.tw/photos/a.583297995096155/2811607765598489/?type=3&eid=ARDdC6mhHP2yCKUkzZG5g50dHZ5sXcGDU3p4g37yQJE2VcLDsCX9zHogFY48PhZ5TQRMVxAF50ICWuxf&__xts__%5B0%5D=68.ARDOdiMXvvzuBXeMpNKPZUJTg3qvRogclryKCjujAnn-0V-fQAaBPVgdZVt2QaFOY6rsvjmaMZf_LZ3vag2c6dWlLZetRrymIdfoF4c9liYx5Tbibh-X_gUSrfrJChY6cfnCKHwHjRmRciGfUicLI6JC8IaptiTomraghbKwtVeGrf-CdR-FiUCNEVMupkP6u-IQ4DfTpbb0Djb55KcjppxO6sIuJkLs5yrF-vdRtAgPuJr87LTJ0lWcaazVg4Rn-61BRUNquvA_jLWJuMmrQ5rF4JOuSYpl_zQVLpkacRTssNgDa9SOYMOC7V0qY5VbBb20Gqnot36v41oit-cXyCF12S8R6VYimsF7eRYxpr35n_hCw8rpc8USwrfGta7xcRXbr16sXMCHAhXgma9S6OYgDKk-ge39hfN2USmEslDsao7s1rZ9Ibss4URnoMmT3Zy8FEksy5NvRnz3SEqKcic6z9JMlYN7kaFteXA8qi7GnIawYxU-sRIm&__tn__=EHH-R","https://scontent-cdg2-1.xx.fbcdn.net/v/t1.0-0/p526x296/89441999_2811607768931822_8160464078880374784_o.jpg?_nc_cat=109&_nc_sid=8024bb&_nc_ohc=YYjMfZns5LEAX_HG1B7&_nc_ht=scontent-cdg2-1.xx&_nc_tp=6&oh=54b0e9e3a66e89d4ec9a55287e6f48e5&oe=5EB82A7D",undefined,"新北市政府警察局",""
undefined,"[Error]: TypeError: Cannot read property 'attribs' of undefined","",1586706953,"https://www.facebook.com/banqiaopolice/posts/3069563453106654",undefined,undefined,undefined,undefined,undefined
undefined,"1585272504","#防疫關鍵戰
#NPA署長室
#Online",1586706953,"https://www.facebook.com/banqiaopolice/posts/3044359145627085","/NPA4U/photos/pcb.2755506037820373/2755504531153857/?type=3&__tn__=HH-R&eid=ARCDHwM0gPM281HoM81QRh6zKKGMyDsss1xFUBeZC8BiC-9C5Le4CL7JcGCsiI4WxiVHNlkx2JSPb6_M&__xts__%5B0%5D=68.ARCkEXTL3Ezy_1BXPoevqotvsmlnYjEdOA0ecDdZEzTKH4bc8QjtFw5AT1B51S_4gmYh8mM5s_urDbGig_cldK3Vk6p7Un2V5zbA4ubUKeu7MwrWIhRY2lZUO3epPdrxyXztnEhPWoOS6lhE6nUMGi7GQ6h_P1BBNOG58p-jm9z8EAUz1MzMaCcdlOyN5BH9-IC36ZFyJZqwYYJXGH8JhsRnBzczRw_KeUoVRqBgVBOcBPkToz55Ko4GDFjrgSnzAQuCemccmfIAhatM7-C7OE2ZwCAaRyQbs8vWj1yWiibmd2TayCPjxq40RdM2a0T8FqKOgiURtl49LBJQGnAG1MfJKAamIgxQ4lvc7YVph70SUIKbyrSUOTBYlVkg5u5OkO0X897vrsGSuL8HnW71oJhaV3-c3PC33_eWy6jCwc1t6Bvg5U1hEB58dwViAUfrKegW0gCnNl-mCQBfoknm_cozBNFx43WIQsOGfFnr_CCQM01mzKz_Sq7R","https://scontent-sin6-1.xx.fbcdn.net/v/t1.0-0/p526x296/90176458_2755504534487190_8733149151203688448_o.jpg?_nc_cat=100&_nc_sid=8024bb&_nc_ohc=FHMTiDtHH0kAX8u0M1O&_nc_ht=scontent-sin6-1.xx&_nc_tp=6&oh=7807b4405bb923342142826cb9cecb46&oe=5EB7D2A5",undefined,"NPA 署長室",""
