﻿url,posttime,text,crawled_time
"https://www.facebook.com/cnas0778/posts/3210432825663453","1567425730","❤【Shanti光語脈輪療癒冥想之II—臍輪療癒】
#特別邀請ShantiYang老師從高雄北上開課
#課程費用親民價
臍輪是我們“關係”的樞紐，親密關係中的愛與逃、性的罪與罰、情緒的露與藏，都在這裡上演...

 臍輪往往是兩性關係的重災區，一直在等待著我們去療癒…

 
當我們一直無法擁有良好的親密關係、或是對性充滿負面觀點與罪惡感，又無法好好表達自己真實感受時，臍輪很可能已經堵塞得不輕了，這時泌尿與生殖器官問題也容易令人困擾不休...

 而深埋的負面記憶與情緒，在不被察覺的情形下，總是在生活中將我們帶進一次又一次相似的困境中，直到我們勇敢的去面對並清理為止…

 課程中，天狼星的療癒光語會協助淨化並平衡我們的臍輪，在冥想中我們也邀請守護天使一同來療癒並改寫兩性關係的負面記憶...

❤《關於Shanti Yang》
光語淨化與脈輪療癒冥想帶領者
光語療癒能量圖創作者
天使靈氣師父級、源場乙太療癒法
擴大療癒法一、二級
情緒療癒工作坊帶領者
光的課程資深教師
華航空服員

【時間】
11/2 (六) 下午2：00-4：30 

【地點】
中華新時代協會 台北市大同區民族西路169巷7號（近圓山捷運站） 

【報名連結】
https://forms.gle/qkQZuDBfPjpod8JZ9

 --------
前一次課程影片精華
【Shanti光語脈輪療癒冥想精華7/20】
主題：《海底輪》
https://www.facebook.com/cnas0778/videos/2938233433068393/","1569735261"
"https://www.facebook.com/cnas0778/posts/3000138730026198","1560772128","❤【易經一日工作坊】❤
【易經】將萬事萬物區分成六十四個不同的情境，它可以協助你分析現狀，讓你知道該留意什麼？從天時、地利、人和三個外在層面，以及人生六個階段的內在層面，教你如何趨吉避害。

學會易經，你將可以瞭解目前置身在什麼樣的大環境？目前的人生處在何種階段？如果你選擇做了何種改變，將可以產生什麼樣的結果？

趕快開始學易經，讓自己的人生從此知易、行易、容易～

❤《關於亞伯Abraham Imhotep Lai》
生活易經工作坊、決策易經工作坊講師
美國歐林中心課程教師
國內多個歐林、賽斯讀書會帶領者

【時間】
【A班】
2019/7/13（六）１０：００－１７：００
【B班】
2019/7/21（日）１０：００－１７：００

【工作坊費用】含一本工具書、一套簡易占算工具、一份講義 

【地點】
中華新時代協會 台北市大同區民族西路169巷7號（近圓山捷運站） 

【報名連結】
https://forms.gle/DF4akoWpwFQv75GM9

#小班制貼心專屬教學老師可更全面的顧及到全部的學生
#占卜實戰演練
#輕鬆上手由淺入深的易經占卜
#歡迎在課堂上發問唷","1569735261"
"https://www.facebook.com/cnas0778/posts/2930280363678702","1564059000","✨❤【神秘學院 - 金字塔療癒工作坊(初階)】❤
從2005年秋天，來自於天狼星的高靈開始進入我的生命中，祂對我做了一系列的教導， 非常廣泛卻又相當深入。

做為有一世曾經擔任古埃及王朝的大祭司 ，祂關於金字塔的教導，有著許多超乎現代科學家對金字塔的想像與理解。

從金字塔形成的幾何原理、能量場的建立，到神祕療癒能量的運用，乃至運用金字塔進行宇宙航行，在這個初階工作坊當中都會有詳細的解說與練習。

※小班制的貼心專屬教學😍，老師可更全面的顧及到全部的學生，也歡迎在課堂上發問唷💫


 ❤【帶領人】
亞伯Abraham Imhotep Lai
美國歐林中心課程教師
生活易經工作坊、決策易經工作坊講師
國內多個歐林、賽斯讀書會帶領者

💐【初階】
2019/10/26（六）１０：００－１７：００
☆報名連結：https://forms.gle/XggzC9Jjr9zTt1fB6

 💐【進階】
2019/10/27（日）１０：００－１７：００
☆報名連結：https://forms.gle/2Y1SStpsavNUET88A

 📣【地點】✨
中華新時代協會（近圓山捷運站，台北市民族西路169 巷7號）


 【上課心得分享】
https://ppt.cc/f1YL6x

 #神秘埃及古文明
#學習使用金字塔神秘的能量來療癒自己
#冥想
#金字塔知識
#解碼球是什麼","1569735262"
"https://www.facebook.com/cnas0778/posts/3187432061296863","1566729744","神聖月光獨角獸工作坊舉辦成功~
這次有16位同學完成工作坊，最小的還有11歲的同學唷！","1569735262"
"https://www.facebook.com/cnas0778/posts/3278113298895405","1569487217","❤【易經占卜-入門班】❤
本課程係藉由占卜為切入面來了解易經，讓學員能善用手邊占卜用具及工具書，了解中國古代學者以易經做為修身奉行的圭臬的核心思想。本課程為入門課程。

 學會易經，你將可以瞭解目前置身在什麼樣的大環境？目前的人生處在何種階段？如果你選擇做了何種改變，將可以產生什麼樣的結果？

 趕快開始學易經，讓自己的人生從此知易、行易、容易～

【入門班大綱】
●1. 從八卦開始
●2. 如何占筮取卦
●3. 卦的結構/認識六十四卦
●4. 占算解卦
●5. 如何善用工具書
●6. 易經學習之路

❤《關於亞伯Abraham Imhotep Lai》
美國歐林中心課程教師
生活易經工作坊、決策易經工作坊講師
國內多個歐林、賽斯讀書會帶領者

【時間】
【A班】
2019/9/28（六）１０：００－１７：００
【B班】
2019/10/6（日）１０：００－１７：００

【工作坊費用】含一本工具書、一套簡易占算工具、一份講義

【地點】
中華新時代協會 台北市大同區民族西路169巷7號（近圓山捷運站）

【報名連結】
https://forms.gle/5dyD4CNshSsAaAUDA

#小班制貼心專屬教學老師可更全面的顧及到全部的學生
#占卜實戰演練
#輕鬆上手由淺入深的易經占卜
#歡迎在課堂上發問唷","1569735262"
"https://www.facebook.com/cnas0778/posts/2999910403382364","1560764334","❤【2019/8/20起 走出家族業力】❤
#不知不覺中複製了父母的人生
#想要活出自己的人生卻不知道該怎麼做
#歡迎新朋友與舊學員參加

所謂業、就是行動，就是因果。
凡事皆有因，有因就必然會有果。

 破解魔咒，走出家族業力，創造自己想要的自由與豐盛的人生，我們需要提升自己的意識與覺知力......


❤【帶領人】
帶領人-#張鴻玉（Alima）
中華新時代協會賽斯學派心靈輔導師 
印度奧修多元大學個案諮商師
著有《愛他，就讓他做自己》《愛自己的7堂必修課》《其實你不懂我的心》《你的珠寶盒夠大嗎？》《如實面對》《活出無限》《中年叛逆》《在愛上你之前，我已愛上自己》、《原諒自己》及有聲書《講解賽斯書――心靈的本質》第一、二集。

-----
【課程時間】
2019年8月20日起，週二19:00-21:00
【課程費用】
2019年8月10日前報名享💖早鳥優惠價💖
【上課地點】
中華新時代協會 （近圓山捷運站）台北市民族西路169巷7號
【洽詢電話】
(02)2598-0778、0936-884-380蔡小姐
【報名連結】
https://forms.gle/UnX4TGxm3dyga5PF9

-----
【張鴻玉老師演講影片】
★親密關係新書講座
https://youtu.be/Hkc3QRh6T9o

★中年叛逆書籍講座(中正紀念堂)
https://youtu.be/2ritcHmULdM
-----
【心靈談話-一對一服務】
https://reurl.cc/6R3X5

 #中華新時代協會#新時代協會#新時代思想
#newage#奧修#賽斯#賽斯學派#賽斯文化#身心靈成長","1569735262"
"https://www.facebook.com/cnas0778/posts/3019982034708534","1561357948","❤【2019/7/6-7 身心靈平衡工作坊】❤

 奧修說：「人類所有的痛苦都來自於無意識……」

 憤怒與恐懼，常讓人以為自己是受害者，因此感受到更多的無奈、無助、並喪失生命的活力……
身體上的疾病，是心靈受苦、受困的呼救.....
想要活得健康與愉悅，就要先擁有陽光般的正念與清靜的能量…

 『身心靈工作坊』將進行兩天的深度靜心……
讓生命成為狂喜、成為慶祝！


❤【帶領人】
帶領人-張鴻玉（Alima）
中華新時代協會賽斯學派心靈輔導師 
印度奧修多元大學個案諮商師
著有《愛他，就讓他做自己》《愛自己的7堂必修課》《其實你不懂我的心》《你的珠寶盒夠大嗎？》《如實面對》《活出無限》《中年叛逆》《在愛上你之前，我已愛上自己》、《原諒自己》及有聲書《講解賽斯書――心靈的本質》第一、二集。

-----
【工作坊時間】
2019/7/6-7 (六、日)
【工作坊費用】
2019年6月25日前報名享💖早鳥優惠價💖
【工作坊地點】
烏來那魯灣溫泉渡假飯店
【洽詢電話】
(02)2598-0778、0936-884-380蔡小姐
【報名連結】
https://docs.google.com/…/1FAIpQLSdOgusa7cbidTh7I2…/viewform","1569735262"
"https://www.facebook.com/cnas0778/posts/2670126853027389","1548420600","✨❤【神秘學院 - 金字塔療癒工作坊(初階)】❤
從2005年秋天，來自於天狼星的高靈開始進入我的生命中，祂對我做了一系列的教導， 非常廣泛卻又相當深入。

做為有一世曾經擔任古埃及王朝的大祭司 ，祂關於金字塔的教導，有著許多超乎現代科學家對金字塔的想像與理解。

從金字塔形成的幾何原理、能量場的建立，到神祕療癒能量的運用，乃至運用金字塔進行宇宙航行，在這個初階工作坊當中都會有詳細的解說與練習。

※小班制的貼心專屬教學😍，老師可更全面的顧及到全部的學生，也歡迎在課堂上發問唷💫

【初階課程大綱】 
1.介紹金字塔
2.介紹能量密室
3.下載解碼球
4.參觀能量密室
5.更換全新的身體

❤【帶領人】
亞伯Abraham Imhotep Lai
美國歐林中心課程教師
生活易經工作坊、決策易經工作坊講師
國內多個歐林、賽斯讀書會帶領者

❤️【時間】
【第一班】
2019/3/16（六）１０：００－１７：００

 【第二班】
2019/4/28（日）１０：００－１７：００

 📣【地點】✨
中華新時代協會（近圓山捷運站，台北市民族西路169 巷7號）

【報名連結】
https://goo.gl/forms/O3JW0Q0T7ms2lsm02

 【上課心得分享】
https://ppt.cc/f1YL6x

 #神秘埃及古文明
#學習使用金字塔神秘的能量來療癒自己
#冥想
#金字塔知識
#解碼球是什麼","1569735262"
"https://www.facebook.com/cnas0778/posts/2917894021584003","1561456800","🙌【2019/10/18-20天使靈氣初階工作坊】❤
天使靈氣是【大天使麥達昶】承接造物主的旨意，為了協助地球順利的揚昇，聚集了所有天使純淨的能量以及神聖源頭的智慧、慈悲與無條件的愛，經由英國的Kevin
Core的意識與身體接引到地球。

大天使麥達昶說:「天使靈氣是充滿無條件的愛、充滿豐盛意識、充滿無限可能性與創造力，能夠化腐朽為神奇的偉大力量!每位天使靈氣的執行師，將可連結至少一位與你有緣的神聖天使、高靈或揚升大師與你一同耕耘你的靈性道路，這是我大天使麥達昶對你們的承諾!」

在這工作坊中，你將直接收到來自天使聖團的清理與點化，賦予你成為純淨通透的天使能量管道。你將學會和天使、揚昇大師和銀河星際療癒者一起工作。

※完成天使靈氣1&2階的業力清理與點化後，你將獲得英國的認證，成為天使靈氣療癒的管道，為自己與他人施作靈氣，成為天使靈氣執行師。

❤【帶領人】
Elizabeth Chou伊莉莎白
英國天使靈氣師父、英國黛安娜庫柏學校天使(Diana Cooper School of Angels& Ascension ) 、獨角獸、列木里亞行星療癒老師、
天使訊息管道、天使個案諮詢工作者、光的課程帶領人、合一傳導師。

-----

【工作坊時間】
2019/10/18(五)6:30PM~9:30PM
2019/10/19(六)~10/20(日)9:30AM~6:30PM

【工作坊費用】
10/8前報名並繳費完成 可享早鳥價
【工作坊地點】
中華新時代協會 （近圓山捷運站）台北市民族西路169巷7號

【報名連結】
https://forms.gle/eXHfbtHUBuBvMghH7

#與天使跟揚昇大師和銀河星際療癒者一起工作
#天使靈氣適合所有人
#願意奉獻無條件之愛渴望與天使一起工作的人
#都能夠成為靈氣執行師
#英國天使靈氣認證
#初階還有大師水晶伴隨你成長","1569735262"
"https://www.facebook.com/cnas0778/posts/3181492785224124","1566557213","❤【Shanti療癒光語能量圖繪畫課】
#特別邀請ShantiYang老師從高雄北上開課
#讓奇妙的感受在自己的筆下成為真實
#喜歡畫畫就不要錯過這個機會

 或許你覺得自己需要放鬆、需要平靜、需要專注力、需要與內在自我連結與整合...

 而同時，光語療癒能量圖也吸引了你、甚至還給了你許多神奇的能量感受...

 那麼真的很建議你，應該來嘗試一下，讓那種奇妙的感受在自己的筆下成為真實...

 經由將意念凝聚於筆尖，拉出線條、搭起與自己內在深層源頭連接的橋樑，然後完成一幅屬於自己的能量圖...這會是件多麼迷人的事...

 這件事本身就是個自我療癒的過程...
不用擔心自己不擅繪畫，我們有工具、有直覺，只需要有一個嘗試的心願，一切就夠了...

 在課程中Shanti
會帶領大家經由專注、經由光語冥想，建立起與Shanti光語能量圖同樣源頭的內在能量連結，並且在生命之花與神聖幾何的基本結構之上，搭建起屬於你自己的能量圖，有你自己獨一無二的展現...

 然後，讓手裡的筆帶著自己繼續畫下去...


❤《關於Shanti Yang》
光語淨化與脈輪療癒冥想帶領者
光語療癒能量圖創作者
天使靈氣師父級、源場乙太療癒法
擴大療癒法一、二級
情緒療癒工作坊帶領者
光的課程資深教師
華航空服員

【時間】
9 / 28-29 (六、日) 9：30-17：30 

【費用】
9/18前報名繳費享早鳥優惠價(含材料費、相框)

 【地點】
中華新時代協會 台北市大同區民族西路169巷7號（近圓山捷運站） 

【報名連結】
https://forms.gle/rthYL4W9YyHUonhJ7

 --------

 【Shanti光語脈輪療癒冥想精華影片7/20】
主題：《海底輪》
https://www.facebook.com/cnas0778/videos/2938233433068393/","1569735263"
"https://www.facebook.com/cnas0778/posts/2902970193076386","1557484500","❤張鴻玉老師 - 【活出豐盛與無限課程精華】
主題：《為自己的快樂負責》
時間：2019/5/7(週二)

新時代的想法就是你要為自己的快樂和痛苦負責，沒有人應該要傾聽你，你應該要先傾聽你自己，學習如何跟自己的孤單相處。

 ------------

★走出家族業力(每周二晚上7:00-9:00)
歡迎新朋友、舊學員現場來報名參加
電話：0225980778、0936884380
地址：台北市大同區民族西路169巷7號1樓(近圓山捷運站1號出口7-10分鐘)
http://www.cnas.org.tw/WebMaster/…

★張鴻玉老師心靈諮商一對一服務：
http://www.cnas.org.tw/WebMaster/…","1569735263"
"https://www.facebook.com/cnas0778/posts/3073214956051908","1563075635","❤張鴻玉老師 - 【烏來-身心靈平衡工作坊】
主題：《身心靈平衡》
時間：2019/7/6(週六)

------------

★★8/20起 走出家族業力-(每周二晚上7:00-9:00)
歡迎新朋友、舊學員現場來報名參加
電話：0225980778、0936884380
地址：台北市大同區民族西路169巷7號1樓(近圓山捷運站1號出口7-10分鐘)
報名連結：https://forms.gle/UnX4TGxm3dyga5PF9

★張鴻玉老師心靈諮商一對一服務：
http://www.cnas.org.tw/WebMaster/…","1569735263"
"https://www.facebook.com/cnas0778/posts/3029226983784039","1561635333","❤【易經一日工作坊】❤
【易經】將萬事萬物區分成六十四個不同的情境，它可以協助你分析現狀，讓你知道該留意什麼？從天時、地利、人和三個外在層面，以及人生六個階段的內在層面，教你如何趨吉避害。

學會易經，你將可以瞭解目前置身在什麼樣的大環境？目前的人生處在何種階段？如果你選擇做了何種改變，將可以產生什麼樣的結果？

趕快開始學易經，讓自己的人生從此知易、行易、容易～

❤《關於亞伯Abraham Imhotep Lai》
生活易經工作坊、決策易經工作坊講師
美國歐林中心課程教師
國內多個歐林、賽斯讀書會帶領者

【時間】
【A班】
2019/7/13（六）１０：００－１７：００
【B班】
2019/7/21（日）１０：００－１７：００

【工作坊費用】含一本工具書、一套簡易占算工具、一份講義 

【地點】
中華新時代協會 台北市大同區民族西路169巷7號（近圓山捷運站） 

【報名連結】
https://forms.gle/DF4akoWpwFQv75GM9

#小班制貼心專屬教學老師可更全面的顧及到全部的學生
#占卜實戰演練
#輕鬆上手由淺入深的易經占卜
#歡迎在課堂上發問唷","1569735263"
"https://www.facebook.com/cnas0778/posts/3266325286740873","1569153601","❤張鴻玉老師 - 【走出家族業力課程精華】
主題：《愛他就讓他做自己》
時間：2019/9/17(週二)

 #歡迎轉貼分享按讚

 ------------
★8/20起 走出家族業力-(每周二晚上7:00-9:00)
歡迎新朋友、舊學員現場來報名參加
電話：0225980778、0936884380
地址：台北市大同區民族西路169巷7號1樓(近圓山捷運站1號出口7-10分鐘)
課程連結：http://www.cnas.org.tw/WebMaster/…

 ★中華新時代協會官方網站：
http://www.cnas.org.tw/WebMaster/?section=1

 ☆Facebook臉書：
https://www.facebook.com/cnas0778/

 ★張鴻玉老師心靈諮商一對一服務：
http://www.cnas.org.tw/WebMaster/…","1569735263"
"https://www.facebook.com/cnas0778/posts/3016486675058070","1561253818","","1569735263"
"https://www.facebook.com/cnas0778/posts/2883082475065158","1556756001","[公告］5/2（四）協會勞動節補休假一日[公告］5/2（四）協會勞動節補休假一日","1569735263"
"https://www.facebook.com/cnas0778/posts/3000146916692046","1560772386","❤【2019/7/16起 走出家族業力】❤
#不知不覺中複製了父母的人生
#想要活出自己的人生卻不知道該怎麼做
#歡迎新朋友與舊學員參加

所謂業、就是行動，就是因果。
凡事皆有因，有因就必然會有果。

 破解魔咒，走出家族業力，創造自己想要的自由與豐盛的人生，我們需要提升自己的意識與覺知力......


❤【帶領人】
帶領人-#張鴻玉（Alima）
中華新時代協會賽斯學派心靈輔導師 
印度奧修多元大學個案諮商師
著有《愛他，就讓他做自己》《愛自己的7堂必修課》《其實你不懂我的心》《你的珠寶盒夠大嗎？》《如實面對》《活出無限》《中年叛逆》《在愛上你之前，我已愛上自己》、《原諒自己》及有聲書《講解賽斯書――心靈的本質》第一、二集。

-----
【課程時間】
2019年7月16日起，週二19:00-21:00
【課程費用】
2019年7月6日前報名享💖早鳥優惠價💖
【上課地點】
中華新時代協會 （近圓山捷運站）台北市民族西路169巷7號
【洽詢電話】
(02)2598-0778、0936-884-380蔡小姐
【報名連結】
https://forms.gle/UnX4TGxm3dyga5PF9

-----
【張鴻玉老師演講影片】
★親密關係新書講座
https://youtu.be/Hkc3QRh6T9o

★中年叛逆書籍講座(中正紀念堂)
https://youtu.be/2ritcHmULdM
-----
【心靈談話-一對一服務】
https://reurl.cc/6R3X5

 #中華新時代協會#新時代協會#新時代思想
#newage#奧修#賽斯#賽斯學派#賽斯文化#身心靈成長","1569735264"
"https://www.facebook.com/cnas0778/posts/2877181028988636","1556541138","❤張鴻玉老師 - 【活出豐盛與無限課程精華】
主題：《我們是自己命運的主人！》
時間：2019/4/23(週二)

------------

★走出家族業力(每周二晚上7:00-9:00)
歡迎新朋友、舊學員現場來報名參加
電話：0225980778、0936884380
地址：台北市大同區民族西路169巷7號1樓(近圓山捷運站1號出口7-10分鐘)
http://www.cnas.org.tw/WebMaster/…

★張鴻玉老師心靈諮商一對一服務：
http://www.cnas.org.tw/WebMaster/…","1569735264"
"https://www.facebook.com/cnas0778/posts/2999904060049665","1560764112","❤【易經一日工作坊】❤
【易經】將萬事萬物區分成六十四個不同的情境，它可以協助你分析現狀，讓你知道該留意什麼？從天時、地利、人和三個外在層面，以及人生六個階段的內在層面，教你如何趨吉避害。

學會易經，你將可以瞭解目前置身在什麼樣的大環境？目前的人生處在何種階段？如果你選擇做了何種改變，將可以產生什麼樣的結果？

趕快開始學易經，讓自己的人生從此知易、行易、容易～

❤《關於亞伯Abraham Imhotep Lai》
生活易經工作坊、決策易經工作坊講師
美國歐林中心課程教師
國內多個歐林、賽斯讀書會帶領者

【時間】
【A班】
2019/7/13（六）１０：００－１７：００
【B班】
2019/7/21（日）１０：００－１７：００

【工作坊費用】含一本工具書、一套簡易占算工具、一份講義 

【地點】
中華新時代協會 台北市大同區民族西路169巷7號（近圓山捷運站） 

【報名連結】
https://forms.gle/DF4akoWpwFQv75GM9

#小班制貼心專屬教學老師可更全面的顧及到全部的學生
#占卜實戰演練
#輕鬆上手由淺入深的易經占卜
#歡迎在課堂上發問唷","1569735264"
"https://www.facebook.com/cnas0778/posts/2603313123042096","1549371000","你的集中焦點在別人身上─你的執迷別人─才是造成關係失敗的原因

 #與神對話
#與神對話佳句
#金句
#中華新時代協會","1569735264"
"https://www.facebook.com/cnas0778/posts/3172640142776055","1566280721","今天張鴻玉老師的課程開課，歡迎晚上七點來上課

 中華新時代協會交通資訊
http://www.cnas.org.tw/WebMaster/?section=86","1569735264"
"https://www.facebook.com/cnas0778/posts/3114067891966614","1564576200","🎊號外！🎊號外！
早鳥優惠價到6/19(三)唷~
又是一個跟天使共同合作的饗宴了😍😍
⚜️有上過【天使靈氣初階】的朋友們，趕緊把握時間前報名唷！⚜️
🙌10/25-10/27【天使靈氣進階】報名連結
https://forms.gle/jtmt6uAqKG8DxaA39","1569735264"
"https://www.facebook.com/cnas0778/posts/3269199849786750","1569220992","❤【易經占卜-入門班】❤
本課程係藉由占卜為切入面來了解易經，讓學員能善用手邊占卜用具及工具書，了解中國古代學者以易經做為修身奉行的圭臬的核心思想。本課程為入門課程。

 學會易經，你將可以瞭解目前置身在什麼樣的大環境？目前的人生處在何種階段？如果你選擇做了何種改變，將可以產生什麼樣的結果？

 趕快開始學易經，讓自己的人生從此知易、行易、容易～

【入門班大綱】
●1. 從八卦開始
●2. 如何占筮取卦
●3. 卦的結構/認識六十四卦
●4. 占算解卦
●5. 如何善用工具書
●6. 易經學習之路

❤《關於亞伯Abraham Imhotep Lai》
美國歐林中心課程教師
生活易經工作坊、決策易經工作坊講師
國內多個歐林、賽斯讀書會帶領者

【時間】
【A班】
2019/9/28（六）１０：００－１７：００
【B班】
2019/10/6（日）１０：００－１７：００

【工作坊費用】含一本工具書、一套簡易占算工具、一份講義 

【地點】
中華新時代協會 台北市大同區民族西路169巷7號（近圓山捷運站） 

【報名連結】
https://forms.gle/5dyD4CNshSsAaAUDA

#小班制貼心專屬教學老師可更全面的顧及到全部的學生
#占卜實戰演練
#輕鬆上手由淺入深的易經占卜
#歡迎在課堂上發問唷","1569735264"
"https://www.facebook.com/cnas0778/posts/2574482905925118","1544446200","✨❤【神秘學院天賦開啟(初階)】❤
【在這工作坊你將學習到甚麼】
你此生所擁有的天賦能力的範圍，其實在出生之前，靈魂就已經做好的設定，這是構成你此生生命藍圖最重要的部分之一。

當你希望鬆開這些對天賦的原生限制，善用你可以擁有的更多的天賦特質，首先你就必須要清楚，你想擁有的天賦究竟為何，以及你願意用用這些天賦，承諾為你的生命做出什麼樣不同的改變與創造。
然後透過與靈魂、高我的重新約定盟誓，讓靈魂為你打開這個天賦通道。

※小班制的貼心專屬教學😍，老師可更全面的顧及到全部的學生，也歡迎在課堂上發問唷💫

【神秘學院】系列是來自在亞特蘭提斯的大祭司的教導。。
這是一位來自於天狼星的高靈，在亞特蘭提斯時期，曾經擔任十二位高等祭司當中的一位，在文明陸沉之前，帶領著族人移居到美洲，將文明的古老智慧，禮敬大地與之上所有生命的天賦特質，完整地保留下來。

❤【帶領人】
亞伯Abraham Imhotep Lai
美國歐林中心課程教師
生活易經工作坊、決策易經工作坊講師
國內多個歐林、賽斯讀書會帶領者

❤️【時間】
2019/1/20 （日）１０：００－１７：００
📣【地點】✨
中華新時代協會 （近圓山捷運站）台北市民族西路169巷7號
【洽詢電話】
(02)2598-0778、0936-884-380蔡小姐

 【報名連結】
https://goo.gl/forms/fsrU5sef3fXTdWqP2

 【上課心得分享】
https://ppt.cc/fYuUNx


 #你想開啟什麼天賦呢
#一起來跟高我及靈魂一起合作打開天賦通道吧
#除了開啟天賦也可以選擇關閉唷
#神秘古文明
#亞特蘭提斯
#天狼星","1569735264"
"https://www.facebook.com/cnas0778/posts/2020983657941715","1516969801","【大地震，大啟示】／張鴻玉Alima
日本311大地震所帶來的種種災難，讓坐在電視機前的我，看得雞皮疙瘩都起來了。
除了震驚、不捨與難過之外，我在此為所有的日本國民祈福，希望他們能安然度過最黑暗的時期，重見光明健康的生活。

遭遇到如此大的死傷與困境，相信許多人都不明白，老天為何要如此殘酷的對待祂的子民？ 
有人想：「萬事發生皆有因果」，日本知事石源慎太郎因此說出了「天譴」的字眼。

研習「新時代」思想多年，我不認為這事件是「天譴」
而寧願去探索：「是什麼樣悲觀的想法與情緒，因此建構了日本集體恐懼的潛意識？最後形成了這般的實相？」

人類的意識中有太多的無明，我們會用集體的潛意識創造出什麼，有時真得很難明白
不過，擔心與害怕一點也沒有用
既然每個人到了某一天，終必將邁入死亡，我們又何必花心思去防患這必然的未來？

其實，對靈魂來說，死亡的形式與方法不同，都是靈魂自己的選擇，靈魂並不會因此感到害怕與在意。

這樣的說法，許多人一定無法理解，
但活在這個世界已經60 年的我
卻真的體會到：不論別人怎麼死亡，我所獲得最大的啟示就是：「有一天，我也會死」

了悟了自己早晚有一天也會離開這個世界
就會開始思考：「我該如何好好活出自己有限的生命？」

想通的人，就是開悟的人

因為，此就不會再多花時間管別人的閒事
而會將寶貴的時間，全用在讓自己快樂與幸福上面

想想看，

一個每天都很快樂
都笑嘻嘻的人

他會去做壞事嗎？
他會去罵人嗎？
他會去說別人的閒話嗎？

答案是： 絕不會！

那麼，他會做什麼？

既然生命有限，當然就會趕快去做自己喜歡與快樂的事情
如此一來，生活每天都快樂充實
就算突然大浪來襲
死也死得心甘情願啊！

不要讓自己死得遺憾
就好好愛自己活出真正得自己吧！


祝福大家
Love, Alima","1569735264"
"https://www.facebook.com/cnas0778/posts/3193054157401320","1566894114","今天晚上7:00點有張鴻玉老師的【走出家族業力】課程唷

 歡迎隨時加入來上課🤩

 【課程連結】
http://www.cnas.org.tw/WebMaster/…

 【上課地點】
中華新時代協會 （近圓山捷運站）台北市民族西路169巷7號
https://www.facebook.com/notes/%E4%B8%AD%E8%8F%AF%E6%96%B0%E6%99%82%E4%BB%A3%E5%8D%94%E6%9C%83-chinese-new-age-society/%E5%AF%A6%E5%A2%83%E5%9C%B0%E5%9C%96-%E6%8D%B7%E5%BE%91%E4%BA%A4%E9%80%9A%E8%B3%87%E8%A8%8A/1653728101345672/","1569735264"
"https://www.facebook.com/cnas0778/posts/3154225854617484","1565699401","❤【Shanti療癒光語能量圖繪畫課】
#特別邀請ShantiYang老師從高雄北上開課
#讓奇妙的感受在自己的筆下成為真實
#喜歡畫畫就不要錯過這個機會

 或許你覺得自己需要放鬆、需要平靜、需要專注力、需要與內在自我連結與整合...

 而同時，光語療癒能量圖也吸引了你、甚至還給了你許多神奇的能量感受...

 那麼真的很建議你，應該來嘗試一下，讓那種奇妙的感受在自己的筆下成為真實...

 經由將意念凝聚於筆尖，拉出線條、搭起與自己內在深層源頭連接的橋樑，然後完成一幅屬於自己的能量圖...這會是件多麼迷人的事...

 這件事本身就是個自我療癒的過程...
不用擔心自己不擅繪畫，我們有工具、有直覺，只需要有一個嘗試的心願，一切就夠了...

 在課程中Shanti
會帶領大家經由專注、經由光語冥想，建立起與Shanti光語能量圖同樣源頭的內在能量連結，並且在生命之花與神聖幾何的基本結構之上，搭建起屬於你自己的能量圖，有你自己獨一無二的展現...

 然後，讓手裡的筆帶著自己繼續畫下去...


❤《關於Shanti Yang》
光語淨化與脈輪療癒冥想帶領者
光語療癒能量圖創作者
天使靈氣師父級、源場乙太療癒法
擴大療癒法一、二級
情緒療癒工作坊帶領者
光的課程資深教師
華航空服員

【時間】
9 / 28-29 (六、日) 9：30-17：30 

【費用】
9/18前報名繳費享早鳥優惠價(含材料費、相框) 

 【地點】
中華新時代協會 台北市大同區民族西路169巷7號（近圓山捷運站） 

【報名連結】
https://forms.gle/rthYL4W9YyHUonhJ7

 --------

 【Shanti光語脈輪療癒冥想精華影片7/20】
主題：《海底輪》
https://www.facebook.com/cnas0778/videos/2938233433068393/","1569735265"
"https://www.facebook.com/cnas0778/posts/3198966040143465","1567168200","2019中華新時代協會9月份最新課程
http://www.cnas.org.tw/WebMaster/uploads/file/201909.pdf
課程連結:
http://www.cnas.org.tw/WebMaster/?section=133

*原定9/7Shanti 光語脈輪冥想之II-臍輪療癒，延至11/2舉辦
http://www.cnas.org.tw/WebMaster/…


【本月特別推薦】

 [9/28-29]Shanti-療癒光語能量圖繪畫課 
講師：Shanti Yang
https://forms.gle/rthYL4W9YyHUonhJ7","1569735265"
"https://www.facebook.com/cnas0778/posts/2457865324253544","1539953400","❤【天使靈氣Q&A】 ❤
💫Q：
請問老師，在加護病房適合做天使靈氣或奉獻空間嗎？

 👼Elizabeth Kao：
我經常在醫院奉獻空間，也在重症病房傳靈氣，妳的顧慮是什麼？

 💫Q：
只是擔心會不會影響到原來在那裏的其它存有，或者和病人能量連結沒完全斷開，或者其它存有也渴望這樣的頻率，跟著自己。有需要注意什麼嗎？

 我只是再想，要怎麼幫忙，對所有相關的人(包括我,病人,家屬)和其它空間存有，是最好的。

 👼Elizabeth Chou：
妳信任天使嗎？並不是你ㄧ個人在運作天使靈氣，可以說是天使王國環繞著妳在傳送天使靈氣，在祂們的護持下會有什麼差錯呢？

 天使是充滿包容與無條件愛的存有，祂們會圓滿周全一切，不論是活著的人或往生的人，天使都很樂意服務照顧。

 對於靈體的恐懼是我們很多人要去清理釋放的。
阿飄也是某些人往生的親友，並不是所有的阿飄都是壞人，如果不想連結到不善良的靈體，就要讓自己保持在正能量，這樣頻率就不會與之共振。","1569735265"
"https://www.facebook.com/cnas0778/posts/2700225260017548","1549632645","《大天使夏彌爾 ~ 問情是何物》~Elizabeth Chou伊莉莎白的傳訊

 我親愛的朋友， 我是大天使夏彌爾， 能夠服務人類朋友實在是我無上的光榮， 我是多麼期待這一刻的到來，陪伴你們一起走向更和諧、更有愛、更有方向的未來!

 問世間情為何物，直教人生死相許?

 人類是來到地球體驗刺激的感官享受、經歷錯綜複雜情緒的冒險家與企業家。
你們深入物質世界來實地驗證佛家所說的眼耳鼻舌身意的諸多覺受。
而愛情是讓你又愛又怕受傷害，卻又無法抗拒的吸引力與誘惑；是你想要一窺究竟，卻不小心一頭栽進去的無底深淵；是讓你牽腸掛肚、無可奈何的剪不斷理還亂；是讓你越挫越勇、永不放棄的偉大冒險。
 

 當你陷入情愛的泥沼中， 通常都遺忘了早先你進入這段感情的初衷 : 每個靈魂降臨地球之初， 都預先設定了要闖關的生命課題。
你的生命藍圖安排你與情人展開一段愛怨交織的追逐，目的是要引導你看到人的獨立性與個體性。 

 在戀愛的狂潮裡， 你愛的難分難解，
愛的魂不附體。你最大的問題，是在愛情的競技場裡，為了追愛迷失了自己，忘記了自己的存在，忘記了自己也是有情緒、有個性、必須要呼吸的生命體。 

當你陷溺在情海中，你經常忘了要呼吸，因為你總是屏氣凝神，總是緊張期待的在意著對方。她就像是你眼中鎖定的獵物，你緊盯著她的一舉一動，
小心觀察著她的言行舉止、她臉上的表情、她的肢體動作；你忙著揣測她的意念與心思，窮於應付她傳遞給你的訊息，你真的忘了自己，你無意識的克制了自己的情緒，壓抑了內在紓發自我的需要。

戀愛的狂喜翻覆了整個你，你嘗遍了愛情的酸甜苦辣，你不是擔心自己的表現不夠出色，影響了她對你的好感；不然就是憂慮有第三者出現，搶走了你的摯愛。你總是忘了要呼吸、忘了自己的存在、忘了自己的需要，忘記了自己的本質。
 

依我們天使看來，生命投注在愛情的苦心，是為了經由戀愛的盲目來自我覺察， 自己是如何的徬徨迷失在想要得到對方的愛， 以至於疏忽了自我的價值，
疏忽了要呼吸，疏忽了要先關注自己。 而當戀曲走到盡頭， 你發現不管你有多麼努力、
多麼認真的付出都無法讓對方回心轉意，你才恍然大悟自己依舊是孓然一身、單獨的走在人生的道途上。 

而情人是在你的生命歷程裡前來協助你的友善靈魂。不論在分手後你是仍然愛著她、 忘不了她、 埋怨她或甚至仇恨她，
在靈性層面的實相，她們都是前來教導你學會愛自己的教練、導師與靈魂朋友。

生命在地球長跑的終點是要看到愛、認出愛。 你找到愛、發現愛的地方，都不會在你自身之外，只會在你的心靈之內。 因為靈魂最珍愛、最重視、最想保護的是自身。
這麼說並不是指責靈魂是無情自私的， 而是靈魂深刻的感知到，
唯有自我成長茁壯，才能免於愛的貧困匱乏，才能發揮充沛蓬勃的力量，讓靈魂之愛由內而外煥發，不僅滋養了自己，也溫馨了別人。 

服務別人、 關心別人、 照顧別人是靈魂與生俱來，神在創造你們的時候就烙印在你們DNA的神聖意志與情操。
當你們有能力去庇蔭關照周圍的生命，你們潛在的本能所表現出來的慷慨大方、悲天憫人的胸懷就是最好的印證。 

這種情操也很容易被你們移植到你所關心的、你所愛的人身上。你認為愛一個人便是要奉獻犧牲去關照她所有的一切，如此才能彰顯你對她的真情摯愛，
但往往這樣的舉動會讓她備受壓力、感到窒息。 

我說過， 每個人都需要呼吸， 呼吸代表能夠向前與後退的空間，讓你們能夠自由伸展、自我放鬆。 當你因為愛一個人而緊迫盯人、緊追不放的時候，
通常會為對方帶來強烈的壓迫感而引起她的反彈與抗拒。 她不耐的反應讓你更加緊張，更形自責，莫非自己哪裡做得不夠、不恰當?
你因此越發大費周章、想方設法試圖彌補安撫她的抗議與不滿，結果，你們之間的關係更為惡化緊繃，你更無法順暢呼吸了。 

因為你的緊張緊繃， 這壓迫性的力量堵塞了你呼吸的通道，
影響了你的心肺與呼吸系統，你的腦與身體裡的臟器沒有得到足夠氧氣的供應與補充，整個身體的能量陷入了橫衝直撞的失控與混亂， 這讓你更看不清楚你與對方的關係與進展。
你的腦袋越來越沉重，越來越稠密，似乎有一團黑暗充滿了腦袋讓你無法思考， 因為身體缺氧， 你開始感覺到頭痛、呼吸困難， 這是典型的戀愛恐慌症。 

我所看到的，你的愛情總是不由自主的把自己與情人綑綁在一起， 因為你強烈的佔有慾像是禁錮你們的枷鎖與牢籠，把你們關起來鎖上。 你不想讓對方離開，
然而自己也得不到自由。 就像你們傳唱的歌曲： 你儂我儂，你多麼希望自己和情人能像是泥土一樣， 用愛調和在一起，永不分離。 這就是為什麼你的情人，
最後總是決定離開你，逃離你遠遠的原因。 

如果，當你進入一段感情關係， 你不會想要緊依附對方不放，能給予對方多一點時間來認識你、了解你、接納你， 你就可以在對方與自己之間建構一個神聖的空間。 

這神聖的空間可以讓你們來去自如。當你們進入這神聖的空間，你們可以你儂我儂、忒煞情多，你可以坦白熱情的展現你對她的愛，她也可以在這裡接受你的愛、
回饋你對她的愛。你們互相理解、互相包容、互相去探索愛情的各個面向，你們像是有觸角的昆蟲， 在這個神聖的空間裡，
互相摸索對方，在對方的生命裡探險，欣賞對方生命花園裡的奇花異草。 在這神聖的空間裡， 你們找到了彼此的共通點與差異性， 也發現了對方的底線與禁止進入的區域。 

當你們離開神聖空間回到私人的生活領域， 你會發現自己仍然是獨立自主的個體，
可以做自己喜歡做的事，可以擁有不想讓對方發現的隱私，可以與其他的世界繼續交流溝通。你在這屬於個人的世界裡得到放鬆、自在、喜悅能量的充電，所以當下次你們在神聖空間裡重聚，
你們會為對方獻出最高的尊重、最熱烈的愛意以及最體恤對方的理解與包容， 這是我建議最適合你的戀愛方式。

想要緊抓住對方的心，原因來自於你內在的恐懼與不安全感。 過往，你曾經失去心愛的寵物、 玩具、 親人與你賴以信任的朋友，這些令人感傷的記憶，沒有得到你的關心照顧，
隱藏在你內心深處的角落，神出鬼沒的出現在你的情緒感受層面，偷偷的影響著你、牽引著你，干擾你與情人的交往。

其實你的內心對愛情充滿幻想與憧憬， 你渴望擁有真愛， 卻又懷疑真愛是否能真實存在於人間。 你渴望與靈魂伴侶心有靈犀一點通的最佳默契。 

每一個人都可以吸引與自己的振動頻率一致的情人來到身邊，與你的生命之歌一同共舞唱和。 當你撫慰了內在因為失去的陰影之後，你的完整與圓滿，將有助於你戀情的發展。
你會更加信任對方， 給對方更多的自由與空間， 讓對方自然輕鬆做她真實的自己， 你也才能夠更明確的判斷她是否為真正適合你的真命天女。

我大天使夏彌爾所詮釋的真愛， 是指真實的做自己、 愛真實的自己、 允許對方如她所是做她自己、 並且也愛對方真實自我的愛情關係。 

唯有彼此坦白誠實， 你們才能輕鬆無負擔的互動， 信任與安全感會在潛移默化中醞釀出來。 隨著日積月累的相處， 你們越來越了解彼此的習慣、思想與行為模式。
因為你們都真實的表達著自己，所以不容易產生誤會。 當你們對彼此瞭若指掌、相知相惜， 你們之間的默契會昇華到心有靈犀一點通的境界。
到時候你們會視對方為自己的靈魂伴侶或雙生火焰， 這就是最適合經由人的方式而呈現的靈性之愛! 

因此我親愛的朋友，所謂靈性之愛不是從天而降， 無中生有，突然臨幸在你與另一半之中。 在這蓋亞之星所掌管的三度空間， 你們必須以人的方式來進行，
把靈性之愛顯化落實在人間。 當你們雙方的心胸更為開闊敞開、 你們的眼界視野更無遠弗屆、 你們的靈性更為提升，
你們就能夠以不受限的思維、更高的頻率來看待你們的另一半、 來看待愛情、 看待婚姻、 甚至推及到你所有的親子、 朋友、 職場的人際關係，
這全都是靈性之愛能恩惠澤被的範圍。

你們每個生命都是愛的存有， 都是充滿愛的存在。 你們都是造物主以愛的能量所孕育出來，有著以慈悲大愛服務眾生，
以真善美為本質的偉大造物。你們來到地球好奇的探險，都是為了證明：不管你們的靈魂置身何處， 愛都不會離開你們， 愛都永遠存在於你們之內。 

每個人的內心都被點燃著一把愛之火， 只是有些人愛的火焰比較大， 有些人的火焰比較小。 你們所涉獵的一切， 包括愛情、 友情、 親情，
都是為了助燃內在愛之火的酒精與火藥。 當你們與情人一同沐浴在愛河裡， 你們內在的愛之火焰，會燃燒的更加熾烈旺盛。 

你總是恨不得把堆積在心裡所有的感情， 都捧出來獻給她、 歌頌她、 禮讚她；恨不得能開膛剖肚讓她看見你對她此生無悔的愛。 因此，當你們談戀愛，
你們內在的愛會被開發得更多！會被生產的更多！ 而由於內在愛之火熊熊的燃燒， 你們整個人會變得容光煥發、明艷照人，因此你們經常說， 戀愛中的女人最美！ 同理可證，
戀愛中的男人也最帥! 

我們天使是非常鼓勵你們談戀愛的。 當我們看到你們因為熱戀快樂地手舞足蹈， 我們會在你們身邊開心雀躍的齊聲歡唱，
為你們伴奏著愛的羅曼史。但是，當你們因為失戀而痛哭流涕，因為離婚而傷心欲絕，我們則是心疼不捨的陪伴著你們、安慰照顧你們、為你們加油打氣，鼓勵你們重新提振出愛的勇氣。
 

下一個女人會更美， 下一個男人會更好，是個很不錯很正面的想法。 千萬不要因為一次失戀或失婚的打擊， 就一蹶不振不敢再愛或再婚，這是非常可惜的。

試著從每次的分手離異去認出自己的價值與偉大， 從失戀與破碎的關係裡回顧過往為了戀情、為了婚姻，
你付出了多少的努力、下足了多少功夫。這些努力與功夫都是滋養你、帶領你培育出未來美滿戀情與幸福婚姻的幕後功臣，為你靈魂的成長帶來功不可沒的助益。

戀情的無疾而終、 婚姻的無法白頭偕老，真的不是你的錯，也不是你不夠好。 只是在進入美滿戀情或幸福婚姻的狀態之前， 你還有其他的風景要欣賞，
還有不同的道路要走過。 所以我鼓勵你，我親愛的朋友，請繼續懷抱著信心與勇氣去付出愛與接受愛， 這將把你引領到可以看到加勒比海美景的白色禮堂，
在那裡你可以選擇與自己的內在完婚， 或者選擇與人世間未來的妻子結婚，這都是可能存在的實相。 

其實， 人類談戀愛的始意， 並不是為了結婚， 也不是為了傳宗接代， 更不是為了填補內在心靈的空虛寂寞。 因為靈魂本自圓滿俱足，
不需要借助其他靈魂的加入來填補缺塊。 談戀愛是為了經由愛情的火花，來點亮愛自己的這條已經荒廢頹圮、 雜草叢生，幾乎看不到路的羊腸小徑。
經由愛情，你們讓內在的愛之火光芒萬丈， 這光芒照亮了你找到愛自己的路， 沿著這條愛的道路走下去， 你會發現對自己的愛，藉由你對別人付出愛而找到對自己的愛 。

當你們為了吸引心儀的對象， 平常不修邊幅、 疏於打理自己的你們，總是願意為了讓對方眼睛一亮、驚為天人而刻意修飾裝扮自己。
美麗的妝容、合宜的服飾、得體的言行舉止， 當你們喜悅於鏡中自己的神采飛揚與婀娜多姿， 這就是愛自己的第一步。 

若是發現對方有特別的才藝、興趣或嗜好， 為了迎合對方的喜好、拉近彼此的距離、得到對方的認同， 你們會督促自己去學習認識相關的技能與活動，
這種自我充實成長的表現， 是愛自己的第二步。 

當你們絞盡腦汁、花費心思企圖讓自己成為對方的唯一，充塞在對方的心裡跟眼裡， 讓對方容納不下別人， 結果卻事與願違而傷心落淚、痛苦萬分時，你們開始自我檢視省思，
自己哪裡不夠好? 什麼原因造成戀情不能有圓滿的結果? 內在種種的不解、不滿、憤怒與委屈的情緒逐漸的發酵讓你們感受到自己的不值與不受重視。
於是你開始去思考自我價值與生命存在的目的，你不是看見自己的不足， 便是看見自己的美好， 如此因為自我醒思而頓悟，是愛自己的第三步。 

若是你們願意放下對負心漢、 對花心女的憤怒與仇恨， 轉而誠心祝福他們早日找到更適合的對象，同時你也收拾好情緒、療癒好自己， 重新振作、 再次出發，
宛如脫胎換骨拿回自己的力量， 明白談戀愛不是委曲求全，不是為了取悅對方而壓抑自己，也不是為了獨佔對方。你有新的省思與體悟， 你發現你可以化被動為主動，
你可以自己決定是否繼續談戀愛、是否再婚或保持單身。 你擁有自主權，你不再需要依賴別人過生活， 你不再把力量交給別人， 你能夠自由自在的創造你想要的生活。

你領悟到愛情只是你生活的調味料而不是全部。談戀愛是為了讓自己快樂、更有自信； 戀愛就像是蜂蜜，是用來潤滑自己、肯定自己、讓你感到幸福甜蜜，
讓你看到自己的完整圓滿與自主性。 

如此你的戀愛會談得越來越成熟， 你會給予雙方足夠的自由與空間，你不需要緊鎖住對方不放或害怕她離開你。 因為你了解， 你內在對自己的愛已經飽足滿溢，
而對方的愛就像是蜂蜜一般， 是來點綴你生活的美味， 你將更順暢、更暢所無阻的行走於人世間，愛情從此變成了美味的蜂蜜，而不是療癒生命的苦藥。 

以上，是我大天使夏彌爾對於輕鬆談戀愛的看法， 希望對你們有所幫助。
我親愛的朋友，感謝你的提問，辛苦你了。我很樂意與你們談談有關愛情、婚姻、親子或職場工作的話題。 我很樂意與你們盡情暢談人世間的喜怒哀樂與悲歡離合。 

讓我們把天使更遼闊的視野與思維帶入人類無奈與愁苦的生活中，協助你們經由不同的角度與立場來看待你們生活中的點點滴滴，把鬱悶轉化成喜悅，
這是我們天使來到這裡幫助你們最主要的目的。 

希望經由我們的合作， 能夠幫助你們改變自己、 改變生活、 改變生命與環境， 這是真實偉大的功德與建業! 那麼就讓我們談心到此， 期待下次更快樂的相逢，
我是深深愛著你們的大天使夏彌爾，我們下次見!


－－－－－
【2019/3/17 大天使夏彌爾&愛神哈索爾～甜蜜愛情教室】
報名連結：https://goo.gl/forms/1oCyD82R0gKoqGCO2
#限15名額欲報從速","1569735265"
"https://www.facebook.com/cnas0778/posts/2595492967157445","1545297464","🙌【2019/3/1-3天使靈氣大師階工作坊】❤
我們感謝你們接受教師的職責，並知曉這將為你們此生與其他次元的領域帶來極大的祝福!
當你們聚集在這裡參加這一個工作坊，你們都已經被光的天使王國看到、認識到與注意到了。
你們的靈魂、神性召喚你們將你們帶到這裡，因為此時的你們已經接受了你們的職責， 致力於將我們的愛與光錨定在地球的服務。
你們今日聚集於此是一件偉大不平凡的事， 你們的臨在與意圖已然碰觸到整個人類的意識。
隨著接下來幾天的能量整合， 你們將會真正的得以轉化， 你們的意識與光體將會不斷的放射出我們的愛之振動!
要記住你們永遠無法與我們分開! 你們是我們的光的使者!
~來自光的天使王國的訊息~

 
※這是英國天使靈氣系統必須完成的最後一個工作坊，所有順利完成訓練取得大師級證書的學員們的名字將被標示在英國官方網站，以提供全球各地對天使靈氣有興趣的學生查詢備用，可在帶領工作坊時使用英國天使靈氣的標誌並獲得與相關事務的認可與支持。


◎【報名資格】需完成Elizabeth老師天使靈氣一二、三四階工作坊、天使靈氣專業執行師工作坊

❤【帶領人】
Elizabeth Chou伊莉莎白
英國天使靈氣師父、英國黛安娜庫柏學校天使(Diana Cooper School of Angels& Ascension ) 、獨角獸、列木里亞行星療癒老師、
天使訊息管道、天使個案諮詢工作者、光的課程帶領人、合一傳導師。

-----

【工作坊時間】
2019/3/1(五)19:00-21:00、3/2-3(六、日) 9:30~18:30

【工作坊費用】
2/20前報名並繳費完成 可享早鳥價

【工作坊地點】
中華新時代協會 （近圓山捷運站）台北市民族西路169巷7號

【報名連結】
https://goo.gl/forms/Cq27fo6syqA6atsj2

#取得英國天使靈氣認證大師級證書
#名字將被標示在英國官方網站
#來自光的天使王國的資訊與祝福
#認識天使王國與生命之樹高階清理與點化
#大師階清理業力釋放與點化
#大師階提高感官敏銳度強化練習
#大天使級大師階點化與祝福
#教師培訓演練
#創設工作坊的實用性建議
#帶領工作坊療癒實踐的專業指導","1569735265"
"https://www.facebook.com/cnas0778/posts/2732580726782001","1553148069","❤【2019/8/9-11神聖月光獨角獸工作坊】 ❤
在黃金時期獨角獸存在於亞特蘭提斯，每個人都能夠與祂們連繫，就像連繫天使與指導靈一樣。 

在這個工作坊中， 伊莉莎白將在大天使漢尼爾(Archangel
Haniel)的陪同下，帶領大家進入獨角獸與飛馬的世界，認出與自己連結的獨角獸、與獨角獸互動合作為他人服務、運作獨角獸靈氣來療癒自己與別人、並且進入第七次元的高度顯化頻率中來實現靈魂的願望。

-----

★此工作坊是成為英國黛安娜庫柏揚昇學校(Diana Cooper Angels& Ascension School)獨角獸老師的暖身課程。
❤【帶領人】
Elizabeth Chou(伊莉莎白)
英國天使靈氣師父、英國黛安娜庫柏揚昇學校天使、獨角獸、揚昇大師、亞特蘭提斯與列木里亞行星療癒老師、天堂香巴拉引導者、光的神聖國度的訊息管道、個案諮詢工作者、光的課程帶領人、合一傳導師

❤【時間】
2019/8/9(五)~8/11(日) AM10:00~PM17:00 

❤【地點】
中華新時代協會 （近圓山捷運站）台北市民族西路169巷7號

❤【費用】
7/31前報名繳費享早鳥價；另有兩人同行優惠
(含課程、中文講義、獨角獸靈氣水晶、黛安娜庫柏揚昇學校參與課程證書)

❤【報名連結】
https://goo.gl/forms/tKqC6f1ESab8kpMb2


★獨角獸日記（1）
https://www.facebook.com/elizabeth.chou.16/posts/1060726054029993

 ★獨角獸日記（2）
https://www.facebook.com/elizabeth.chou.16/posts/1063460017089930

 ★獨角獸日記（3）
https://www.facebook.com/elizabeth.chou.16/posts/1074075716028360

 ★獨角獸日記（4）
https://www.facebook.com/…/a.10013331865…/2419807608059316/…

 ★獨角獸日記（5）
https://www.facebook.com/…/a.10013331865…/2426316744075069/…

 #連結屬於你的獨角獸
#接受獨角獸靈氣初階與高階開悟點化
#製作實現靈魂願望精油
#使用獨角獸卡為他人諮詢服務
#與獨角獸直接對話溝通接收獨角獸的訊息","1569735265"
"https://www.facebook.com/cnas0778/posts/2828803737159699","1554721681","❤【2019/4/19-21神聖月光獨角獸工作坊】 ❤
在黃金時期獨角獸存在於亞特蘭提斯，每個人都能夠與祂們連繫，就像連繫天使與指導靈一樣。 

在這個工作坊中， 伊莉莎白將在大天使漢尼爾(Archangel
Haniel)的陪同下，帶領大家進入獨角獸與飛馬的世界，認出與自己連結的獨角獸、與獨角獸互動合作為他人服務、運作獨角獸靈氣來療癒自己與別人、並且進入第七次元的高度顯化頻率中來實現靈魂的願望。

-----

★此工作坊是成為英國黛安娜庫柏揚昇學校(Diana Cooper Angels& Ascension School)獨角獸老師的暖身課程。
❤【帶領人】
Elizabeth Chou(伊莉莎白)
英國天使靈氣師父、英國黛安娜庫柏揚昇學校天使、獨角獸、揚昇大師、亞特蘭提斯與列木里亞行星療癒老師、天堂香巴拉引導者、光的神聖國度的訊息管道、個案諮詢工作者、光的課程帶領人、合一傳導師

❤【時間】
2019/4/19(五)~4/21(日) AM10:00~PM17:00 

❤【地點】
中華新時代協會 （近圓山捷運站）台北市民族西路169巷7號

❤【費用】
4/9前報名繳費享早鳥價；另有兩人同行優惠
(含課程、中文講義、獨角獸靈氣水晶、黛安娜庫柏揚昇學校參與課程證書)

❤【報名連結】
https://goo.gl/forms/1msOJT1bGRyprrmS2

 ★獨角獸日記（1）
https://www.facebook.com/elizabeth.chou.16/posts/1060726054029993

 ★獨角獸日記（2）
https://www.facebook.com/elizabeth.chou.16/posts/1063460017089930

 ★獨角獸日記（3）
https://www.facebook.com/elizabeth.chou.16/posts/1074075716028360

 ★獨角獸日記（4）
https://www.facebook.com/…/a.10013331865…/2419807608059316/…

 ★獨角獸日記（5）
https://www.facebook.com/…/a.10013331865…/2426316744075069/…

 #連結屬於你的獨角獸
#接受獨角獸靈氣初階與高階開悟點化
#製作實現靈魂願望精油
#使用獨角獸卡為他人諮詢服務
#與獨角獸直接對話溝通接收獨角獸的訊息","1569735265"
"https://www.facebook.com/cnas0778/posts/236383873085443","1318816527","中國基本古籍庫 (ZHONG GUO JI BEN GU JI KU)
中國基本古籍庫精選先秦至民國的歷代重要典籍，包括流傳千古的名著、各學科基本文獻以及具有拾遺補缺作用的特殊著作等。各據完本及現存最早之本或晚出精刻精校本，採用先進的數字化技術製成數碼全文，另附1-2個珍貴版本的原版影像","1569735265"
"https://www.facebook.com/cnas0778/posts/2867411863298886","1556179187","神聖月光獨角獸工作坊舉辦成功~~這個工作坊真的是小編認為CP值最高的課了，下次開課時間是2019/8/9-11(五-日)，歡迎對獨角獸影興趣的朋友們多多注意最新消息唷！

 #連結屬於你的獨角獸 #接受獨角獸靈氣初階與高階開悟點化 #製作實現靈魂願望精油 

 ★獨角獸日記（1） https://www.facebook.com/…/a.10013331865…/2419777881395622/… 

 ★獨角獸日記（2） https://www.facebook.com/…/a.10013331865…/2419787701394640/… 

 ★獨角獸日記（3） https://www.facebook.com/…/a.10013331865…/2419792534727490/… 

 ★獨角獸日記（4） https://www.facebook.com/…/a.10013331865…/2419807608059316/… 

 ★獨角獸日記（5） https://www.facebook.com/…/a.10013331865…/2426316744075069/…","1569735266"
"https://www.facebook.com/cnas0778/posts/2799619416744798","1553596296","#張鴻玉老師演講就在今日

 ❤️歡迎現場報名來聽演講，如何活出豐盛與喜悅的生活。

 【演講時間】
2019/3/26(二) 晚上7:30-9:30
【演講地點】
中華新時代協會 （近圓山捷運站1號）
台北市民族西路169巷7號","1569735266"
"https://www.facebook.com/cnas0778/posts/3153825287990874","1565688600","❤【Shanti光語脈輪療癒冥想之II—臍輪療癒】
#特別邀請ShantiYang老師從高雄北上開課
#課程費用親民價
臍輪是我們“關係”的樞紐，親密關係中的愛與逃、性的罪與罰、情緒的露與藏，都在這裡上演...

 臍輪往往是兩性關係的重災區，一直在等待著我們去療癒…

 
當我們一直無法擁有良好的親密關係、或是對性充滿負面觀點與罪惡感，又無法好好表達自己真實感受時，臍輪很可能已經堵塞得不輕了，這時泌尿與生殖器官問題也容易令人困擾不休...

 而深埋的負面記憶與情緒，在不被察覺的情形下，總是在生活中將我們帶進一次又一次相似的困境中，直到我們勇敢的去面對並清理為止…

 課程中，天狼星的療癒光語會協助淨化並平衡我們的臍輪，在冥想中我們也邀請守護天使一同來療癒並改寫兩性關係的負面記憶...

❤《關於Shanti Yang》
光語淨化與脈輪療癒冥想帶領者
光語療癒能量圖創作者
天使靈氣師父級、源場乙太療癒法
擴大療癒法一、二級
情緒療癒工作坊帶領者
光的課程資深教師
華航空服員

【時間】
9/7 (六) 下午2：00-4：30 

【地點】
中華新時代協會 台北市大同區民族西路169巷7號（近圓山捷運站） 

【報名連結】
https://forms.gle/qkQZuDBfPjpod8JZ9

 --------
前一次課程影片精華
【Shanti光語脈輪療癒冥想精華7/20】
主題：《海底輪》
https://www.facebook.com/cnas0778/videos/2938233433068393/","1569735266"
"https://www.facebook.com/cnas0778/posts/2438702296169847","1538485003","2018中華新時代協會10月份最新課程
http://www.cnas.org.tw/WebMaster/uploads/file/201810.pdf
課程連結:
http://www.cnas.org.tw/WebMaster/?section=133","1569735266"
"https://www.facebook.com/cnas0778/posts/2447946478578762","1540299000","所有發生的事
都意在幫助你進入更偉大的自己

 #歐林
#歐林與達本
#金句
#中華新時代協會","1569735266"
"https://www.facebook.com/cnas0778/posts/2782246561815417","1552898835","❤【2019/3/26 公益演講：活出豐盛與喜悅】❤
#張鴻玉老師的第一場公益演講
#歡迎搭上扭轉命運的列車成為生命幸福的贏家！

豐盛，並不是去跟別人比較你擁有多少財富或權利地位，而是你的內心充滿了信任與篤定，了解在這個浩瀚的宇宙中，隱含了無窮盡的愛與資源，以至於我們每個人都能隨心所欲地滿足自己的需要與願望，其中，包括了從事自己所喜愛的工作、擁有健康的身體和美好的人際關係。

 
了解心靈與信念所帶來的龐大力量後，你將逐漸放下恐懼、猜嫉與競爭，而更珍愛自己、看重自己，如同破繭而出的蝴蝶般，衝破舊有的框架，展翅高飛，為自己開創出無可限量的美好與未來。

 扭轉人生並不是奇蹟，
而是願意去了解與學習結合自己內在珍貴與巨大的力量，
允許自己享受財富與成功。


❤【帶領人】
帶領人-#張鴻玉（Alima）
中華新時代協會愛之光心靈輔導師 
印度奧修多元大學個案諮商師
著有《愛他，就讓他做自己》《愛自己的7堂必修課》《其實你不懂我的心》《你的珠寶盒夠大嗎？》《在愛上你之前，我已愛上自己》《活出無限》《中年叛逆》《如實面對》《原諒自己》
及有聲書《講解賽斯書――心靈的本質》第一、二集


-----
★場地有限，來參加者請務必預先報名★

【演講時間】
2019/3/26(二) 晚上7:30-9:30
【演講地點】
中華新時代協會 （近圓山捷運站）台北市民族西路169巷7號
【洽詢電話】
(02)2598-0778、0936-884-380蔡小姐
【報名連結】
https://goo.gl/forms/USV56o3W8603I8Em2
-----

 【張鴻玉老師最新課程】
★[4/2起]活出豐盛與無限
https://goo.gl/forms/Um6VBCYtJnvpLcgV2

 【張鴻玉老師演講影片】
★親密關係新書講座
https://youtu.be/Hkc3QRh6T9o

★中年叛逆書籍講座(中正紀念堂)
https://youtu.be/2ritcHmULdM

 -----
【心靈談話-一對一服務】
https://goo.gl/1k1jJu


#中華新時代協會#新時代協會#新時代思想
#newage#奧修#賽斯#賽斯學派#賽斯文化#身心靈成長","1569735266"
"https://www.facebook.com/cnas0778/posts/2732488186791255","1551358200","🙌【2019/6/21-23天使靈氣初階工作坊】❤
天使靈氣是【大天使麥達昶】承接造物主的旨意，為了協助地球順利的揚昇，聚集了所有天使純淨的能量以及神聖源頭的智慧、慈悲與無條件的愛，經由英國的Kevin
Core的意識與身體接引到地球。

大天使麥達昶說:「天使靈氣是充滿無條件的愛、充滿豐盛意識、充滿無限可能性與創造力，能夠化腐朽為神奇的偉大力量!每位天使靈氣的執行師，將可連結至少一位與你有緣的神聖天使、高靈或揚升大師與你一同耕耘你的靈性道路，這是我大天使麥達昶對你們的承諾!」

在這工作坊中，你將直接收到來自天使聖團的清理與點化，賦予你成為純淨通透的天使能量管道。你將學會和天使、揚昇大師和銀河星際療癒者一起工作。

※完成天使靈氣1&2階的業力清理與點化後，你將獲得英國的認證，成為天使靈氣療癒的管道，為自己與他人施作靈氣，成為天使靈氣執行師。

❤【帶領人】
Elizabeth Chou伊莉莎白
英國天使靈氣師父、英國黛安娜庫柏學校天使(Diana Cooper School of Angels& Ascension ) 、獨角獸、列木里亞行星療癒老師、
天使訊息管道、天使個案諮詢工作者、光的課程帶領人、合一傳導師。

-----

【工作坊時間】
2019/6/21(五)6:30PM~9:30PM
2019/6/22(六)~6/23(日)9:30AM~6:30PM

【工作坊費用】
6/11前報名並繳費完成 可享早鳥價
【工作坊地點】
中華新時代協會 （近圓山捷運站）台北市民族西路169巷7號

【報名連結】
https://goo.gl/forms/XoJAxnm9jh54RlO52

#與天使跟揚昇大師和銀河星際療癒者一起工作
#天使靈氣適合所有人
#願意奉獻無條件之愛渴望與天使一起工作的人
#都能夠成為靈氣執行師
#英國天使靈氣認證
#初階還有大師水晶伴隨你成長","1569735266"
"https://www.facebook.com/cnas0778/posts/2971114662928605","1559826001","❤張鴻玉老師 - 【活出豐盛與無限課程精華】
主題：《你心中有恐懼嗎？》
時間：2019/6/4(週二)這一期最後一堂課

------------

★7/16起 走出家族業力-(每周二晚上7:00-9:00)
歡迎新朋友、舊學員現場來報名參加
電話：0225980778、0936884380
地址：台北市大同區民族西路169巷7號1樓(近圓山捷運站1號出口7-10分鐘)
報名連結：https://forms.gle/UnX4TGxm3dyga5PF9

★張鴻玉老師心靈諮商一對一服務：
http://www.cnas.org.tw/WebMaster/…","1569735266"
"https://www.facebook.com/cnas0778/posts/2852662684773804","1555654211","✨❤【神秘學院天賦開啟(初階)】❤
【在這工作坊你將學習到甚麼】
你此生所擁有的天賦能力的範圍，其實在出生之前，靈魂就已經做好的設定，這是構成你此生生命藍圖最重要的部分之一。

當你希望鬆開這些對天賦的原生限制，善用你可以擁有的更多的天賦特質，首先你就必須要清楚，你想擁有的天賦究竟為何，以及你願意用用這些天賦，承諾為你的生命做出什麼樣不同的改變與創造。
然後透過與靈魂、高我的重新約定盟誓，讓靈魂為你打開這個天賦通道。

※小班制的貼心專屬教學😍，老師可更全面的顧及到全部的學生，也歡迎在課堂上發問唷💫

【神秘學院】系列是來自在亞特蘭提斯的大祭司的教導。。
這是一位來自於天狼星的高靈，在亞特蘭提斯時期，曾經擔任十二位高等祭司當中的一位，在文明陸沉之前，帶領著族人移居到美洲，將文明的古老智慧，禮敬大地與之上所有生命的天賦特質，完整地保留下來。

❤【帶領人】
亞伯Abraham Imhotep Lai
美國歐林中心課程教師
生活易經工作坊、決策易經工作坊講師
國內多個歐林、賽斯讀書會帶領者

❤️【時間】
【第一班】
2019/3/17（日）１０：００－１７：００
【第二班】
2019/4/27（六）１０：００－１７：００

 📣【地點】✨
中華新時代協會 （近圓山捷運站）台北市民族西路169巷7號
【洽詢電話】
(02)2598-0778、0936-884-380蔡小姐

 【報名連結】
https://goo.gl/forms/bNJO2Q2RVsHK7c3k1

 【上課心得分享】
https://ppt.cc/fYuUNx


 #你想開啟什麼天賦呢
#一起來跟高我及靈魂一起合作打開天賦通道吧
#除了開啟天賦也可以選擇關閉唷
#神秘古文明
#亞特蘭提斯
#天狼星","1569735266"
"https://www.facebook.com/cnas0778/posts/2678822548824486","1548760955","❤【2019/4/2起 活出豐盛與無限】❤
#開啟自己的潛能與智慧
#了解信念創造實像
#歡迎新朋友與舊學員參加

心靈大師賽斯說：「 宇宙若非有意義，就是沒意義。既然宇宙是有意義的，那麼，縱使事件顯得混亂,殘酷或怪誕的情況，也必然是要有理由及原因的。」

了解「信念創造實相」，了解「萬法唯心造」，就能在混沌中看到光明與希望，同時以無比的樂觀與自信為自己開創出豐盛的生活。

歡迎朋友們搭上這班幸運的列車，扭轉命運，開啟自己的潛能與智慧，駛向燦爛無比的前程。


❤【帶領人】
帶領人-#張鴻玉（Alima）
中華新時代協會賽斯學派心靈輔導師 
印度奧修多元大學個案諮商師
著有《愛他，就讓他做自己》《愛自己的7堂必修課》《其實你不懂我的心》《你的珠寶盒夠大嗎？》《如實面對》《活出無限》《中年叛逆》《在愛上你之前，我已愛上自己》、《原諒自己》及有聲書《講解賽斯書――心靈的本質》第一、二集。

-----
【課程時間】
2019年4月2日起，週二19:00-21:00
【課程費用】
2019年3月20日前報名享💖早鳥優惠價💖
【上課地點】
中華新時代協會 （近圓山捷運站）台北市民族西路169巷7號
【洽詢電話】
(02)2598-0778、0936-884-380蔡小姐
【報名連結】
https://goo.gl/forms/Um6VBCYtJnvpLcgV2

-----
【張鴻玉老師演講影片】
★親密關係新書講座
https://youtu.be/Hkc3QRh6T9o

★中年叛逆書籍講座(中正紀念堂)
https://youtu.be/2ritcHmULdM
-----
【心靈談話-一對一服務】
https://goo.gl/1k1jJu


#中華新時代協會#新時代協會#新時代思想
#newage#奧修#賽斯#賽斯學派#賽斯文化#身心靈成長","1569735266"
"https://www.facebook.com/cnas0778/posts/2415048931868517","1540903803","要求，你就會得到。
尋找，你就會找到。
敲門，門就會為你開。

 #與神對話
#金句
#中華新時代協會","1569735266"
"https://www.facebook.com/cnas0778/posts/3139409536099116","1565214796","相信今天不少人已經跟小編一樣被地震驚醒了
祝福大家平安
#舊文重讀
#地震的啟示","1569735267"
"https://www.facebook.com/cnas0778/posts/2457842664255810","1539326036","❤【2018/11/6起 活出豐盛與無限】❤
#開啟自己的潛能與智慧
#了解信念創造實像

心靈大師賽斯說：「 宇宙若非有意義，就是沒意義。既然宇宙是有意義的，那麼，縱使事件顯得混亂,殘酷或怪誕的情況，也必然是要有理由及原因的。」

了解「信念創造實相」，了解「萬法唯心造」，就能在混沌中看到光明與希望，同時以無比的樂觀與自信為自己開創出豐盛的生活。

歡迎朋友們搭上這班幸運的列車，扭轉命運，開啟自己的潛能與智慧，駛向燦爛無比的前程。


❤【帶領人】
帶領人-#張鴻玉（Alima）
中華新時代協會賽斯學派心靈輔導師 
印度奧修多元大學個案諮商師
著有《愛他，就讓他做自己》《愛自己的7堂必修課》《其實你不懂我的心》《你的珠寶盒夠大嗎？》《如實面對》《活出無限》《中年叛逆》《在愛上你之前，我已愛上自己》、《原諒自己》及有聲書《講解賽斯書――心靈的本質》第一、二集。

-----
【課程時間】
2018年11月6日起，週二19:00-21:00
【課程費用】
2018年10月29日前報名享💖早鳥優惠價💖
【上課地點】
中華新時代協會 （近圓山捷運站）台北市民族西路169巷7號
【洽詢電話】
(02)2598-0778、0936-884-380蔡小姐
【報名連結】
https://goo.gl/forms/frIelHCbkOgYTgrk2

-----
【張鴻玉老師演講影片】
★親密關係新書講座
https://youtu.be/Hkc3QRh6T9o

★中年叛逆書籍講座(中正紀念堂)
https://youtu.be/2ritcHmULdM
-----
【心靈談話-一對一服務】
https://goo.gl/1k1jJu


#中華新時代協會#新時代協會#新時代思想
#newage#奧修#賽斯#賽斯學派#賽斯文化#身心靈成長","1569735267"
"https://www.facebook.com/cnas0778/posts/3140290209344382","1565245729","明天有初階獨角獸工作坊，不管有沒有放颱風假，都會照常開課唷！

 歡迎來上課！

 [8/9-11]神聖月光獨角獸工作坊
http://www.cnas.org.tw/WebMaster/…","1569735267"
"https://www.facebook.com/cnas0778/posts/2782480695125337","1553331600","✨❤【神秘學院 - 金字塔療癒工作坊(初階)】❤
從2005年秋天，來自於天狼星的高靈開始進入我的生命中，祂對我做了一系列的教導， 非常廣泛卻又相當深入。

做為有一世曾經擔任古埃及王朝的大祭司 ，祂關於金字塔的教導，有著許多超乎現代科學家對金字塔的想像與理解。

從金字塔形成的幾何原理、能量場的建立，到神祕療癒能量的運用，乃至運用金字塔進行宇宙航行，在這個初階工作坊當中都會有詳細的解說與練習。

※小班制的貼心專屬教學😍，老師可更全面的顧及到全部的學生，也歡迎在課堂上發問唷💫

【初階課程大綱】 
1.介紹金字塔
2.介紹能量密室
3.下載解碼球
4.參觀能量密室
5.更換全新的身體

❤【帶領人】
亞伯Abraham Imhotep Lai
美國歐林中心課程教師
生活易經工作坊、決策易經工作坊講師
國內多個歐林、賽斯讀書會帶領者

❤️【時間】
【第一班】
2019/5/25（六）１０：００－１７：００

 【第二班】
2019/6/15（六）１０：００－１７：００

 📣【地點】✨
中華新時代協會（近圓山捷運站，台北市民族西路169 巷7號）

【報名連結】
https://goo.gl/forms/JgIbVn5RTtoLtqhz1

 【上課心得分享】
https://ppt.cc/f1YL6x

 #神秘埃及古文明
#學習使用金字塔神秘的能量來療癒自己
#冥想
#金字塔知識
#解碼球是什麼","1569735267"
"https://www.facebook.com/cnas0778/posts/2830856556954417","1554800969","❤【易經探微工作坊 ~ 從潛龍勿用到見龍在田】❤
古老的東方智慧【易經】，它能帶給您，從在生活中、工作上、感情裡尋找答案，到穿越創造豐盛自由、明晰做出決策、理智面對感情等諸多課題，而走向生命的開展、器度涵養與靈性的修練、達到與宇宙相連結，追求天人合一的境地。

 
「從潛龍勿用到見龍在田」是亞伯易經塾的初階課，針對完全沒有易經底子的學員所設計的課程，目的在學會基本的占卜，熟悉活用工具書之外，也對易經數千年發展至今，幾個重要的應用面向，其特色與根源，做一完整的介紹。

 ❤《關於亞伯Abraham Imhotep Lai》
美國歐林中心課程教師
生活易經工作坊、決策易經工作坊講師
國內多個歐林、賽斯讀書會帶領者

 【時間】
２０１９／５／１８－５／１９（六、日）
１０：００－１７：００

 【地點】
中華新時代協會 台北市大同區民族西路169巷7號（近圓山捷運站） 

【報名連結】
https://forms.gle/CLGQiNdVTx8ZrQj16

#小班制貼心專屬教學老師可更全面的顧及到全部的學生
#占卜實戰演練
#輕鬆上手由淺入深的易經占卜
#歡迎在課堂上發問唷","1569735267"
"https://www.facebook.com/cnas0778/posts/2603317579708317","1546606200","要創造一些新東西，或繼續收到更多你已有的，拿出紙筆，向上蒼寫一張謝卡。

 #歐林
#歐林與達本
#金句
#中華新時代協會","1569735267"
"https://www.facebook.com/cnas0778/posts/2668052009901540","1548313174","Elizabeth Chou
老師跟學生們整理出這幾年來對天使靈氣的親身感受，提供給大家參考，也祈願能因此增強大家的信心，引領更多人加入天使靈氣的學習，也像我們一樣成為有福之人！

❤️❤️❤️天使靈氣帶來的幫助如下：

 1. 保持內在情緒的平靜穩定，外界環境能量與集體潛意識的影響變小。

 2. 斷除執著無明，解開情緒的拉扯糾結。

 3. 快速打開靈通力與直覺力，支援輔助所有其他靈性法門與工具的學習與應用。

 4.為靈魂補充力量，小我人性面的控制越來越小，從偏離航道回到靈魂藍圖的預設目標。

 5. 意識更清晰清明，更有方向。

 6. 減輕重症病人的身體病痛，協助即將往生的人順利舒服的好走並且引導身後的方向。

 7.減輕癌症病人化療產生的副作用。

 8.對寵物的治癒與照顧。

 9. 跟天使的連結更緊密清晰。

 10. 更能付出無條件的愛，讓別人做他自己，不去批判。

 11. 乙太體的修補、身體的療癒、平衡身體脈輪有明顯的效果。

 12.負面能量、阿飄、卡陰的干擾不見了。

 13.快速解除精神疲勞，瞬間充電。

 14. 免疫力增強，不容易感冒生病。

 15.生活中的幸福、快樂、喜悅、心想事成越來越多。

 16. 更愛自己，更有自信，更年輕、更有力量。

 17. 覺得更自由、更有創造力、更有安全感、路更寬廣了。

 18.天使靈氣的療癒延伸到家族先人，一人得道，雞犬升天。

 19. 天使靈氣幫助我們從人性回到最初始的純凈神性，帶我們回歸源頭。

 20. 提升我們的意識層次，讓我們以更開闊的視野來看這個世界，看穿幻象，更容易斷捨離。

 21. 天使靈氣是解救失眠的最佳工具！

 22.因為簡單易做，比較能持之以恆，所以效果顯著。

--------------
❤️ [2019/2/15-17]天使靈氣初階工作坊招生中
https://goo.gl/forms/xcVlLFJbE2jO5b0L2","1569735267"
"https://www.facebook.com/cnas0778/posts/2536033266436749","1542713787","❤【神秘學院 - 金字塔療癒工作坊(初階)】❤
從2005年秋天，來自於天狼星的高靈開始進入我的生命中，祂對我做了一系列的教導， 非常廣泛卻又相當深入。

做為有一世曾經擔任古埃及王朝的大祭司 ，祂關於金字塔的教導，有著許多超乎現代科學家對金字塔的想像與理解。

從金字塔形成的幾何原理、能量場的建立，到神祕療癒能量的運用，乃至運用金字塔進行宇宙航行，在這個初階工作坊當中都會有詳細的解說與練習。

※小班制的貼心專屬教學😍，老師可更全面的顧及到全部的學生，也歡迎在課堂上發問唷💫

 【初階課程大綱】 
1.介紹金字塔
2.介紹能量密室
3.下載解碼球
4.參觀能量密室
5.更換全新的身體

 【時間】
2018／12／ 15（六）10：00－17：00 

【地點】
中華新時代協會（近圓山捷運站，台北市民族西路169 巷7號）

【報名連結】
https://goo.gl/forms/ATznv34sJEppDfi32

 【上課心得分享】
https://ppt.cc/f1YL6x

❤【帶領人】
亞伯Abraham Imhotep Lai 
美國歐林中心課程教師
生活易經工作坊、決策易經工作坊講師
國內多個歐林、賽斯讀書會帶領者

 #神秘埃及古文明
#學習使用金字塔神秘的能量來療癒自己
#冥想
#金字塔知識
#解碼球是什麼","1569735267"
"https://www.facebook.com/cnas0778/posts/2965460826827322","1559653201","❤【2019/7/6-7 身心靈平衡工作坊】❤
#釋放內心的壓抑的憤怒與恐懼
#歡迎新朋友與舊學員參加

 奧修說：「人類所有的痛苦都來自於無意識……」

 憤怒與恐懼，常讓人以為自己是受害者，因此感受到更多的無奈、無助、並喪失生命的活力……
身體上的疾病，是心靈受苦、受困的呼救.....
想要活得健康與愉悅，就要先擁有陽光般的正念與清靜的能量…

 『身心靈工作坊』將進行兩天的深度靜心……
讓生命成為狂喜、成為慶祝！


❤【帶領人】
帶領人-#張鴻玉（Alima）
中華新時代協會賽斯學派心靈輔導師 
印度奧修多元大學個案諮商師
著有《愛他，就讓他做自己》《愛自己的7堂必修課》《其實你不懂我的心》《你的珠寶盒夠大嗎？》《如實面對》《活出無限》《中年叛逆》《在愛上你之前，我已愛上自己》、《原諒自己》及有聲書《講解賽斯書――心靈的本質》第一、二集。

-----
【工作坊時間】
2019/7/6-7 (六、日)
【工作坊費用】
2019年6月25日前報名享💖早鳥優惠價💖
【工作坊地點】
烏來那魯灣溫泉渡假飯店
【洽詢電話】
(02)2598-0778、0936-884-380蔡小姐
【報名連結】
https://forms.gle/BU96K3KsEUbgVXFGA

-----
【張鴻玉老師演講影片】
★親密關係新書講座
https://youtu.be/Hkc3QRh6T9o

★中年叛逆書籍講座(中正紀念堂)
https://youtu.be/2ritcHmULdM
-----
【心靈談話-一對一服務】
https://goo.gl/1k1jJu

 #中華新時代協會#新時代協會#新時代思想
#newage#奧修#賽斯#賽斯學派#賽斯文化#身心靈成長","1569735267"
"https://www.facebook.com/cnas0778/posts/2732539490119458","1553691000","🎊號外！🎊號外！
早鳥優惠價到6/19(三)唷~
又是一個跟天使共同合作的饗宴了😍😍
⚜️有上過【天使靈氣初階】的朋友們，趕緊把握時間前報名唷！⚜️
🙌6/28-6/30【天使靈氣進階】報名連結
https://goo.gl/forms/28twbxYGlPcGQr1L2","1569735267"
"https://www.facebook.com/cnas0778/posts/3151548084885261","1565611221","我們都是父母悉心教養大的孩子，因此，從小耳濡目染地承襲了父母的習性、價值觀與思考模式，儘管我們擁有自己獨特的人生與夢想，卻在某個時刻猛然驚覺到，自己的命運竟然與父母有些類似？而且正依照著父母的期待、複製著他們的人生？

 
甚至，就算我們深知父母因為深愛我們、而曾在孩童時期用責怪地口氣說過：「你真是讓我失望啊！」我們卻如同被詛咒了般，一路走來，不時感覺到內心隱藏著說不出的自卑、羞愧與掙扎，因而在人生中有著被壓抑的沉悶，總是遭受到不順、不友善與挫折.....

 破解魔咒，走出家族業力，創造自己想要的自由與豐盛的人生， 我們需要提升自己的意識與覺知力......

 讓我們從8/20起，每周二19:00-21:00來一起共修吧！

 ❤【2019/8/20起 走出家族業力】❤
報名連結：https://forms.gle/UnX4TGxm3dyga5PF9

 【上課地點】
中華新時代協會 （近圓山捷運站）台北市民族西路169巷7號
http://www.cnas.org.tw/WebMaster/?section=86

 【洽詢電話】
(02)2598-0778、0936-884-380蔡小姐","1569735267"
"https://www.facebook.com/cnas0778/posts/2556142574425818","1543642765","12/1(六)~12/2(日)，因內部作業休館二日。","1569735267"
"https://www.facebook.com/cnas0778/posts/2505286522844757","1541335800","2018中華新時代協會11月份最新課程
http://www.cnas.org.tw/WebMaster/uploads/file/201811.pdf

 課程連結：
http://www.cnas.org.tw/WebMaster/?section=133

 聯絡電話：
0225980778
蔡小姐0936884380","1569735268"
"https://www.facebook.com/cnas0778/posts/2664237020283039","1548157474","恭喜各位同學結訓，在這一階的工作坊中協助靈氣執行師在完成天使靈氣3&4階的訓練後，
能夠以更專業的精神與技巧來從事療癒服務，同時也是成為靈氣師父必備的訓練課程與踏腳石。

 讓我們繼續以光和愛來服務更多 人！

 ----------

 【2019/2/15-17天使靈氣初階工作坊】
https://goo.gl/forms/xcVlLFJbE2jO5b0L2

 【2019/3/1-3天使靈氣大師階工作坊】
https://goo.gl/forms/Cq27fo6syqA6atsj2","1569735268"
"https://www.facebook.com/cnas0778/posts/2797430333630373","1553512923","張鴻玉老師的【公益演講-活出豐盛與喜悅】就在明天！

【演講時間】
2019/3/26(二) 晚上7:30-9:30

【演講地點】
中華新時代協會 （近圓山捷運站）台北市民族西路169巷7號
http://www.cnas.org.tw/WebMaster/?section=86

【洽詢電話】
(02)2598-0778、0936-884-380蔡小姐

【報名連結】
https://goo.gl/forms/USV56o3W8603I8Em2","1569735268"
"https://www.facebook.com/cnas0778/posts/2814939945212745","1554184947","❤【活出豐盛與喜悅對】講座-演講-張鴻玉老師-2019/3/26❤

 
豐盛，並不是去跟別人比較你擁有多少財富或權利地位，而是你的內心充滿了信任與篤定，了解在這個浩瀚的宇宙中，隱含了無窮盡的愛與資源，以至於我們每個人都能隨心所欲地滿足自己的需要與願望，其中，包括了從事自己所喜愛的工作、擁有健康的身體和美好的人際關係。

 
了解心靈與信念所帶來的龐大力量後，你將逐漸放下恐懼、猜嫉與競爭，而更珍愛自己、看重自己，如同破繭而出的蝴蝶般，衝破舊有的框架，展翅高飛，為自己開創出無可限量的美好與未來。

 扭轉人生並不是奇蹟，而是願意去了解與學習結合自己內在珍貴與巨大的力量，允許自己享受財富與成功。

 -------
2019/4/2起活出豐盛與無限(每周二)
http://www.cnas.org.tw/WebMaster/…

 ★張鴻玉老師心靈諮商一對一服務：
http://www.cnas.org.tw/WebMaster/…","1569735268"
"https://www.facebook.com/cnas0778/posts/3098459460194124","1563881180","❤Shanti Yang - 【Shanti光語脈輪療癒冥想精華】
主題：《海底輪》
時間：2019/7/20(週六)

 -----
#簡易EFT教學
#情緒釋放技巧

 開頭調整畫面有些晃動，敬請見諒","1569735268"
"https://www.facebook.com/cnas0778/posts/2465704536802956","1539693250","神聖月光獨角獸工作坊舉辦成功~~
協會特地準備了蛋糕慶祝大家順利結業，恭喜大家！
這個工作坊真的是小編認為CP值最高的課了，看到大家與獨角獸共同上完課後的笑臉真的是太棒啦。

 #連結屬於你的獨角獸
#接受獨角獸靈氣初階與高階開悟點化
#製作實現靈魂願望精油
#使用獨角獸卡為他人諮詢服務
#與獨角獸直接對話溝通接收獨角獸的訊息

 ★獨角獸日記（1）
https://www.facebook.com/…/a.10013331865…/2419777881395622/…

 ★獨角獸日記（2）
https://www.facebook.com/…/a.10013331865…/2419787701394640/…

 ★獨角獸日記（3）
https://www.facebook.com/…/a.10013331865…/2419792534727490/…

 ★獨角獸日記（4）
https://www.facebook.com/…/a.10013331865…/2419807608059316/…

 ★獨角獸日記（5）
https://www.facebook.com/…/a.10013331865…/2426316744075069/…","1569735268"
"https://www.facebook.com/cnas0778/posts/2520699131303496","1543323000","當你所有的需要
都能靠自己滿足時
才會得到真正的安全感

 #歐林
#歐林與達本
#金句
#中華新時代協會","1569735268"
"https://www.facebook.com/cnas0778/posts/3132444793462257","1564992034","我們在8/24有大天使夏彌爾跟愛神哈索爾的愛情教室

 在8/15前報名享有早鳥優惠價，歡迎報名唷！
報名連結：https://goo.gl/forms/2D9cVJJaQOnT0Lhn1","1569735269"
"https://www.facebook.com/cnas0778/posts/2851144928258913","1555595463","舊文重讀
大地震，大啟示","1569735269"
"https://www.facebook.com/cnas0778/posts/2750231195016954","1551523828","❤【2019/3/17 大天使夏彌爾&愛神哈索爾～甜蜜愛情教室】❤
#限15名額欲報從速

 #想尋找真愛盼望遇見心中的靈魂伴侶嗎‭?‬

 #在情路上跌跌撞撞傷痕累累不敢再愛嗎‭?

 #想知道自己適合怎樣的靈魂伴侶嗎?‬

 #想知道如何經營美好的戀情與婚姻嗎?

 #希望增加好人緣與異性緣嗎?

 
這‭個‬教室是‭特別‬為尋找愛情的男人與‭女‬人量身‭訂做‬的，‭伊莉莎白‬將‭連‬結【愛神哈索爾】為每位‭參加‬的‭朋友傳遞‬愛情‭金鑰‬、解‭答‬愛情的‭迷津‬；‭並且接引‬【大天使夏彌爾】的甜蜜能量來開‭啟‬愛情‭玫瑰‬，‭吸引‬靈魂伴侶的到來‭!‬


課程‭內‬容‭大‬綱：‬
【🌹大天使夏彌爾】的‭協‬助‭:‬
1. 療癒受傷的心‭輪‬‬
2.‭ 啟‭動愛情‬玫瑰‬.‭吸引‭靈魂伴侶‬‬
3.‭ 增加好‭人‬緣‬

【🌹愛神哈索爾】的‭服務‭:‬‬
1.‭ 傳遞‭愛情‬金鑰‬:‭愛情成‭功‬的‭關鍵‬‬(‭個別傳遞‬)
2.‭ 愛神的‭祝‬福‬:‭成為‭萬人迷
3. 有關你的靈魂伴侶


❤【帶領人】
Elizabeth Chou伊莉莎白

 Master Teacher Of Angelic Reiki. 
Asian Teacher of Diana Cooper School of Angels& Ascension. 
Master Teacher of New Shamballa.
英國天使靈氣師父
英國黛安娜.庫柏天使與揚昇學校華人地區的老師
天堂香巴拉教師
神聖光的訊息管道
個案諮詢工作者
光的課程帶領人

伊莉莎白是來自無限光源頭的純真智慧，在2012年與15位大天使再度恢復連結後，成為無限光源頭無條件聖愛降臨人間的橋樑，協助人類無限意識的擴展與地球頻率的揚昇，她總是為周圍的人點亮內在的天使與神性之光，為人類帶來勇氣、信心、與力量，並擅長以全知慧眼與接收訊息的方式傳遞無限光國度的訊息。

伊莉莎白在2014年成為英國認證的天使靈氣師父，已訓練400餘位天使靈氣光柱，為華人世界帶來高頻的淨化療癒能量。2015年成為黛安娜‧庫柏學校(Diana
Cooper School of Angels and
Ascension)華人地區帶領《天使》、《獨角獸》、《揚昇大師》、《黃金亞特蘭提斯》、《列木里亞行星療癒》工作坊的老師。

目前正在台灣、中國大陸、馬來西亞與全世界的華人地區極積推動【天使靈氣】、【神聖月光獨角獸】、【連結天使】、【揚昇大師煉金術】、【銀河星際大使】、【天堂香巴拉】的工作坊教學，同時也是《天使能量排毒法》、《光行者》、《五次元的靈魂揚昇》、《不要讓人黯淡你的光》與《水晶天使444》等書的推薦序作者。
 

-----

【上課時間】
2019/3/17（日）10：00～18：00

 【工作坊地點】
中華新時代協會 （近圓山捷運站）台北市民族西路169巷7號

【報名連結】限15名❤️
https://goo.gl/forms/1oCyD82R0gKoqGCO2

 相關閱讀：《大天使夏彌爾 ~ 問情是何物》~Elizabeth Chou伊莉莎白的傳訊
https://www.facebook.com/cnas0778/posts/2700225260017548?__tn__=K-R","1569735269"
"https://www.facebook.com/cnas0778/posts/2930280023678736","1560257400","✨❤【神秘學院 - 金字塔療癒工作坊(初階)】❤
從2005年秋天，來自於天狼星的高靈開始進入我的生命中，祂對我做了一系列的教導， 非常廣泛卻又相當深入。

做為有一世曾經擔任古埃及王朝的大祭司 ，祂關於金字塔的教導，有著許多超乎現代科學家對金字塔的想像與理解。

從金字塔形成的幾何原理、能量場的建立，到神祕療癒能量的運用，乃至運用金字塔進行宇宙航行，在這個初階工作坊當中都會有詳細的解說與練習。

※小班制的貼心專屬教學😍，老師可更全面的顧及到全部的學生，也歡迎在課堂上發問唷💫


 ❤【帶領人】
亞伯Abraham Imhotep Lai
美國歐林中心課程教師
生活易經工作坊、決策易經工作坊講師
國內多個歐林、賽斯讀書會帶領者

💐【初階】
2019/8/3（六）１０：００－１７：００
☆報名連結：https://forms.gle/XggzC9Jjr9zTt1fB6

 💐【進階】
2019/8/4（日）１０：００－１７：００
☆報名連結：https://forms.gle/2Y1SStpsavNUET88A

 📣【地點】✨
中華新時代協會（近圓山捷運站，台北市民族西路169 巷7號）


 【上課心得分享】
https://ppt.cc/f1YL6x

 #神秘埃及古文明
#學習使用金字塔神秘的能量來療癒自己
#冥想
#金字塔知識
#解碼球是什麼","1569735269"
"https://www.facebook.com/cnas0778/posts/3221646984542037","1567846800","❤張鴻玉老師 - 【走出家族業力課程精華】
主題：《勇敢愛自己！》
時間：2019/9/3(週二)

------------

★走出家族業力(每周二晚上7:00-9:00)
歡迎新朋友、舊學員現場來報名參加
電話：0225980778、0936884380
地址：台北市大同區民族西路169巷7號1樓(近圓山捷運站1號出口7-10分鐘)
http://www.cnas.org.tw/WebMaster/…

★張鴻玉老師心靈諮商一對一服務：
http://www.cnas.org.tw/WebMaster/…","1569735269"
"https://www.facebook.com/cnas0778/posts/2725306377509436","1550559767","恭喜大家完成天使靈氣初階的工作坊~~~

 下次的天使靈氣初階及進階班將在六月份舉辦","1569735269"
"https://www.facebook.com/cnas0778/posts/273631122676986","1319030002","Dear all:I have good news...pls see this 
http://www.youtube.com/watch?v=MFC2w6JBH1E","1569735269"
"https://www.facebook.com/cnas0778/posts/3237711639602238","[Error]: TypeError: Cannot read property 'attribs' of undefined","","1569735269"
"https://www.facebook.com/cnas0778/posts/2770413549665385","1552394771","這個工作坊即將額滿了，想要參加的朋友別忘了趕快報名啊，錯過這次至少要等半年以後了！

 
《甜蜜愛情教室》除了為大家個別解讀感情的卡點、療癒過往的情傷、學習如何吸引理想對象的到來以外，前所未見、絕無僅有的是《愛神哈索爾》所賜予增加好人緣成為萬人迷的「金星之愛」的點化。

 
哈索爾（Hathor)是來自金星，古埃及的愛神、美神、富裕之神、舞蹈之神、音樂女神。據說再怎麼冷酷強硬的人（甚至是埃及男神）只要見到哈索爾的眼睛都會被祂眼中的愛意所軟化，臣服於祂的旨意或請求。

 愛神哈索爾是我的貼身指導靈，在我的請求之下，將賦予這個工作坊「金星之愛」的點化，幫助我們更愛自己並且贏得好人緣。

 
愛情、婚姻、人際關係是靈魂投生人間想要積極參與的體驗，既然無法閃躲逃避，不如勇敢面對，讓《大天使夏彌爾》與《愛神哈索爾》成為你的愛情教練，為你的愛情診斷把脈、開出良藥妙方吧！

 如果你已婚或有伴侶，這個工作坊可以協助你們感情升溫、關係和諧圓滿。

 如果你仍為情所傷，這個工作坊會為你療傷，協助你勇敢再愛！

 如果你尚未經歷情愛，這個工作坊為你未來的戀情提供正向的愛情觀與道路。

 如果你還在夢裡尋他（她）千百度，這個工作坊提供你吸引他（她）出現的好方法。

 如果你想要更愛自己、更受人歡迎，還有什麼好猶豫的呢？趕快報名參加吧！

 《大天使夏彌爾&愛神哈索爾
～甜蜜愛情教室》

 3/17 台北場：
https://www.facebook.com/events/741997036169009/?ti=icl","1569735269"
"https://www.facebook.com/cnas0778/posts/3031529623553775","1561709582","❤【Shanti光語脈輪療癒冥想之1—海底輪療癒】
#特別邀請ShantiYang老師從高雄北上開課
#課程費用親民價
面對著全球變動的局勢與環境，安全感與穩定的力量一直是人們的迫切渴望，而最大的安全感與穩定的力量來源，就在我們的海底輪之中。

海底輪位於脊椎底端，是每個人亢達里尼生命之火的發源處。

海底輪若是能量堵塞的話，除了身體上對應位置的腸道、脊椎與婦女病問題之外，心理上也很容易感到不安全、恐懼、焦慮、多疑、無法信任，在人生成長階段上，海底輪也對應著我們幼年時期，所以原生家庭的一些負面經驗，其實也一直有著潛在影響…

在冥想課程中能量層面上，天狼星的療癒光語會協助平衡並療癒海底輪，心理層面上，我們會邀請守護天使們一起，療癒並改寫與安全感有關的，以及幼年時期的負面經驗。

❤《關於Shanti Yang》
光語淨化與脈輪療癒冥想帶領者
光語療癒能量圖創作者
天使靈氣師父級、源場乙太療癒法
擴大療癒法一、二級
情緒療癒工作坊帶領者
光的課程資深教師
華航空服員

【時間】
7/20 (六) 下午2：00-4：30 

【地點】
中華新時代協會 台北市大同區民族西路169巷7號（近圓山捷運站） 

【報名連結】
https://forms.gle/kumzviWTFrUyda9D8","1569735269"
"https://www.facebook.com/cnas0778/posts/2947492701957468","1559025285","🙌【2019/6/21-23天使靈氣初階工作坊】❤
天使靈氣是【大天使麥達昶】承接造物主的旨意，為了協助地球順利的揚昇，聚集了所有天使純淨的能量以及神聖源頭的智慧、慈悲與無條件的愛，經由英國的Kevin
Core的意識與身體接引到地球。

大天使麥達昶說:「天使靈氣是充滿無條件的愛、充滿豐盛意識、充滿無限可能性與創造力，能夠化腐朽為神奇的偉大力量!每位天使靈氣的執行師，將可連結至少一位與你有緣的神聖天使、高靈或揚升大師與你一同耕耘你的靈性道路，這是我大天使麥達昶對你們的承諾!」

在這工作坊中，你將直接收到來自天使聖團的清理與點化，賦予你成為純淨通透的天使能量管道。你將學會和天使、揚昇大師和銀河星際療癒者一起工作。

※完成天使靈氣1&2階的業力清理與點化後，你將獲得英國的認證，成為天使靈氣療癒的管道，為自己與他人施作靈氣，成為天使靈氣執行師。

❤【帶領人】
Elizabeth Chou伊莉莎白
英國天使靈氣師父、英國黛安娜庫柏學校天使(Diana Cooper School of Angels& Ascension ) 、獨角獸、列木里亞行星療癒老師、
天使訊息管道、天使個案諮詢工作者、光的課程帶領人、合一傳導師。

-----

【工作坊時間】
2019/6/21(五)6:30PM~9:30PM
2019/6/22(六)~6/23(日)9:30AM~6:30PM

【工作坊費用】
6/11前報名並繳費完成 可享早鳥價
【工作坊地點】
中華新時代協會 （近圓山捷運站）台北市民族西路169巷7號

【報名連結】
https://goo.gl/forms/XoJAxnm9jh54RlO52

#與天使跟揚昇大師和銀河星際療癒者一起工作
#天使靈氣適合所有人
#願意奉獻無條件之愛渴望與天使一起工作的人
#都能夠成為靈氣執行師
#英國天使靈氣認證
#初階還有大師水晶伴隨你成長","1569735270"
"https://www.facebook.com/cnas0778/posts/2447944058579004","1541508600","你送進這世界關於你自己的形象
將決定人們如何看你



 #BeHappy
#一句話的力量
#歐林
#歐林與達本
#金句
#中華新時代協會","1569735270"
"https://www.facebook.com/cnas0778/posts/2930266460346759","[Error]: TypeError: Cannot read property 'attribs' of undefined","","1569735270"
"https://www.facebook.com/cnas0778/posts/3222173527822716","1567782119","原訂明日舉辦的Shanti光語冥想課程，延至11/2舉辦。原訂明日舉辦的Shanti光語冥想課程，延至11/2舉辦。","1569735270"
"https://www.facebook.com/cnas0778/posts/2813164315390308","1554117886","張鴻玉老師的新課就在明日晚上七點，歡迎現場報名參加。
也歡迎單堂參加。

 【課程時間】
2019年4月2日起，週二19:00-21:00

 【上課地點】
中華新時代協會 （近圓山捷運站）台北市民族西路169巷7號
http://www.cnas.org.tw/WebMaster/?section=86

 【洽詢電話】
(02)2598-0778、0936-884-380蔡小姐

 -----
【心靈談話-一對一服務】
https://goo.gl/1k1jJu","1569735270"
"https://www.facebook.com/cnas0778/posts/3031626430210761","1563537601","❤【易經一日工作坊】❤
【易經】將萬事萬物區分成六十四個不同的情境，它可以協助你分析現狀，讓你知道該留意什麼？從天時、地利、人和三個外在層面，以及人生六個階段的內在層面，教你如何趨吉避害。

學會易經，你將可以瞭解目前置身在什麼樣的大環境？目前的人生處在何種階段？如果你選擇做了何種改變，將可以產生什麼樣的結果？

趕快開始學易經，讓自己的人生從此知易、行易、容易～

❤《關於亞伯Abraham Imhotep Lai》
生活易經工作坊、決策易經工作坊講師
美國歐林中心課程教師
國內多個歐林、賽斯讀書會帶領者

【時間】
【A班】
2019/9/28（六）１０：００－１７：００
【B班】
2019/10/6（日）１０：００－１７：００

【工作坊費用】含一本工具書、一套簡易占算工具、一份講義 

【地點】
中華新時代協會 台北市大同區民族西路169巷7號（近圓山捷運站） 

【報名連結】
https://forms.gle/7ijcfAo4j6cPLcxt9

#小班制貼心專屬教學老師可更全面的顧及到全部的學生
#占卜實戰演練
#輕鬆上手由淺入深的易經占卜
#歡迎在課堂上發問唷","1569735270"
"https://www.facebook.com/cnas0778/posts/2930216557018416","1560948600","🙌【2019/12/20-22天使靈氣專業執行師工作坊】❤
這個工作坊的目的是為了協助靈氣執行師在完成天使靈氣3&4階的訓練後， 能夠以更專業的精神與技巧來從事療癒服務，同時也是成為靈氣師父必備的訓練課程與踏腳石。

靈氣執行師進入本級次的訓練課程，一方面接受更高階天使的清理與療癒，擴展自身靈性感官與對能量的敏感度，成為更純淨通透的管道；一方面則被教導如何創立收費的私人診療工作室，同時涵蓋了作為一個專業療癒師所涉及的實用性及靈性問題。

◎【報名資格】需完成Elizabeth老師天使靈氣一二(初階)、三四(進階)階工作坊

❤【帶領人】
Elizabeth Chou伊莉莎白
英國天使靈氣師父、英國黛安娜庫柏學校天使(Diana Cooper School of Angels& Ascension ) 、獨角獸、列木里亞行星療癒老師、
天使訊息管道、天使個案諮詢工作者、光的課程帶領人、合一傳導師。

-----

【工作坊時間】
2019/12/20(五)7:00PM~9:00PM、12/21(六)~12/22(日)9:30AM~6:30PM


【工作坊費用】
2019/12/9前報名並繳費完成 可享早鳥價

【工作坊地點】
中華新時代協會 （近圓山捷運站）台北市民族西路169巷7號

【報名連結】
https://forms.gle/DsvtvEqbGDms2Uvf8

#成為靈氣師父必備的訓練課程與踏腳石
#專業執行師療程實踐
#教導如何創立收費的私人診療工作室
#專業療癒問題探討
#英國天使靈氣認證","1569735270"
"https://www.facebook.com/cnas0778/posts/3172633696110033","1566280459","這次課程取消，延至明年開課。
https://www.facebook.com/…/a.10013331865…/2784550858251654/…","1569735270"
"https://www.facebook.com/cnas0778/posts/2520616331311776","1542009120","常常光顧協會的貓貓！
上次好像也是他直接掛在門口的紗門上😂","1569735270"
"https://www.facebook.com/cnas0778/posts/3114010821972321","1564384244","限額15名的愛情教室工作坊招生中~~

 
這‭個‬教室是‭特別‬為尋找愛情的男人與‭女‬人量身‭訂做‬的，‭伊莉莎白‬將‭連‬結【愛神哈索爾】為每位‭參加‬的‭朋友傳遞‬愛情‭金鑰‬、解‭答‬愛情的‭迷津‬；‭並且接引‬【大天使夏彌爾】的甜蜜能量來開‭啟‬愛情‭玫瑰‬，‭吸引‬靈魂伴侶的到來‭!‬

 【上課時間】
2019/8/24（六）10：00～18：00

 【工作坊地點】
中華新時代協會 （近圓山捷運站）台北市民族西路169巷7號

【報名連結】限15名❤️
8/15前報名享早鳥價
https://goo.gl/forms/rdzbeTsUhXqajzWt2","1569735270"
"https://www.facebook.com/cnas0778/posts/3218737768166292","1567684543","❤張鴻玉老師 - 【走出家族業力課程精華】
主題：《走出家族業力》
時間：2019/8/27(週二)

------------

★走出家族業力(每周二晚上7:00-9:00)
歡迎新朋友、舊學員現場來報名參加
電話：0225980778、0936884380
地址：台北市大同區民族西路169巷7號1樓(近圓山捷運站1號出口7-10分鐘)
http://www.cnas.org.tw/WebMaster/…

★張鴻玉老師心靈諮商一對一服務：
http://www.cnas.org.tw/WebMaster/…","1569735270"
"https://www.facebook.com/cnas0778/posts/2770406739666066","1552654320","已額滿
---
❤【2019/8/25 台北 神性12無限豐饒工作坊】❤
神創造了12個宇宙，

 宇宙創造了12個單子，

 單子創造了12個靈魂! 

 一年12個月，12星座，12生肖，12股DNA…..

 12是生命最初始的振動，是神性創造的原型。

 12決定了舊的結束，打開全新的一頁。

 12代表圓滿完整，也代表創新突破。

 12具有推動激發的能量，提振你採取行動讓夢想成真！

 2019 年是與神性12共振的一年！

 當我們把頻率調諧至與12共振，我們便進入宇宙無限創造的豐饒。

 讓10位天使、12道神聖光的大師帶領我們汰舊換新，整頓清理不再適任的能量，進入神性12的調性，在2019年振翅高飛、鴻圖大展!

課程‭內‬容‭大‬綱：‬
1.【大天使麥達昶】啟動第5次元的12個脈輪與12股神性的DNA:

 這個部分將會開啟你與生俱來的創造力與天賦才華，當你運作你的靈魂天賦，自然而然會進入專屬於你的豐盛王座。

2.唱頌12聖音釋放讓你產生匱乏的限制：

 在這個部分，伊莉莎白將個別解讀你的匱乏信念與限制性思想，並藉由12個源頭聖音清理這些深層的匱乏與限制意識。

3.宇宙12道神聖光束的洗禮，擴展無限豐饒意識:

 在這個階段，經由12道神聖光束的照射，取回12種神聖的能力，將我們的振動頻率導引至宇宙無限豐饒之池，接收無限豐饒能量的灌溉與滋養。


❤【帶領人】
Elizabeth Chou伊莉莎白

 Master Teacher Of Angelic Reiki. 
Asian Teacher of Diana Cooper School of Angels& Ascension. 
Master Teacher of New Shamballa.
英國天使靈氣師父
英國黛安娜.庫柏天使與揚昇學校華人地區的老師
天堂香巴拉教師
神聖光的訊息管道
個案諮詢工作者
光的課程帶領人

伊莉莎白是來自無限光源頭的純真智慧，在2012年與15位大天使再度恢復連結後，成為無限光源頭無條件聖愛降臨人間的橋樑，協助人類無限意識的擴展與地球頻率的揚昇，她總是為周圍的人點亮內在的天使與神性之光，為人類帶來勇氣、信心、與力量，並擅長以全知慧眼與接收訊息的方式傳遞無限光國度的訊息。

伊莉莎白在2014年成為英國認證的天使靈氣師父，已訓練400餘位天使靈氣光柱，為華人世界帶來高頻的淨化療癒能量。2015年成為黛安娜‧庫柏學校(Diana
Cooper School of Angels and
Ascension)華人地區帶領《天使》、《獨角獸》、《揚昇大師》、《黃金亞特蘭提斯》、《列木里亞行星療癒》工作坊的老師。

目前正在台灣、中國大陸、馬來西亞與全世界的華人地區極積推動【天使靈氣】、【神聖月光獨角獸】、【連結天使】、【揚昇大師煉金術】、【銀河星際大使】、【天堂香巴拉】的工作坊教學，同時也是《天使能量排毒法》、《光行者》、《五次元的靈魂揚昇》、《不要讓人黯淡你的光》與《水晶天使444》等書的推薦序作者。
 

-----

【活動時間】
2019/8/25（日) 13:30~18:30

 【工作坊地點】
中華新時代協會 （近圓山捷運站）台北市民族西路169巷7號

【報名連結】限額12名，額滿即不再接受報名！❤️
https://goo.gl/forms/WJUbAaYy4e8UfVSt1","1569735271"
"https://www.facebook.com/cnas0778/posts/2762654610441279","1552049400","【親密關係】講座-演講-張鴻玉老師

 漫步出版社邀請推廣身心靈成長已十多年的資深老師張鴻玉演講「親密關係：通往靈魂之橋新書導讀會」。

 ps.因前面五分鐘在調整鏡頭故晃動，請多多見諒！

 --------
2019/4/2起活出豐盛與無限(每周二)
https://goo.gl/forms/MyiDyHW2jyaJMAcv2

 ★張鴻玉老師心靈諮商一對一服務：
http://www.cnas.org.tw/WebMaster/…","1569735271"
"https://www.facebook.com/cnas0778/posts/2810334595673280","1554004035","❤【2019/4/2起 活出豐盛與無限】❤
#開啟自己的潛能與智慧
#了解信念創造實像
#歡迎新朋友與舊學員參加

心靈大師賽斯說：「 宇宙若非有意義，就是沒意義。既然宇宙是有意義的，那麼，縱使事件顯得混亂,殘酷或怪誕的情況，也必然是要有理由及原因的。」

了解「信念創造實相」，了解「萬法唯心造」，就能在混沌中看到光明與希望，同時以無比的樂觀與自信為自己開創出豐盛的生活。

歡迎朋友們搭上這班幸運的列車，扭轉命運，開啟自己的潛能與智慧，駛向燦爛無比的前程。


❤【帶領人】
帶領人-#張鴻玉（Alima）
中華新時代協會賽斯學派心靈輔導師 
印度奧修多元大學個案諮商師
著有《愛他，就讓他做自己》《愛自己的7堂必修課》《其實你不懂我的心》《你的珠寶盒夠大嗎？》《如實面對》《活出無限》《中年叛逆》《在愛上你之前，我已愛上自己》、《原諒自己》及有聲書《講解賽斯書――心靈的本質》第一、二集。

-----
【課程時間】
2019年4月2日起，週二19:00-21:00
【課程費用】
2019年3月20日前報名享💖早鳥優惠價💖
【上課地點】
中華新時代協會 （近圓山捷運站）台北市民族西路169巷7號
【洽詢電話】
(02)2598-0778、0936-884-380蔡小姐
【報名連結】
https://goo.gl/forms/Um6VBCYtJnvpLcgV2

-----
【張鴻玉老師演講影片】
★親密關係新書講座
https://youtu.be/Hkc3QRh6T9o

★中年叛逆書籍講座(中正紀念堂)
https://youtu.be/2ritcHmULdM
-----
【心靈談話-一對一服務】
https://goo.gl/1k1jJu


#中華新時代協會#新時代協會#新時代思想
#newage#奧修#賽斯#賽斯學派#賽斯文化#身心靈成長","1569735271"
"https://www.facebook.com/cnas0778/posts/2741808775859196","1551181574","❤【2019/3/17 大天使夏彌爾&愛神哈索爾～甜蜜愛情教室】❤
#限15名額欲報從速

 #想尋找真愛盼望遇見心中的靈魂伴侶嗎‭?‬

 #在情路上跌跌撞撞傷痕累累不敢再愛嗎‭?

 #想知道自己適合怎樣的靈魂伴侶嗎?‬

 #想知道如何經營美好的戀情與婚姻嗎?

 #希望增加好人緣與異性緣嗎?

 
這‭個‬教室是‭特別‬為尋找愛情的男人與‭女‬人量身‭訂做‬的，‭伊莉莎白‬將‭連‬結【愛神哈索爾】為每位‭參加‬的‭朋友傳遞‬愛情‭金鑰‬、解‭答‬愛情的‭迷津‬；‭並且接引‬【大天使夏彌爾】的甜蜜能量來開‭啟‬愛情‭玫瑰‬，‭吸引‬靈魂伴侶的到來‭!‬


課程‭內‬容‭大‬綱：‬
【🌹大天使夏彌爾】的‭協‬助‭:‬
1. 療癒受傷的心‭輪‬‬
2.‭ 啟‭動愛情‬玫瑰‬.‭吸引‭靈魂伴侶‬‬
3.‭ 增加好‭人‬緣‬

【🌹愛神哈索爾】的‭服務‭:‬‬
1.‭ 傳遞‭愛情‬金鑰‬:‭愛情成‭功‬的‭關鍵‬‬(‭個別傳遞‬)
2.‭ 愛神的‭祝‬福‬:‭成為‭萬人迷
3. 有關你的靈魂伴侶


❤【帶領人】
Elizabeth Chou伊莉莎白

 Master Teacher Of Angelic Reiki. 
Asian Teacher of Diana Cooper School of Angels& Ascension. 
Master Teacher of New Shamballa.
英國天使靈氣師父
英國黛安娜.庫柏天使與揚昇學校華人地區的老師
天堂香巴拉教師
神聖光的訊息管道
個案諮詢工作者
光的課程帶領人

伊莉莎白是來自無限光源頭的純真智慧，在2012年與15位大天使再度恢復連結後，成為無限光源頭無條件聖愛降臨人間的橋樑，協助人類無限意識的擴展與地球頻率的揚昇，她總是為周圍的人點亮內在的天使與神性之光，為人類帶來勇氣、信心、與力量，並擅長以全知慧眼與接收訊息的方式傳遞無限光國度的訊息。

伊莉莎白在2014年成為英國認證的天使靈氣師父，已訓練400餘位天使靈氣光柱，為華人世界帶來高頻的淨化療癒能量。2015年成為黛安娜‧庫柏學校(Diana
Cooper School of Angels and
Ascension)華人地區帶領《天使》、《獨角獸》、《揚昇大師》、《黃金亞特蘭提斯》、《列木里亞行星療癒》工作坊的老師。

目前正在台灣、中國大陸、馬來西亞與全世界的華人地區極積推動【天使靈氣】、【神聖月光獨角獸】、【連結天使】、【揚昇大師煉金術】、【銀河星際大使】、【天堂香巴拉】的工作坊教學，同時也是《天使能量排毒法》、《光行者》、《五次元的靈魂揚昇》、《不要讓人黯淡你的光》與《水晶天使444》等書的推薦序作者。
 

-----

【上課時間】
2019/3/17（日）10：00～18：00

 【工作坊地點】
中華新時代協會 （近圓山捷運站）台北市民族西路169巷7號

【報名連結】限15名❤️
https://goo.gl/forms/1oCyD82R0gKoqGCO2

 相關閱讀：《大天使夏彌爾 ~ 問情是何物》~Elizabeth Chou伊莉莎白的傳訊
https://www.facebook.com/cnas0778/posts/2700225260017548?__tn__=K-R","1569735271"
"https://www.facebook.com/cnas0778/posts/2447941298579280","1539780600","想要你的人生真的「起飛」嗎？
那麼就改變你對它的想法。
思想，說話，並且行動，如你是神的模樣。

 #與神對話
#金句
#中華新時代協會","1569735271"
"https://www.facebook.com/cnas0778/posts/2552404068133002","1543471923","協會新進的超漂亮盛開的聖誕紅～～～","1569735271"
"https://www.facebook.com/cnas0778/posts/3042436452463092","1562064240","❤【2019/11/22-24神聖月光獨角獸工作坊-進階】 ❤
#只限12人參加
獨角獸(Unicorn)是已經開悟揚昇的馬，是存在於七次元至九次元的神聖白光。
獨角獸重回地球是為了提升人類的意識回到神創造靈魂最初始的神我純真(Divine self)。

 你可能已經發現，有愈來愈多的獨角獸回到地球，環繞在你的四周了。

 
當你完成神聖月光獨角獸初階的學習，進階課程將引領你更深入獨角獸的核心頻率，更直接順暢的與獨角獸連結互動，在獨角獸的光角照耀之中，你也將與動物、植物、礦物、元素精靈(Elf)和整片大地更加親密更能溝通。

 此外，有著強壯翅膀的飛馬(Pegasus)也加入這個級次的療癒，你將對飛馬有更多的認識瞭解，飛馬將乘載你自由飛翔，圓滿實現你原本認為遙不可及的夢想！

 獨角獸王國強大神奇的力量正等著你的見證! 

 歡迎再次進入獨角獸與飛馬的真實世界!
-----

 ❤【帶領人】
Elizabeth Chou(伊莉莎白)
英國天使靈氣師父、英國黛安娜庫柏揚昇學校天使、獨角獸、揚昇大師、亞特蘭提斯與列木里亞行星療癒老師、天堂香巴拉引導者、光的神聖國度的訊息管道、個案諮詢工作者、光的課程帶領人、合一傳導師

❤【時間】
2019/11/22(五)~11/24(日) AM10:00~PM17:00 

❤【地點】
中華新時代協會 （近圓山捷運站）台北市民族西路169巷7號

❤【費用】
11/12前報名繳費享早鳥價；另有兩人同行優惠
(含課程、中文講義、獨角獸靈氣水晶、黛安娜庫柏揚昇學校參與課程證書)

❤【報名連結】*須參加過獨角獸初階
https://forms.gle/2hp9r9qdKYrJmet38

 ★獨角獸日記（1）
https://www.facebook.com/elizabeth.chou.16/posts/1060726054029993

 ★獨角獸日記（2）
https://www.facebook.com/elizabeth.chou.16/posts/1063460017089930

 ★獨角獸日記（3）
https://www.facebook.com/elizabeth.chou.16/posts/1074075716028360

 ★獨角獸日記（4）
https://www.facebook.com/…/a.10013331865…/2419807608059316/…

 ★獨角獸日記（5）
https://www.facebook.com/…/a.10013331865…/2426316744075069/…

 #獨角獸國王與皇后高階的開悟與豐盛點化
#與獨角獸直接對話溝通的訓練
#獨角獸協助與水晶礦物、植物、動物、元素精靈的溝通
#認識飛馬與飛馬的療癒
#製作飛馬圖騰增強實現夢想的行動力","1569735271"
"https://www.facebook.com/cnas0778/posts/2762672750439465","1552395001","【中年叛逆】中正紀念堂講座-演講-張鴻玉老師
「中年危機」，指的就是「時不我與」的感受，想要活出精采人生，就要勇敢叛逆！

叛逆，不是青少年的專利，而是實踐自我的勇氣。

 --------
2019/3/26(二) 公益演講：活出豐盛與喜悅
https://goo.gl/forms/USV56o3W8603I8Em2

 2019/4/2(二)起活出豐盛與無限(每周二)
https://goo.gl/forms/MyiDyHW2jyaJMAcv2

 ★張鴻玉老師心靈諮商一對一服務：
http://www.cnas.org.tw/WebMaster/…","1569735271"
"https://www.facebook.com/cnas0778/posts/3047604848612919","1562242479","2019中華新時代協會7月份最新課程
http://www.cnas.org.tw/WebMaster/uploads/file/201907.pdf
課程連結:
http://www.cnas.org.tw/WebMaster/?section=133

 【本月特別推薦】

 走出家族業力 7/16起（每周二）19：00-21：00 
講師：張鴻玉
https://forms.gle/UnX4TGxm3dyga5PF9

 Shanti光語脈輪療癒冥想之一-海底輪療癒 7/20（六）14：00-16：30 
講師：Shanti Yang
https://forms.gle/kumzviWTFrUyda9D8","1569735271"
"https://www.facebook.com/cnas0778/posts/3029303350443069","1561637385","❤【易經一日工作坊】❤
【易經】將萬事萬物區分成六十四個不同的情境，它可以協助你分析現狀，讓你知道該留意什麼？從天時、地利、人和三個外在層面，以及人生六個階段的內在層面，教你如何趨吉避害。

學會易經，你將可以瞭解目前置身在什麼樣的大環境？目前的人生處在何種階段？如果你選擇做了何種改變，將可以產生什麼樣的結果？

趕快開始學易經，讓自己的人生從此知易、行易、容易～

❤《關於亞伯Abraham Imhotep Lai》
生活易經工作坊、決策易經工作坊講師
美國歐林中心課程教師
國內多個歐林、賽斯讀書會帶領者

【時間】
【A班】
2019/7/13（六）１０：００－１７：００
【B班】
2019/7/21（日）１０：００－１７：００

【工作坊費用】含一本工具書、一套簡易占算工具、一份講義 

【地點】
中華新時代協會 台北市大同區民族西路169巷7號（近圓山捷運站） 

【報名連結】
https://forms.gle/DF4akoWpwFQv75GM9

#小班制貼心專屬教學老師可更全面的顧及到全部的學生
#占卜實戰演練
#輕鬆上手由淺入深的易經占卜
#歡迎在課堂上發問唷","1569735271"
"https://www.facebook.com/cnas0778/posts/2447948501911893","1538916600","你能給別人最偉大的禮物之一
就是開放心懷
接受他們對你的愛

 #歐林
#歐林與達本
#金句
#中華新時代協會","1569735271"
"https://www.facebook.com/cnas0778/posts/2770165583023515","1552384228","2019中華新時代協會3月份最新課程
http://www.cnas.org.tw/WebMaster/uploads/file/201903.pdf
課程連結:
http://www.cnas.org.tw/WebMaster/?section=133

 ***
★3月份有眾多精采活動與課程

 除了有伊莉莎白老師與天使們攜手合作的甜蜜愛情教室
https://goo.gl/forms/qcOlbkoE6tYWcjHz1

 還有張鴻玉老師帶來的【公益演講】活出豐盛與喜悅
https://goo.gl/forms/USV56o3W8603I8Em2

 想參加的朋友們名額有限，請務必事先報名以免向隅唷!","1569735272"
"https://www.facebook.com/cnas0778/posts/2595495773823831","1545297590","🙌【2019/1/4-6天使靈氣專業執行師工作坊】❤
這個工作坊的目的是為了協助靈氣執行師在完成天使靈氣3&4階的訓練後， 能夠以更專業的精神與技巧來從事療癒服務，同時也是成為靈氣師父必備的訓練課程與踏腳石。

靈氣執行師進入本級次的訓練課程，一方面接受更高階天使的清理與療癒，擴展自身靈性感官與對能量的敏感度，成為更純淨通透的管道；一方面則被教導如何創立收費的私人診療工作室，同時涵蓋了作為一個專業療癒師所涉及的實用性及靈性問題。

◎【報名資格】需完成Elizabeth老師天使靈氣一二(初階)、三四(進階)階工作坊

❤【帶領人】
Elizabeth Chou伊莉莎白
英國天使靈氣師父、英國黛安娜庫柏學校天使(Diana Cooper School of Angels& Ascension ) 、獨角獸、列木里亞行星療癒老師、
天使訊息管道、天使個案諮詢工作者、光的課程帶領人、合一傳導師。

-----

【工作坊時間】
2019/1/4(五)7:00PM~9:00PM、1/5(六)~1/6(日)9:30AM~6:30PM


【工作坊費用】
2018/12/25前報名並繳費完成 可享早鳥價

【工作坊地點】
中華新時代協會 （近圓山捷運站）台北市民族西路169巷7號

【報名連結】
https://goo.gl/forms/0Sy4ddldgjsMGny53

#成為靈氣師父必備的訓練課程與踏腳石
#專業執行師療程實踐
#教導如何創立收費的私人診療工作室
#專業療癒問題探討
#英國天使靈氣認證","1569735272"
"https://www.facebook.com/cnas0778/posts/2471213359585407","1540385400","【文/王姐（王季慶）2018. 7.16】
這篇刊登在「婦女雜誌」擊磬專欄（我的筆名，來自“有心哉，擊磬乎？）1969／5，是比較有紀念性的。五十年前的文章！以下為摘錄：


「你的孩子不是你的孩子」
（紀伯倫/“先知” 純文學版）

你的孩子不是你的孩子。
他們是「生命」的子女
產於「生命」對祂自身的渴望。
他們經你而來到世上
卻不是從你產生，
雖然他們與你同在
卻不屬於你。
你可以給他們你的愛
但非你的思想，
因為他們有他們自己的思想，
你可以供他們的身體安居之所
卻不可以拘範他們的靈魂，
因為他們的靈魂居住的明日之屋，
甚至在你的夢中，
你亦無法探訪。
你可以奮力以求
與他們相仿，
但不要設法使他們肖似你。
因為生命不滯戀著過去
－－－－－－－－－

我第一次讀到這首詩時，就如禪宗所說的「當頭棒喝」，心胸豁然開朗，看到了一個新境界！

 
我對心理學一直有很大的興趣。除從小說，（沒有頓號標點）戲劇中去增廣，加深我對人性的認識外，也讀了不少心理學的書。我向來喜歡小孩，又受了弗洛伊德的影響，認為嬰兒期的遭遇，可以影響一個人的性格。我是一個主婦，曾希望自己在撫育兒女以前，先在心理和知識上作一個很好的準備，以便能有一個好的開始。我相信事前的努力要比事後的補救有用得多。

 
在美國結婚生子，沒有長輩們隨時指導，只靠自己一邊研究育兒法，一邊在經驗中學習。。。在美國，我有較好的機會讀到一些很有意義的育兒書。環境和社會習慣的不同，我學到的有些地方恐怕會和國內傳統的方法不盡相同。。。。

 
我曾自認對育兒法有相當的認識，方向也是正確的。紀伯倫的那首詩，卻使我悚然警覺，重新來檢討自己。對我，以及對許多父母親們來說，「你的孩子不是你的孩子」這句話，大概都是一個新觀念。也許你不自覺，但如平心靜氣檢討一下，便會發現我們多數人不但沒這想法，也不容易接受這觀念。


這並不是要推翻倫理道德和親密的父母子女關係。相反的，它使我們能用更明晰更客觀的眼光，來重新檢討父母對子女的態度，進而改進父母子女間的關係。
現今無論中外，都極重視家庭中的兩代隔閡的問題。我認為討論這個問題時，先須除掉一個癥結，那就是多數人常感嘆的「一代不如一代」。。。。。

 
也許有人會說物質文明是進步了，道德卻淪亡了。現代社會中年輕人的行為是否比上一代的年輕人敗壞？社會學家的結論是否定的。那麼為什麼大家會有那個錯誤的印象呢？這因為，第一，從前，社會學和統計學都沒有現在發達，不良少年問題及其他社會問題，都沒有個案研究，也沒有確實的統計資料。第二，現代經常有人提出這些問題來公開討論。同樣的一種行為在以往可能在暗中進行，如今卻變成公開和表面化了。於是乍看起來，彷彿大有今非昔比之感了。

 
如果我們能謙虛的，坦然的接受下一代並不比上一代敗壞的想法，我們才能接受這個「你的子女不屬於你」的觀念。只有當我們除掉了優越感，才能用平等的眼光來看待下一代，才能尊重他們的獨立與自由。

無分中外，古人常常把子女視為財產的一種。父母對子女有生，養之恩，子女對父母便須盡反哺之責。不止於此，子女還應百分之百的聽命於父母。如有忤逆不孝的行為，父母甚至可以宣布「脫離父子關係」。我不記得在哪裡看過一段幽默的文字，說「子女不是生來被父母『脫離關係』用的（Children
are not born to be disowned)」。

 
古代父母對子女甚至有生殺予奪之權。即使現代我們不再有那種法律，相信許多父母下意識中仍總以為他們賜予了子女生命，他們有權決定子女的命運，至少有權左右他們的思想行為。這些父母可能在他們心中以及在別人眼中，都極愛他們的子女；不過他們的「愛」，卻往往只是「佔有慾」，「表現慾」或「保護慾」的代名詞而已。

 有的母親，總忘不了自己犧牲了青春和事業，來照拂子女，他們特別喜歡以「殉道者」的姿態出現。她自認為對子女一無所求，卻讓子女永感負疚。

 有的父母總以為子女是長不大的孩子，過分保護（overprotective)的結果，形成了子女的依賴性格，柔弱無能，於是父母就更有理由來繼續保護了。

 有的父母自己終身未能達到的理想和願望，就自然而然的將之寄託在子女身上，一定要眼看著子女替自己完成夙願。

 這些都是不正確的觀念，但抱有這種想法的父母卻比比皆是。無怪乎我們難以求得健全的親子關係了。

因此，我特意提出這個「你的孩子不是你的」的新觀點。字面上看來，也許太使人覺得冷漠無情，但我認為唯有接受了這一點，你才能脫出自我的束縛，才能真正的愛你的子女。

 
你愛你的子女，不僅是因為他們是你受盡了苦生養出來的；不僅是因為他們血管中流著你的血；不僅是因為他在嬰兒時的那種嬌弱無助，天真甜美深深感動了你；也不僅是因為你盼著他能繼承你的大志。最要緊的是，你必須認清他們是「人」，僅此一點，就足夠得著你的眷愛了。

 
真正愛孩子的父母，要記得隨時輔助他，鼓勵他。教育他。愛他，卻不使這愛成為他的重負。教他判別是非的方法，卻不要把你的成見給他。要告訴他你所知道的，卻不要藐視他所知道的。要使他不但身體發育健全，精神上也要獨立，成熟。父母的照拂的目標是使子女有足夠的強健，智慧，決斷，終能脫離父母的庇蔭而自立，成人。他們掌握這「明天」。所以我們更該尊重他們，尊重他們的自由，尊重他們的見解，尊重他們的青春。
想一想，這個世界需要你這份超然，成熟的愛，來使所有的人有個更充滿這希望的「明天」！


PS,
好巧不巧，今天偶然在公視上發現一個叫「你的孩子不是你的」的單元劇，很歡喜！我上個月已在Word上打出這篇舊文，不會操作，竟然轉眼刪掉，找不回了。只好在此地直接打好貼上！

————————————
天合中心 （Tian He Lu）","1569735272"
"https://www.facebook.com/cnas0778/posts/2920706371302768","1558096200","張鴻玉老師 - 《看來邪惡的事件，不過是來自被壓抑的能量》【活出豐盛與無限課程精華】
時間：2019/5/14(週二)

------------

★走出家族業力(每周二晚上7:00-9:00)
歡迎新朋友、舊學員現場來報名參加
電話：0225980778、0936884380
地址：台北市大同區民族西路169巷7號1樓(近圓山捷運站1號出口7-10分鐘)
http://www.cnas.org.tw/WebMaster/…

★張鴻玉老師心靈諮商一對一服務：
http://www.cnas.org.tw/WebMaster/…","1569735272"
"https://www.facebook.com/cnas0778/posts/2444324362274307","1539003000","✨❤【神秘學院天賦開啟(初階)】❤
＃你想開啟什麼天賦呢
＃一起來跟高我及靈魂一起合作打開天賦通道吧
＃除了開啟天賦也可以選擇關閉唷

 【神秘學院】系列是來自在亞特蘭提斯的大祭司的教導。。
這是一位來自於天狼星的高靈，在亞特蘭提斯時期，曾經擔任十二位高等祭司當中的一位，在文明陸沉之前，帶領著族人移居到美洲，將文明的古老智慧，禮敬大地與之上所有生命的天賦特質，完整地保留下來。

❤【帶領人】
亞伯
美國歐林中心課程教師
生活易經工作坊、決策易經工作坊講師
國內多個歐林、賽斯讀書會帶領者

❤️【工作坊時間】
📣【地圖】✨
中華新時代協會 （近圓山捷運站）台北市民族西路169巷7號

 平日班：
2018/11/15 （四）１３：３０－２０：３０

 台北假日班：
2018/12/8 （六）１０：００－１７：００

【報名連結】
https://goo.gl/forms/A6E2RrX1rEU2Rnt63

 【在這工作坊你將學習到甚麼】
你此生所擁有的天賦能力的範圍，其實在出生之前，靈魂就已經做好的設定，這是構成你此生生命藍圖最重要的部分之一。

 
當你希望鬆開這些對天賦的原生限制，善用你可以擁有的更多的天賦特質，首先你就必須要清楚，你想擁有的天賦究竟為何，以及你願意用用這些天賦，承諾為你的生命做出什麼樣不同的改變與創造。然後透過與靈魂、高我的重新約定盟誓，讓靈魂為你打開這個天賦通道。","1569735272"
"https://www.facebook.com/cnas0778/posts/2784553211584752","1553148048","❤【2019/8/24 大天使夏彌爾&愛神哈索爾～甜蜜愛情教室】❤
#限15名額欲報從速

 #想尋找真愛盼望遇見心中的靈魂伴侶嗎‭?‬

 #在情路上跌跌撞撞傷痕累累不敢再愛嗎‭?

 #想知道自己適合怎樣的靈魂伴侶嗎?‬

 #想知道如何經營美好的戀情與婚姻嗎?

 #希望增加好人緣與異性緣嗎?

 
這‭個‬教室是‭特別‬為尋找愛情的男人與‭女‬人量身‭訂做‬的，‭伊莉莎白‬將‭連‬結【愛神哈索爾】為每位‭參加‬的‭朋友傳遞‬愛情‭金鑰‬、解‭答‬愛情的‭迷津‬；‭並且接引‬【大天使夏彌爾】的甜蜜能量來開‭啟‬愛情‭玫瑰‬，‭吸引‬靈魂伴侶的到來‭!‬


課程‭內‬容‭大‬綱：‬
【🌹大天使夏彌爾】的‭協‬助‭:‬
1. 療癒受傷的心‭輪‬‬
2.‭ 啟‭動愛情‬玫瑰‬.‭吸引‭靈魂伴侶‬‬
3.‭ 增加好‭人‬緣‬

【🌹愛神哈索爾】的‭服務‭:‬‬
1.‭ 傳遞‭愛情‬金鑰‬:‭愛情成‭功‬的‭關鍵‬‬(‭個別傳遞‬)
2.‭ 愛神的‭祝‬福‬:‭成為‭萬人迷
3. 有關你的靈魂伴侶


❤【帶領人】
Elizabeth Chou伊莉莎白

 Master Teacher Of Angelic Reiki. 
Asian Teacher of Diana Cooper School of Angels& Ascension. 
Master Teacher of New Shamballa.
英國天使靈氣師父
英國黛安娜.庫柏天使與揚昇學校華人地區的老師
天堂香巴拉教師
神聖光的訊息管道
個案諮詢工作者
光的課程帶領人

伊莉莎白是來自無限光源頭的純真智慧，在2012年與15位大天使再度恢復連結後，成為無限光源頭無條件聖愛降臨人間的橋樑，協助人類無限意識的擴展與地球頻率的揚昇，她總是為周圍的人點亮內在的天使與神性之光，為人類帶來勇氣、信心、與力量，並擅長以全知慧眼與接收訊息的方式傳遞無限光國度的訊息。

伊莉莎白在2014年成為英國認證的天使靈氣師父，已訓練400餘位天使靈氣光柱，為華人世界帶來高頻的淨化療癒能量。2015年成為黛安娜‧庫柏學校(Diana
Cooper School of Angels and
Ascension)華人地區帶領《天使》、《獨角獸》、《揚昇大師》、《黃金亞特蘭提斯》、《列木里亞行星療癒》工作坊的老師。

目前正在台灣、中國大陸、馬來西亞與全世界的華人地區極積推動【天使靈氣】、【神聖月光獨角獸】、【連結天使】、【揚昇大師煉金術】、【銀河星際大使】、【天堂香巴拉】的工作坊教學，同時也是《天使能量排毒法》、《光行者》、《五次元的靈魂揚昇》、《不要讓人黯淡你的光》與《水晶天使444》等書的推薦序作者。
 

-----

【上課時間】
2019/8/24（六）10：00～18：00

 【工作坊地點】
中華新時代協會 （近圓山捷運站）台北市民族西路169巷7號

【報名連結】限15名❤️
8/15前報名享早鳥價
https://goo.gl/forms/rdzbeTsUhXqajzWt2

 相關閱讀：《大天使夏彌爾 ~ 問情是何物》~Elizabeth Chou伊莉莎白的傳訊
https://www.facebook.com/cnas0778/posts/2700225260017548?__tn__=K-R","1569735272"
"https://www.facebook.com/cnas0778/posts/2444313815608695","1538902800","❤【神秘學院 - 金字塔工作坊(初階)】❤
從2005年秋天，來自於天狼星的高靈開始進入我的生命中，祂對我做了一系列的教導， 非常廣泛卻又相當深入。

做為有一世曾經擔任古埃及王朝的大祭司 ，祂關於金字塔的教導，有著許多超乎現代科學家對金字塔的想像與理解。

從金字塔形成的幾何原理、能量場的建立，到神祕療癒能量的運用，乃至運用金字塔進行宇宙航行，在這個初階工作坊當中都會有詳細的解說與練習。

※小班制的貼心專屬教學😍，老師可更全面的顧及到全部的學生，也歡迎在課堂上發問唷💫

 【初階課程大綱】 
1.介紹金字塔
2.介紹能量密室
3.下載解碼球
4.參觀能量密室
5.更換全新的身體

【平日場】 
2018／11／ 16（五）13：30－20：30 

 【假日場】 
2018／12／ 15（六）10：00－17：00 

【地點】
中華新時代協會（近圓山捷運站，台北市民族西路169 巷7號）

【報名連結】
https://goo.gl/forms/ATznv34sJEppDfi32

❤【帶領人】
亞伯
美國歐林中心課程教師
生活易經工作坊、決策易經工作坊講師
國內多個歐林、賽斯讀書會帶領者","1569735272"
"https://www.facebook.com/cnas0778/posts/2574494149257327","1544616000","✨❤【神秘學院 - 金字塔療癒工作坊(初階)】❤
從2005年秋天，來自於天狼星的高靈開始進入我的生命中，祂對我做了一系列的教導， 非常廣泛卻又相當深入。

做為有一世曾經擔任古埃及王朝的大祭司 ，祂關於金字塔的教導，有著許多超乎現代科學家對金字塔的想像與理解。

從金字塔形成的幾何原理、能量場的建立，到神祕療癒能量的運用，乃至運用金字塔進行宇宙航行，在這個初階工作坊當中都會有詳細的解說與練習。

※小班制的貼心專屬教學😍，老師可更全面的顧及到全部的學生，也歡迎在課堂上發問唷💫

【初階課程大綱】 
1.介紹金字塔
2.介紹能量密室
3.下載解碼球
4.參觀能量密室
5.更換全新的身體

❤【帶領人】
亞伯Abraham Imhotep Lai
美國歐林中心課程教師
生活易經工作坊、決策易經工作坊講師
國內多個歐林、賽斯讀書會帶領者

❤️【時間】
2019／1／ 12（六）10：00－17：00

 📣【地點】✨
中華新時代協會（近圓山捷運站，台北市民族西路169 巷7號）

【報名連結】
https://goo.gl/forms/0lrXW0HGAySaeL9q1

 【上課心得分享】
https://ppt.cc/f1YL6x

 #神秘埃及古文明
#學習使用金字塔神秘的能量來療癒自己
#冥想
#金字塔知識
#解碼球是什麼","1569735272"
"https://www.facebook.com/cnas0778/posts/2478604698846273","1540297176","天使靈氣進階點化工作坊就在上周日順利的進行結束囉！ 
沒想到這次還有同學來探班帶來好吃的蛋糕與滿滿的愛跟大家分享~~~ 
恭喜大家完成了進階課唷！

下次天使靈氣專業執行師的工作坊就在明年1/4-6(五-日)唷
這次老師加量不加價，原本兩天課程~增加到1/4(五)就開始了！

2019/1/4-6天使靈氣專業執行師工作坊 
https://goo.gl/forms/nmLf2DXaVFBFfQD13","1569735272"
"https://www.facebook.com/cnas0778/posts/2466903496683060","1539747667","我們情緒跟意識的頻率，可以影響到整個世界。
隨時關注自己並覺察自己的起心動念。","1569735272"
"https://www.facebook.com/cnas0778/posts/2431294870243923","1538226000","【介紹張鴻玉老師】
快樂心靈當自強- 採訪於2008年
58歲的張鴻玉，是個女強人，即便是現在，說話也如開機關槍般，真難以想像當時還在企業界中叱風雲的她，是怎麼個樣子。如今，她已經離開企業界好多年，現在是中華新時代協會心靈輔導師。她說話時確實鏗鏘有力，但不失親切，容易讓人感覺到她的熱情。

張鴻玉在1971年畢業自台灣藝術專科學校影劇科，其後數十年卻從事進出口代理業務，足跡遍及世界各地。張鴻玉的前半生，絕對是一部精彩的勵志故事。當年，帶滿懷堅毅，她從南台灣北上，心裡盤算自己的茫茫前途──除了口袋裡的區區50元台幣，她有的，便是那一股頑強的生命力。而冒險精神，她從來就不缺。以那一丁點基礎，張鴻玉省吃儉用，走過一段克難的歲月，竟也讓她在企業界闖出一片天地。她曾任汽車公司的國外企劃部協理以及台灣天下雜誌副總經理。

然而，張鴻玉的人生故事，真正精彩的，肯定是後半段。

50歲那年，她的生命中發生了一件大事，差點被奪走了性命。她承受一段身心極端痛苦的折磨，爾後經歷了一場深層的靈性轉化，因此戲劇性地扭轉了她的生命軌道，成為我們今天所認識的，心靈輔導師張鴻玉。

生命中來了一場強風暴雨，將一切打垮，然後，大夢初醒，開始探索諸如“生命的意義”之類的議題。這是我們往往聽來的心靈故事的“基本架構”。難道我們的人生非要以一個大災難來換取“生命自省”的能力嗎？

張鴻玉說：“倒不一定要經歷大災難，但是，一定要夠痛、夠苦！生活過得好好的時候，我們總是不會去察覺、思考生命的問題，我們不曾問一問自己：生命缺少了什麼。

“過去的我，有錢，有地位，但不快樂呀！每天都在緊張焦慮中度過。可悲的是，有的人連自己活得快不快樂，都無法覺察。人總是冥頑不靈的，有時候來了一個大挫折，把一切打垮，反而會讓一個人深入去想想自己活的意義。”

當時在職場上的張鴻玉，晚上在高速公路上往回家的方向駛去時，常常還沒吃晚餐。“我常會覺得，自己怎麼過得那麼慘？偶爾會問問自己：你到底在幹什麼啊？”這等疑問，張鴻玉都視之為生命的“稍微覺醒”，但是這種覺醒都不長久，總是消失在隔天忙碌的行事曆之中，直到她50歲那年，人生的際遇讓她不得不認真去探索更深層的生命價值。

“來找我進行心靈諮商的人，其實是看到了自己的問題，可說是‘醒了一點’，總比還在渾渾噩噩過日子的一群好得多。”從這些人身上，張鴻玉再再看到過去的自己。


【50歲的張鴻玉】
生命覺醒的時候到了……

那是發生在8年前的事，張鴻玉形容那是“時間到了”，指的是覺醒生命的時候到了。她在新著作《愛他，就讓他做自己》中，如此寫道：

當時我還在職場上打拚……每天都如履薄冰地過戰戰兢兢的日子，深恐表現不好就可能會輸給別人，每根神經都繃到了極點。頭疼在當時對我來說是家常便飯，經常性的胃痛、背痛與拉肚子更是宿疾，但是又能怎麼樣呢？內在的恐懼，讓自己完全無法去顧慮這些身體上的不適，相反地，我警告自己：“你的抗壓能力也未免太差了吧？你看，別人不是都沒事？加油吧！千萬別鬆懈下來！”

終於，在一個寒冷的夜晚，正熟睡中的我，被突發的一陣劇痛驚醒，當時只覺得自己心臟一陣陣緊縮，如同扭干衣服一般，心臟頓時被扭成了一團，痛徹心扉的感覺，恐怖極了。直覺自己已經接近死亡的邊緣，雖想喚醒枕邊熟睡的丈夫，卻絲毫沒有半點力氣。接下來的一陣劇痛，我昏死了過去。

不知過了多久，我逐漸地清醒過來……茫茫地躺在床上，側頭轉向窗戶的一邊，這時，窗外正灑進耀眼的太陽光，一閃一閃的金色光茫，正溫柔地、徐徐地由窗簾的一角穿透進來，那種寧靜與美麗，有無法形容的悸動與偉大。此時，耳邊響起了一個溫柔的聲音提醒我：“喂！你還活呢！”我頓時覺察到自己的眼角溼潤了，沒錯，我還活在這個人世間呢！心中好生感動，原來我命不該絕，此刻還好生生地躺在床上！

此後，我開始經常質疑自己：“你還要這樣地過下去嗎？這真的是你想要過的生活嗎？”

理性堅持土崩瓦解

張鴻玉開始不斷地發問，而且急於得到一個明確的答案。這一股迫切帶來了一些似乎早已被安排好的機緣。她經友人介紹參加了心靈課程，也開始接受一些新世紀心靈的書籍。書中像是有一股強大的力量牽引她，她確信有一條能讓她找到生命答案的路。那段時間，她快速閱讀了過去沒有興趣、也完全看不懂的書籍。

“長久以來一直鍾情於名利的我，此時對眼前的世界有了全然不同的新視野，心如止水，外在的世界儼然已全部關閉。我辭去了工作，回到家中，在客廳的一個角落裡，安靜地閉上眼睛，席地而坐，從未學習過靜坐的我，就這麼坐了下來。”

在靜坐的第三天，張鴻玉經歷了她畢生難忘的超自然體驗，那是一種沒有任何語言可以形容與描述的感受。“它是什麼？我真的不知道，那是一個突來的瞥見，只在那個瞬間發生，但我內在非常清楚：那是一份禮物，如有一扇門為我開了，有一盞燈為我點亮了……”

那段日子裡，原屬知識分子的理性堅持，在張鴻玉心中全然崩潰瓦解。“我一直以來看到的世界都只是其中的一小面，而我瞥見的，是世界廣闊的另一面，我屬於世界的那一面。”

當時她充滿狂喜，時常說些讓人不可置信的經驗，讓她的家人承受了極大的壓力。

“他們深怕我走火入魔。但我根本無暇顧及其他人的感受，一心一意邁向內在探索的旅程，其間也多次遭遇情緒的決堤，多少的執著、恐懼、嫉妒……無一不讓我痛徹心扉，難以面對。慢慢地，我越來越清楚了，終於明白了所有的痛苦都是自找的，我並非命運的受害者，而是命運的創造者。”


【現在的張鴻玉】
心靈富足的“國王”

以前的張鴻玉，每天早上都在緊繃的情緒中醒來，看到太陽就難過得不得了，因為不想去上班。到了會議室，往往會議開始前都會有人在傳頭疼藥，大家把壓力視為如此理所當然。“今天的我，回頭一看，那真的是神經病的日子呀！但是，那卻是很多人所追求的。如果你不夠神經病，人家會說你不夠認真、不敬業……我們都是應付外在的、物質的追求，而社會對我們的期望也是如此。”

張鴻玉目前是中華新時代協會的心靈輔導師。現在的她每天早上醒來都充滿喜悅。她說：“我們會有那麼多的外在痛苦，是因為內在的傷口太多了。我現在從事的工作，是幫助大家從內在轉化心靈。外在的世界依然沒有改變，甚至還變得更糟糕，但是心靈的改變，會讓我們看到一個全然不同的世界，世界變得更美麗了，好人變多了。”這是她心臟病發作一年後的體悟：人不只是命運的創造者，更是世界的建構者。

她一直在強調一個觀念：世界本來是豐富的，且滿溢愛。“基督徒說上帝愛世人，其實上帝無時無刻都在給予愛，只是我們接受不到。上帝的心是慈愛的，是寬廣的，以我們那顆狹隘的心，又怎麼能接收到這無限的愛呢？學習上帝的美好特質，把心的‘頻道’調至與上帝一塊，你就收到祂的愛了。
”

壞事不會來！

“生命中出現的一切機遇，也是我們創造的呀！你的心是怎麼樣的，就會吸引到同一個性質的人、事、物來接近你的生命。你的心是豐富、充實的，你身處的世界自然富足美好。”

張鴻玉說，以前看的是“緊張台”，現在轉去看“輕鬆台”了。原來，心靈富足了，才明白到自己真正需要賴以過活的物質是非常少的，而此時，我們會發覺世間的資源源源不絕。

“我以前過緊張的日子，賺的錢確實比別人多一點啦！但都不敢用啊！要存起來，天知道以後會發生什麼事，萬一活到90歲，沒有錢怎麼辦？我們大部分人就是這樣，錢是有了，但心中總是還有個洞口，深怕會失去什麼。所以，錢財的多少不是貧富的標準，心靈的豐富才是最重要的。

“內在是一個乞丐，呈現出的也會是乞丐的特質。你沒遇到過小器的有錢人嗎？你沒聽說大財主還要繼續貪污的嗎？內在是個國王，就算不是太有錢，但你的日子可以過得像個國王一樣。我以前也是個乞丐，但我不知道。”

張鴻玉現在過日子的信條是：“每天都是快樂的一天，每件事，如果它真要發生，那它必定是對我最好的。”就算是發生一件看起來是不幸的事呢？“那麼，那不好的一面一定是假的！內在一定有其好的一面。”

心臟病看起來絕不像是好事，但是發生在張鴻玉身上了，且把她引領到今天從事心靈工作的崗位，她覺得現在的日子活得比以前有意義得多了。如此一想，當年的心臟病到底是壞事或好事呢？張鴻玉以自身的經驗告訴我們：“不會有壞事降臨到我身上的。一個看起來是負面的遭遇，一定是因為我還沒能去發掘它那好的一面。”


採訪後記

感謝這一段日子的美好機緣，讓我見了趙翠慧（上期【心靈】人物）之後，又有機會採訪張鴻玉。她們都是精彩的人物。

人到中年，生命會出現一些不同的面貌，但她們兩位依然保有如此旺盛的生命力，確實不易。趙翠慧因為瀕死經驗而重新尋得生命的真義；張鴻玉因為一次心臟病發，而決定捨棄物質名利挂帥的日子，轉而探索心靈世界。

她們的成長不限於自己的獲得，而是積極與別人分享當中的體悟。她們都在傳達同一個訊息：理想的世界，從每個人的心靈淨化開始。

近期社會有太多負面的案件，讓人人心中醞釀一股鬱悶：我們的社會怎麼了？這時候讓我們遇到一些心靈世界比我們更為富足的人，告訴我們，她們是如何看待世間萬物……我們是該感謝她們的。

外在的世界或許真的變得越來越糟，但是，轉化心靈，我們會看到世界的另一面。這當然不是一個孤立自己而置社會於不理的負面想法，反而蘊涵一個更為正面積極的願景：唯有從自己開始讓心靈富足起來，進而感染身邊的人，大家一起展現人性中原有的真善美，和平安樂的社會，才有望出現。我們還得繼續努力。


引用: 星洲網

 ------------------------
老師將於11/6(二)起開【活出豐盛與無限】
10/29前報名享早鳥價，歡迎報名上課
報名連結：https://goo.gl/forms/frIelHCbkOgYTgrk2

 ❤【心靈諮商-一對一諮商服務】❤
預約電話：0936884380蔡小姐","1569735273"
"https://www.facebook.com/cnas0778/posts/3037023199671084","1561887550","恭喜大家完成天使靈氣初階的工作坊~~~ 下次的天使靈氣初階及進階班將在10月份舉辦

 [10/18-20]天使靈氣初階工作坊
https://forms.gle/ZrxgiNSYN4ocYTHCA","1569735273"
"https://www.facebook.com/cnas0778/posts/2954978424542229","1559285273","❤張鴻玉老師 - 【活出豐盛與無限課程精華】
主題：《勇敢接受自己真實的面目》
時間：2019/5/28(週二)

6/4(二)為本期最後一堂課，歡迎來現場報名參加！
------------

★走出家族業力(每周二晚上7:00-9:00)
歡迎新朋友、舊學員現場來報名參加
電話：0225980778、0936884380
地址：台北市大同區民族西路169巷7號1樓(近圓山捷運站1號出口7-10分鐘)
http://www.cnas.org.tw/WebMaster/…

★張鴻玉老師心靈諮商一對一服務：
http://www.cnas.org.tw/WebMaster/…","1569735273"
"https://www.facebook.com/cnas0778/posts/2782477928458947","1553257800","✨❤【神秘學院天賦開啟(初階)】❤
【在這工作坊你將學習到甚麼】
你此生所擁有的天賦能力的範圍，其實在出生之前，靈魂就已經做好的設定，這是構成你此生生命藍圖最重要的部分之一。

當你希望鬆開這些對天賦的原生限制，善用你可以擁有的更多的天賦特質，首先你就必須要清楚，你想擁有的天賦究竟為何，以及你願意用用這些天賦，承諾為你的生命做出什麼樣不同的改變與創造。
然後透過與靈魂、高我的重新約定盟誓，讓靈魂為你打開這個天賦通道。

※小班制的貼心專屬教學😍，老師可更全面的顧及到全部的學生，也歡迎在課堂上發問唷💫

【神秘學院】系列是來自在亞特蘭提斯的大祭司的教導。。
這是一位來自於天狼星的高靈，在亞特蘭提斯時期，曾經擔任十二位高等祭司當中的一位，在文明陸沉之前，帶領著族人移居到美洲，將文明的古老智慧，禮敬大地與之上所有生命的天賦特質，完整地保留下來。

❤【帶領人】
亞伯Abraham Imhotep Lai
美國歐林中心課程教師
生活易經工作坊、決策易經工作坊講師
國內多個歐林、賽斯讀書會帶領者

❤️【時間】
【第一班】
2019/5/26（日）１０：００－１７：００
【第二班】
2019/6/16（日）１０：００－１７：００

 📣【地點】✨
中華新時代協會 （近圓山捷運站）台北市民族西路169巷7號
【洽詢電話】
(02)2598-0778、0936-884-380蔡小姐

 【報名連結】
https://goo.gl/forms/Ube30WLYw70c5Jr53

 【上課心得分享】
https://ppt.cc/fYuUNx


 #你想開啟什麼天賦呢
#一起來跟高我及靈魂一起合作打開天賦通道吧
#除了開啟天賦也可以選擇關閉唷
#神秘古文明
#亞特蘭提斯
#天狼星","1569735274"
"https://www.facebook.com/cnas0778/posts/2981533028553435","1560165759","天使靈氣初階工作坊早鳥優惠價就到明天唷！
想上課的同學請盡快報名，謝謝

 【報名連結】
https://goo.gl/forms/XoJAxnm9jh54RlO52","1569735274"
"https://www.facebook.com/cnas0778/posts/3092330174140386","1563684781","常常有人問小編要如何到協會

 所以拍了如何從圓山捷運站走到中華新時代協會的影片供大家參考❤️

 【中華新時代協會營業資訊】
開放時間：(週三休館)
週一至週五 13:00-21:00 
週六、週日 10:00-17:00 
103台北市大同區民族西路169巷7號 (近圓山捷運站7-10分鐘)
02-2598-0778 、 0936-884-380 

 公車站牌（順序從近到遠）
蘭州國中、民族重慶路口、大龍峒保安宮、民族承德路口
停車場
揚雅立體停車場
台北市大同區大龍街136號(介於民族西路及昌吉街)

 更多資訊：
https://www.facebook.com/notes/%E4%B8%AD%E8%8F%AF%E6%96%B0%E6%99%82%E4%BB%A3%E5%8D%94%E6%9C%83-chinese-new-age-society/%E5%AF%A6%E5%A2%83%E5%9C%B0%E5%9C%96-%E6%8D%B7%E5%BE%91%E4%BA%A4%E9%80%9A%E8%B3%87%E8%A8%8A/1653728101345672/","1569735274"
"https://www.facebook.com/cnas0778/posts/2611711985535543","1545998659","❤【2019/4/19-21神聖月光獨角獸工作坊】 ❤
在黃金時期獨角獸存在於亞特蘭提斯，每個人都能夠與祂們連繫，就像連繫天使與指導靈一樣。 

在這個工作坊中， 伊莉莎白將在大天使漢尼爾(Archangel
Haniel)的陪同下，帶領大家進入獨角獸與飛馬的世界，認出與自己連結的獨角獸、與獨角獸互動合作為他人服務、運作獨角獸靈氣來療癒自己與別人、並且進入第七次元的高度顯化頻率中來實現靈魂的願望。

-----

★此工作坊是成為英國黛安娜庫柏揚昇學校(Diana Cooper Angels& Ascension School)獨角獸老師的暖身課程。
❤【帶領人】
Elizabeth Chou(伊莉莎白)
英國天使靈氣師父、英國黛安娜庫柏揚昇學校天使、獨角獸、揚昇大師、亞特蘭提斯與列木里亞行星療癒老師、天堂香巴拉引導者、光的神聖國度的訊息管道、個案諮詢工作者、光的課程帶領人、合一傳導師

❤【時間】
2019/4/19(五)~4/21(日) AM10:00~PM17:00 

❤【地點】
中華新時代協會 （近圓山捷運站）台北市民族西路169巷7號

❤【費用】
4/9前報名繳費享早鳥價；另有兩人同行優惠
(含課程、中文講義、獨角獸靈氣水晶、黛安娜庫柏揚昇學校參與課程證書)

❤【報名連結】
https://goo.gl/forms/1msOJT1bGRyprrmS2

 ★獨角獸日記（1）
https://www.facebook.com/elizabeth.chou.16/posts/1060726054029993

 ★獨角獸日記（2）
https://www.facebook.com/elizabeth.chou.16/posts/1063460017089930

 ★獨角獸日記（3）
https://www.facebook.com/elizabeth.chou.16/posts/1074075716028360

 ★獨角獸日記（4）
https://www.facebook.com/…/a.10013331865…/2419807608059316/…

 ★獨角獸日記（5）
https://www.facebook.com/…/a.10013331865…/2426316744075069/…

 #連結屬於你的獨角獸
#接受獨角獸靈氣初階與高階開悟點化
#製作實現靈魂願望精油
#使用獨角獸卡為他人諮詢服務
#與獨角獸直接對話溝通接收獨角獸的訊息","1569735274"
"https://www.facebook.com/cnas0778/posts/2595627587143983","1545303428","🙌【2019/2/15-17天使靈氣初階工作坊】❤
天使靈氣是【大天使麥達昶】承接造物主的旨意，為了協助地球順利的揚昇，聚集了所有天使純淨的能量以及神聖源頭的智慧、慈悲與無條件的愛，經由英國的Kevin
Core的意識與身體接引到地球。

大天使麥達昶說:「天使靈氣是充滿無條件的愛、充滿豐盛意識、充滿無限可能性與創造力，能夠化腐朽為神奇的偉大力量!每位天使靈氣的執行師，將可連結至少一位與你有緣的神聖天使、高靈或揚升大師與你一同耕耘你的靈性道路，這是我大天使麥達昶對你們的承諾!」

在這工作坊中，你將直接收到來自天使聖團的清理與點化，賦予你成為純淨通透的天使能量管道。你將學會和天使、揚昇大師和銀河星際療癒者一起工作。

※完成天使靈氣1&2階的業力清理與點化後，你將獲得英國的認證，成為天使靈氣療癒的管道，為自己與他人施作靈氣，成為天使靈氣執行師。

❤【帶領人】
Elizabeth Chou伊莉莎白
英國天使靈氣師父、英國黛安娜庫柏學校天使(Diana Cooper School of Angels& Ascension ) 、獨角獸、列木里亞行星療癒老師、
天使訊息管道、天使個案諮詢工作者、光的課程帶領人、合一傳導師。

-----

【工作坊時間】
2019/2/15(五)6:30PM~9:30PM
2019/2/16(六)~2/17(日)9:30AM~6:30PM

【工作坊費用】
2/1前報名並繳費完成 可享早鳥價
【工作坊地點】
中華新時代協會 （近圓山捷運站）台北市民族西路169巷7號

【報名連結】
https://goo.gl/forms/xcVlLFJbE2jO5b0L2

#與天使跟揚昇大師和銀河星際療癒者一起工作
#天使靈氣適合所有人
#願意奉獻無條件之愛渴望與天使一起工作的人
#都能夠成為靈氣執行師
#英國天使靈氣認證
#初階還有大師水晶伴隨你成長","1569735274"
"https://www.facebook.com/cnas0778/posts/2955148531191885","1559296801","2019中華新時代協會6月份最新課程
http://www.cnas.org.tw/WebMaster/uploads/file/201906.pdf
課程連結:
http://www.cnas.org.tw/WebMaster/?section=133","1569735274"
"https://www.facebook.com/cnas0778/posts/2603342559705819","1546951800","如果你不快樂，那是因為你把事情看得太嚴肅了。

 #奧修
#奧修名言佳句
#金句
#中華新時代協會","1569735275"
"https://www.facebook.com/cnas0778/posts/2930266413680097","1563886200","✨❤【神秘學院天賦開啟(初階)、(進階)】❤
【在這工作坊你將學習到甚麼】
你此生所擁有的天賦能力的範圍，其實在出生之前，靈魂就已經做好的設定，這是構成你此生生命藍圖最重要的部分之一。

當你希望鬆開這些對天賦的原生限制，善用你可以擁有的更多的天賦特質，首先你就必須要清楚，你想擁有的天賦究竟為何，以及你願意用用這些天賦，承諾為你的生命做出什麼樣不同的改變與創造。
然後透過與靈魂、高我的重新約定盟誓，讓靈魂為你打開這個天賦通道。

※小班制的貼心專屬教學😍，老師可更全面的顧及到全部的學生，也歡迎在課堂上發問唷💫

【神秘學院】系列是來自在亞特蘭提斯的大祭司的教導。。
這是一位來自於天狼星的高靈，在亞特蘭提斯時期，曾經擔任十二位高等祭司當中的一位，在文明陸沉之前，帶領著族人移居到美洲，將文明的古老智慧，禮敬大地與之上所有生命的天賦特質，完整地保留下來。

❤【帶領人】
亞伯Abraham Imhotep Lai
美國歐林中心課程教師
生活易經工作坊、決策易經工作坊講師
國內多個歐林、賽斯讀書會帶領者

💐【初階】
2019/9/21（六）１０：００－１７：００
☆報名連結：https://forms.gle/F85a4743sZ9zUSTv7

 💐【進階】
2019/9/22（日）１０：００－１７：００
☆報名連結：https://forms.gle/WkfeLD2BNd2xwzpD8

 📣【地點】✨
中華新時代協會 （近圓山捷運站）台北市民族西路169巷7號
【洽詢電話】
(02)2598-0778、0936-884-380蔡小姐

 【上課心得分享】
https://ppt.cc/fYuUNx","1569735275"
"https://www.facebook.com/cnas0778/posts/3281005568606178","1569587401","✨❤【神秘學院天賦開啟(初階)、(進階)】❤
【在這工作坊你將學習到甚麼】
你此生所擁有的天賦能力的範圍，其實在出生之前，靈魂就已經做好的設定，這是構成你此生生命藍圖最重要的部分之一。

當你希望鬆開這些對天賦的原生限制，善用你可以擁有的更多的天賦特質，首先你就必須要清楚，你想擁有的天賦究竟為何，以及你願意用用這些天賦，承諾為你的生命做出什麼樣不同的改變與創造。
然後透過與靈魂、高我的重新約定盟誓，讓靈魂為你打開這個天賦通道。

※小班制的貼心專屬教學😍，老師可更全面的顧及到全部的學生，也歡迎在課堂上發問唷💫

【神秘學院】系列是來自在亞特蘭提斯的大祭司的教導。。
這是一位來自於天狼星的高靈，在亞特蘭提斯時期，曾經擔任十二位高等祭司當中的一位，在文明陸沉之前，帶領著族人移居到美洲，將文明的古老智慧，禮敬大地與之上所有生命的天賦特質，完整地保留下來。

❤【帶領人】
亞伯Abraham Imhotep Lai
美國歐林中心課程教師
生活易經工作坊、決策易經工作坊講師
國內多個歐林、賽斯讀書會帶領者

💐【初階】
2019/11/16（六）１０：００－１７：００

 💐【進階】
2019/11/17（日）１０：００－１７：００

 💐【報名連結】
https://forms.gle/cpYQSNdCssHhLVebA

 📣【地點】✨
中華新時代協會 （近圓山捷運站）台北市民族西路169巷7號
【洽詢電話】
(02)2598-0778、0936-884-380蔡小姐

 【上課心得分享】
https://ppt.cc/fYuUNx","1569735275"
"https://www.facebook.com/cnas0778/posts/2670309526342455","1548939000","2019中華新時代協會2月份最新課程
協會自2/2-2/10休館，於2/11營業，祝新春愉快！

 http://www.cnas.org.tw/WebMaster/uploads/file/201902.pdf
課程連結:
http://www.cnas.org.tw/WebMaster/?section=133","1569735275"
"https://www.facebook.com/cnas0778/posts/2603339063039502","1548161400","解決恐懼的一個方法就是：正視恐懼

 #歐林
#歐林與達本
#金句
#中華新時代協會","1569735276"
"https://www.facebook.com/cnas0778/posts/2664233996950008","1548156851","🙌【2019/2/15-17天使靈氣初階工作坊】❤
天使靈氣是【大天使麥達昶】承接造物主的旨意，為了協助地球順利的揚昇，聚集了所有天使純淨的能量以及神聖源頭的智慧、慈悲與無條件的愛，經由英國的Kevin
Core的意識與身體接引到地球。

大天使麥達昶說:「天使靈氣是充滿無條件的愛、充滿豐盛意識、充滿無限可能性與創造力，能夠化腐朽為神奇的偉大力量!每位天使靈氣的執行師，將可連結至少一位與你有緣的神聖天使、高靈或揚升大師與你一同耕耘你的靈性道路，這是我大天使麥達昶對你們的承諾!」

在這工作坊中，你將直接收到來自天使聖團的清理與點化，賦予你成為純淨通透的天使能量管道。你將學會和天使、揚昇大師和銀河星際療癒者一起工作。

※完成天使靈氣1&2階的業力清理與點化後，你將獲得英國的認證，成為天使靈氣療癒的管道，為自己與他人施作靈氣，成為天使靈氣執行師。

❤【帶領人】
Elizabeth Chou伊莉莎白
英國天使靈氣師父、英國黛安娜庫柏學校天使(Diana Cooper School of Angels& Ascension ) 、獨角獸、列木里亞行星療癒老師、
天使訊息管道、天使個案諮詢工作者、光的課程帶領人、合一傳導師。

-----

【工作坊時間】
2019/2/15(五)6:30PM~9:30PM
2019/2/16(六)~2/17(日)9:30AM~6:30PM

【工作坊費用】
2/1前報名並繳費完成 可享早鳥價
【工作坊地點】
中華新時代協會 （近圓山捷運站）台北市民族西路169巷7號

【報名連結】
https://goo.gl/forms/xcVlLFJbE2jO5b0L2

#與天使跟揚昇大師和銀河星際療癒者一起工作
#天使靈氣適合所有人
#願意奉獻無條件之愛渴望與天使一起工作的人
#都能夠成為靈氣執行師
#英國天使靈氣認證
#初階還有大師水晶伴隨你成長","1569735276"
"https://www.facebook.com/cnas0778/posts/2518758054830937","1542113400","世界會是這樣的現狀，是由於你及你做過---或沒有做---的選擇。
〈不做決定也是決定〉
你自己的人生是目前的現狀，也是由於你及你做過---或不肯做---的選擇。I-81

 #一句話的力量
#與神對話
#金句
#中華新時代協會","1569735276"
"https://www.facebook.com/cnas0778/posts/2828829273823812","1554722708","【獨角獸早鳥優惠價就在明日，敬請把握機會報名】

 CP值超高的工作坊，一次就可學習如何使用獨角獸卡、獨角獸靈氣、製作獨角獸精油、如何接受獨角獸的訊息與連結自己的獨角獸！

 是小編超推薦的工作坊~~歡迎來上課！

 ●●●三天的課程大綱:

 1. 認識獨角獸王國，連結專屬於你的獨角獸。

 2. 拜訪獨角獸王國，接受獨角獸國王與皇后的高頻清理與揚昇賜福。

 3. 接引獨角獸靈氣、接受獨角獸王國初階與高階開悟點化。

 4. 進行獨角獸呼吸，運作獨角獸靈氣療癒自己與別人。

 5. 運作獨角獸靈氣解除第三眼的限制封印。

 6.獨角獸水晶、獨角獸心想事成光球的運用、製作實現靈魂願望精油。

 7.使用獨角獸卡為自己與他人諮詢服務。

 8.與獨角獸直接對話溝通、接收獨角獸的訊息。

 ★★此工作坊是成為英國黛安娜庫柏揚昇學校(Diana Cooper Angels& Ascension School)獨角獸老師的暖身課程。

 ●●●報名繳費連結: 
https://docs.google.com/…/1FAIpQLSdCgMtBpeDtAl8riW…/viewform","1569735276"
"https://www.facebook.com/cnas0778/posts/2536043006435775","[Error]: TypeError: Cannot read property 'attribs' of undefined","","1569735276"
"https://www.facebook.com/cnas0778/posts/2756372431069497","1551775592","這次的天使靈氣師父階總共有七位同學結業！
謝謝你們的參與，願往後有更多的加入成為地球的天使靈氣光柱。

 ----------
歡迎有興趣的同學來參加

 2019/6/21-23天使靈氣第一階與第二階點化工作坊
https://goo.gl/forms/TTwrdoYyx5yfOnuT2","1569735276"
"https://www.facebook.com/cnas0778/posts/2603336056373136","1547556600","當你做任何事時，都應避免貼標籤和判斷。
因為每個狀況都是一個禮物，而在每個經驗裡都隱藏著一個寶藏。

 #與神對話
#金句
#中華新時代協會","1569735276"
"https://www.facebook.com/cnas0778/posts/2700214930018581","1549632287","❤【2019/3/17 大天使夏彌爾&愛神哈索爾～甜蜜愛情教室】❤
水象星座的我，天生浪漫多情，敏感易傷，從年少至今，總是希望在每次的戀情中遇見命中注定的靈魂伴侶、擁抱那堅定不移的真愛‭!‬

 但情路坎坷，每當灰心沮喪不再對愛情抱持希望之際，天使與指導靈總會鼓勵我不要就此放棄，要我相信真愛無處不在‭!‬

 
這一路走來，我的閨蜜【大天使夏彌爾】幫助我解開了很多情感的糾結與枷鎖，讓我對愛情有更開闊豁達的胸襟與視野。我的指導靈，埃及愛神【哈索爾】則是指導我將愛情的層級提升到無條件之愛的振動頻率。

 【大天使夏彌爾】曾對我說過‭:‬【談戀愛是為了讓自己快樂、更有自信；愛情就像是蜂蜜，是用來滋養自己、肯定自己、讓妳感到幸福甜蜜，幫助妳看到自己的完整與獨立。
如此妳的戀愛會談得越來越成熟，妳會給予雙方足夠的自由與空間，不會緊抓住對方不放或害怕他離開。 因為妳瞭解，
妳內在對自己的愛已經飽足滿溢，而情人的愛就如同是甜點，是來點綴妳生活的美味，妳將更順暢、更通行無阻的行走於人世間，愛情從此變成了美味的蜂蜜，而不是療癒生命的苦藥。】

 
【愛神哈索爾】則是說‭:‬【把每位來到身邊的男性視為心目中的兄長與英雄以及偉大的神聖陽性能量。愛情不是控制而是尊重。該是放手的時刻就應該放手，讓他們回歸心中真正的渴望、回到摯愛的懷抱‭!‬】

#限15名額欲報從速

 #想尋找真愛盼望遇見心中的靈魂伴侶嗎‭?‬

 #在情路上跌跌撞撞傷痕累累不敢再愛嗎‭?

 #想知道自己適合怎樣的靈魂伴侶嗎?‬

 #想知道如何經營美好的戀情與婚姻嗎?

 #希望增加好人緣與異性緣嗎?

 
這‭個‬教室是‭特別‬為尋找愛情的男人與‭女‬人量身‭訂做‬的，‭伊莉莎白‬將‭連‬結【愛神哈索爾】為每位‭參加‬的‭朋友傳遞‬愛情‭金鑰‬、解‭答‬愛情的‭迷津‬；‭並且接引‬【大天使夏彌爾】的甜蜜能量來開‭啟‬愛情‭玫瑰‬，‭吸引‬靈魂伴侶的到來‭!‬


課程‭內‬容‭大‬綱：‬

【🌹大天使夏彌爾】的‭協‬助‭:‬
1. 療癒受傷的心‭輪‬‬
2.‭ 啟‭動愛情‬玫瑰‬.‭吸引‭靈魂伴侶‬‬
3.‭ 增加好‭人‬緣‬

【🌹愛神哈索爾】的‭服務‭:‬‬
1.‭ 傳遞‭愛情‬金鑰‬:‭愛情成‭功‬的‭關鍵‬‬(‭個別傳遞‬)
2.‭ 愛神的‭祝‬福‬:‭成為‭萬人迷
3. 有關你的靈魂伴侶


❤【帶領人】
Elizabeth Chou伊莉莎白
英國天使靈氣師父、英國黛安娜庫柏揚昇學校(Diana Cooper School of Angels& Ascension
)天使、獨角獸、揚昇大師、亞特蘭提斯與列木里亞行星療癒老師、天堂香巴拉教師、光的神聖國度的訊息管道、個案諮詢工作者、光的課程帶領人。

-----

 【上課時間】
2019/3/17（日）10：00～18：00

 【工作坊地點】
中華新時代協會 （近圓山捷運站）台北市民族西路169巷7號

【報名連結】
https://goo.gl/forms/1oCyD82R0gKoqGCO2

 ※注意事項。
★‭參加者請攜帶紙筆‭、‬單‭方‬玫瑰精油‭一‬瓶‭。‬‬
★‭為‭確保‬上‭課品質，限額15名‬‬，欲報從速！
★‭繳費後才算完成報名流程。
★‭開課前二星期退出者扣2成手續費，開課前一星期內退課不退費!

 相關閱讀：《大天使夏彌爾 ~ 問情是何物》~Elizabeth Chou伊莉莎白的傳訊
https://www.facebook.com/cnas0778/posts/2700225260017548?__tn__=K-R","1569735276"
"https://www.facebook.com/cnas0778/posts/3089170021123068","1563580261","今天尚有名額，歡迎直接現場過來報名繳費參加！
活動時間是下午2:00開始，想現場參加的朋友們請提前10分鐘報到。

 交通資訊
http://www.cnas.org.tw/WebMaster/?section=86","1569735276"
"https://www.facebook.com/cnas0778/posts/2603319999708075","1548766200","愛的最本質核心就是自由

 #奧修
#奧修名言佳句
#金句
#中華新時代協會","1569735277"
"https://www.facebook.com/cnas0778/posts/2670131099693631","1548492000","✨❤【神秘學院天賦開啟(初階)】❤
【在這工作坊你將學習到甚麼】
你此生所擁有的天賦能力的範圍，其實在出生之前，靈魂就已經做好的設定，這是構成你此生生命藍圖最重要的部分之一。

當你希望鬆開這些對天賦的原生限制，善用你可以擁有的更多的天賦特質，首先你就必須要清楚，你想擁有的天賦究竟為何，以及你願意用用這些天賦，承諾為你的生命做出什麼樣不同的改變與創造。
然後透過與靈魂、高我的重新約定盟誓，讓靈魂為你打開這個天賦通道。

※小班制的貼心專屬教學😍，老師可更全面的顧及到全部的學生，也歡迎在課堂上發問唷💫

【神秘學院】系列是來自在亞特蘭提斯的大祭司的教導。。
這是一位來自於天狼星的高靈，在亞特蘭提斯時期，曾經擔任十二位高等祭司當中的一位，在文明陸沉之前，帶領著族人移居到美洲，將文明的古老智慧，禮敬大地與之上所有生命的天賦特質，完整地保留下來。

❤【帶領人】
亞伯Abraham Imhotep Lai
美國歐林中心課程教師
生活易經工作坊、決策易經工作坊講師
國內多個歐林、賽斯讀書會帶領者

❤️【時間】
【第一班】
2019/3/17（日）１０：００－１７：００
【第二班】
2019/4/27（六）１０：００－１７：００

 📣【地點】✨
中華新時代協會 （近圓山捷運站）台北市民族西路169巷7號
【洽詢電話】
(02)2598-0778、0936-884-380蔡小姐

 【報名連結】
https://goo.gl/forms/bNJO2Q2RVsHK7c3k1

 【上課心得分享】
https://ppt.cc/fYuUNx


 #你想開啟什麼天賦呢
#一起來跟高我及靈魂一起合作打開天賦通道吧
#除了開啟天賦也可以選擇關閉唷
#神秘古文明
#亞特蘭提斯
#天狼星","1569735277"
"https://www.facebook.com/cnas0778/posts/3029285047111566","1561636857","❤【易經一日工作坊】❤
【易經】將萬事萬物區分成六十四個不同的情境，它可以協助你分析現狀，讓你知道該留意什麼？從天時、地利、人和三個外在層面，以及人生六個階段的內在層面，教你如何趨吉避害。

學會易經，你將可以瞭解目前置身在什麼樣的大環境？目前的人生處在何種階段？如果你選擇做了何種改變，將可以產生什麼樣的結果？

趕快開始學易經，讓自己的人生從此知易、行易、容易～

❤《關於亞伯Abraham Imhotep Lai》
生活易經工作坊、決策易經工作坊講師
美國歐林中心課程教師
國內多個歐林、賽斯讀書會帶領者

【時間】
【A班】
2019/7/13（六）１０：００－１７：００
【B班】
2019/7/21（日）１０：００－１７：００

【工作坊費用】含一本工具書、一套簡易占算工具、一份講義 

【地點】
中華新時代協會 台北市大同區民族西路169巷7號（近圓山捷運站） 

【報名連結】
https://forms.gle/DF4akoWpwFQv75GM9

#小班制貼心專屬教學老師可更全面的顧及到全部的學生
#占卜實戰演練
#輕鬆上手由淺入深的易經占卜
#歡迎在課堂上發問唷","1569735277"
"https://www.facebook.com/cnas0778/posts/3039533372753400","1561970337","最小的同學今年11歲唷！超級年輕~~
恭喜大家順利完成天使靈氣進階工作坊了。","1569735277"
"https://www.facebook.com/cnas0778/posts/2732563003450440","1550824063","❤【2019/3/17 大天使夏彌爾&愛神哈索爾～甜蜜愛情教室】❤
水象星座的我，天生浪漫多情，敏感易傷，從年少至今，總是希望在每次的戀情中遇見命中注定的靈魂伴侶、擁抱那堅定不移的真愛‭!‬

 但情路坎坷，每當灰心沮喪不再對愛情抱持希望之際，天使與指導靈總會鼓勵我不要就此放棄，要我相信真愛無處不在‭!‬

 
這一路走來，我的閨蜜【大天使夏彌爾】幫助我解開了很多情感的糾結與枷鎖，讓我對愛情有更開闊豁達的胸襟與視野。我的指導靈，埃及愛神【哈索爾】則是指導我將愛情的層級提升到無條件之愛的振動頻率。

 【大天使夏彌爾】曾對我說過‭:‬【談戀愛是為了讓自己快樂、更有自信；愛情就像是蜂蜜，是用來滋養自己、肯定自己、讓妳感到幸福甜蜜，幫助妳看到自己的完整與獨立。
如此妳的戀愛會談得越來越成熟，妳會給予雙方足夠的自由與空間，不會緊抓住對方不放或害怕他離開。 因為妳瞭解，
妳內在對自己的愛已經飽足滿溢，而情人的愛就如同是甜點，是來點綴妳生活的美味，妳將更順暢、更通行無阻的行走於人世間，愛情從此變成了美味的蜂蜜，而不是療癒生命的苦藥。】

 
【愛神哈索爾】則是說‭:‬【把每位來到身邊的男性視為心目中的兄長與英雄以及偉大的神聖陽性能量。愛情不是控制而是尊重。該是放手的時刻就應該放手，讓他們回歸心中真正的渴望、回到摯愛的懷抱‭!‬】

#限15名額欲報從速

 #想尋找真愛盼望遇見心中的靈魂伴侶嗎‭?‬

 #在情路上跌跌撞撞傷痕累累不敢再愛嗎‭?

 #想知道自己適合怎樣的靈魂伴侶嗎?‬

 #想知道如何經營美好的戀情與婚姻嗎?

 #希望增加好人緣與異性緣嗎?

 
這‭個‬教室是‭特別‬為尋找愛情的男人與‭女‬人量身‭訂做‬的，‭伊莉莎白‬將‭連‬結【愛神哈索爾】為每位‭參加‬的‭朋友傳遞‬愛情‭金鑰‬、解‭答‬愛情的‭迷津‬；‭並且接引‬【大天使夏彌爾】的甜蜜能量來開‭啟‬愛情‭玫瑰‬，‭吸引‬靈魂伴侶的到來‭!‬


課程‭內‬容‭大‬綱：‬

【🌹大天使夏彌爾】的‭協‬助‭:‬
1. 療癒受傷的心‭輪‬‬
2.‭ 啟‭動愛情‬玫瑰‬.‭吸引‭靈魂伴侶‬‬
3.‭ 增加好‭人‬緣‬

【🌹愛神哈索爾】的‭服務‭:‬‬
1.‭ 傳遞‭愛情‬金鑰‬:‭愛情成‭功‬的‭關鍵‬‬(‭個別傳遞‬)
2.‭ 愛神的‭祝‬福‬:‭成為‭萬人迷
3. 有關你的靈魂伴侶


❤【帶領人】
Elizabeth Chou伊莉莎白
英國天使靈氣師父、英國黛安娜庫柏揚昇學校(Diana Cooper School of Angels& Ascension
)天使、獨角獸、揚昇大師、亞特蘭提斯與列木里亞行星療癒老師、天堂香巴拉教師、光的神聖國度的訊息管道、個案諮詢工作者、光的課程帶領人。

-----

 【上課時間】
2019/3/17（日）10：00～18：00

 【工作坊地點】
中華新時代協會 （近圓山捷運站）台北市民族西路169巷7號

【報名連結】
https://goo.gl/forms/1oCyD82R0gKoqGCO2

 ※注意事項。
★‭參加者請攜帶紙筆‭、‬單‭方‬玫瑰精油‭一‬瓶‭。‬‬
★‭為‭確保‬上‭課品質，限額15名‬‬，欲報從速！
★‭繳費後才算完成報名流程。
★‭開課前二星期退出者扣2成手續費，開課前一星期內退課不退費!

 相關閱讀：《大天使夏彌爾 ~ 問情是何物》~Elizabeth Chou伊莉莎白的傳訊
https://www.facebook.com/cnas0778/posts/2700225260017548?__tn__=K-R","1569735277"
"https://www.facebook.com/cnas0778/posts/3060813960625341","1562671404","❤【2019/8/20起 走出家族業力】❤
#不知不覺中複製了父母的人生
#想要活出自己的人生卻不知道該怎麼做
#歡迎新朋友與舊學員參加

所謂業、就是行動，就是因果。
凡事皆有因，有因就必然會有果。

 破解魔咒，走出家族業力，創造自己想要的自由與豐盛的人生，我們需要提升自己的意識與覺知力......


❤【帶領人】
帶領人-#張鴻玉（Alima）
中華新時代協會賽斯學派心靈輔導師 
印度奧修多元大學個案諮商師
著有《愛他，就讓他做自己》《愛自己的7堂必修課》《其實你不懂我的心》《你的珠寶盒夠大嗎？》《如實面對》《活出無限》《中年叛逆》《在愛上你之前，我已愛上自己》、《原諒自己》及有聲書《講解賽斯書――心靈的本質》第一、二集。

-----
【課程時間】
2019年8月20日起，週二19:00-21:00
【上課地點】
中華新時代協會 （近圓山捷運站）台北市民族西路169巷7號
【洽詢電話】
(02)2598-0778、0936-884-380蔡小姐
【報名連結】
https://forms.gle/UnX4TGxm3dyga5PF9

-----
【張鴻玉老師演講影片】
★親密關係新書講座
https://youtu.be/Hkc3QRh6T9o

★中年叛逆書籍講座(中正紀念堂)
https://youtu.be/2ritcHmULdM
-----
【心靈談話-一對一服務】
https://reurl.cc/6R3X5

 #中華新時代協會#新時代協會#新時代思想
#newage#奧修#賽斯#賽斯學派#賽斯文化#身心靈成長","1569735277"
"https://www.facebook.com/cnas0778/posts/2770405729666167","1552394447","❤【2019/3/26 公益演講：活出豐盛與喜悅】❤
#張鴻玉老師的第一場公益演講
#歡迎搭上扭轉命運的列車成為生命幸福的贏家！

豐盛，並不是去跟別人比較你擁有多少財富或權利地位，而是你的內心充滿了信任與篤定，了解在這個浩瀚的宇宙中，隱含了無窮盡的愛與資源，以至於我們每個人都能隨心所欲地滿足自己的需要與願望，其中，包括了從事自己所喜愛的工作、擁有健康的身體和美好的人際關係。

 
了解心靈與信念所帶來的龐大力量後，你將逐漸放下恐懼、猜嫉與競爭，而更珍愛自己、看重自己，如同破繭而出的蝴蝶般，衝破舊有的框架，展翅高飛，為自己開創出無可限量的美好與未來。

 扭轉人生並不是奇蹟，
而是願意去了解與學習結合自己內在珍貴與巨大的力量，
允許自己享受財富與成功。


❤【帶領人】
帶領人-#張鴻玉（Alima）
中華新時代協會愛之光心靈輔導師 
印度奧修多元大學個案諮商師
著有《愛他，就讓他做自己》《愛自己的7堂必修課》《其實你不懂我的心》《你的珠寶盒夠大嗎？》《在愛上你之前，我已愛上自己》《活出無限》《中年叛逆》《如實面對》《原諒自己》
及有聲書《講解賽斯書――心靈的本質》第一、二集


-----
★場地有限，來參加者請務必預先報名★

【演講時間】
2019/3/26(二) 晚上7:30-9:30
【演講地點】
中華新時代協會 （近圓山捷運站）台北市民族西路169巷7號
【洽詢電話】
(02)2598-0778、0936-884-380蔡小姐
【報名連結】
https://goo.gl/forms/USV56o3W8603I8Em2
-----

 【張鴻玉老師最新課程】
★[4/2起]活出豐盛與無限
https://goo.gl/forms/Um6VBCYtJnvpLcgV2

 【張鴻玉老師演講影片】
★親密關係新書講座
https://youtu.be/Hkc3QRh6T9o

★中年叛逆書籍講座(中正紀念堂)
https://youtu.be/2ritcHmULdM

 -----
【心靈談話-一對一服務】
https://goo.gl/1k1jJu


#中華新時代協會#新時代協會#新時代思想
#newage#奧修#賽斯#賽斯學派#賽斯文化#身心靈成長","1569735277"
"https://www.facebook.com/cnas0778/posts/3278165552223513","1569489022","🤩易經占卜入門班課程這周六9/28確定會開課
對易經占卜有興趣的朋友，歡迎報名參加❤️
[因為需準備上工工具，請盡早報名，謝謝]

 學會易經，你將可以瞭解目前置身在什麼樣的大環境？
目前的人生處在何種階段？
如果你選擇做了何種改變，將可以產生什麼樣的結果？

 趕快開始學易經，讓自己的人生從此知易、行易、容易～⭐️⭐️⭐️

 【時間】
2019/9/28（六）１０：００－１７：００

 【工作坊費用】含一本工具書、一套簡易占算工具、一份講義

【地點】
中華新時代協會 台北市大同區民族西路169巷7號（近圓山捷運站）

【報名連結】
https://forms.gle/5dyD4CNshSsAaAUDA","1569735277"
"https://www.facebook.com/cnas0778/posts/2520853737954702","1543927800","你的態度決定你如何經驗這個世界

 態度是很具吸引力的

 你花在喜悅中的每一刻

 都將吸引來另一刻的喜悅

 喜悅而輕快的情緒所擁有的創造力

 永遠比負面的情緒充滿更大的力量

 #歐林
#歐林與達本
#金句
#中華新時代協會","1569735277"
"https://www.facebook.com/cnas0778/posts/2713525678687506","1550144302","❤️Elizabeth Chou老師為大家帶來的情人節占卜！❤️❤️❤️

 【今年你的愛情會來，你的靈魂伴侶、對的人會出現嗎？】

做幾次深呼吸讓自己進入內在的寂靜中，召喚【大天使夏彌爾】的臨在，請祂回答你的問題：今年你的愛情會來，你的靈魂伴侶、對的人會出現嗎？

問完後，憑直覺選一張卡片，並在底下留言告知選擇的卡片號碼。

今天是情人節，祝福有情人的更幸福甜蜜，有喜歡的人還沒表白的能終成眷屬，還是單身的就讓自己成為自己最棒最完美的情人！

情人節快樂！

答案請看貼文。


-----------
【2019/3/17 大天使夏彌爾&愛神哈索爾～甜蜜愛情教室】
報名連結：https://goo.gl/forms/1oCyD82R0gKoqGCO2
#限15名額欲報從速","1569735277"
"https://www.facebook.com/cnas0778/posts/2815316941841712","1554200666","2019中華新時代協會4月份最新課程
http://www.cnas.org.tw/WebMaster/uploads/file/201904.pdf
課程連結:
http://www.cnas.org.tw/WebMaster/?section=133","1569735280"
