url,posttime,text,crawled_time,attachment_link,attachment_img,attachment_img_alt,attachment_title,attachment_brief
"","","","","","","","",""
"""https://www.facebook.com/pengwintaoyuan/posts/1766746233469452""","","","","","","","",""
"","","","","","","","",""
"""https://www.facebook.com/pengwintaoyuan/posts/1736213769856032""","","","","","","","",""
"","","","","","","","",""
"""https://www.facebook.com/pengwintaoyuan/posts/1708450249299051""","","","","","","","",""
"","","","","","","","",""
"""https://www.facebook.com/pengwintaoyuan/posts/1760455777431831""","","","","","","","",""
"","","","","","","","",""
"""https://www.facebook.com/pengwintaoyuan/posts/1764826340328108""","","","","","","","",""
"","","","","","","","",""
"""https://www.facebook.com/pengwintaoyuan/posts/1707613516049391""","","","","","","","",""
"","","","","","","","",""
"""https://www.facebook.com/pengwintaoyuan/posts/1746551445488931""","","","","","","","",""
"","","","","","","","",""
"""https://www.facebook.com/pengwintaoyuan/posts/1755533311257411""","","","","","","","",""
"","","","","","","","",""
"""https://www.facebook.com/pengwintaoyuan/posts/1728099620667447""","","","","","","","",""
"","","","","","","","",""
"""https://www.facebook.com/pengwintaoyuan/posts/1751455441665198""","","","","","","","",""
"","","","","","","","",""
"""https://www.facebook.com/pengwintaoyuan/posts/1770042903139785""","","","","","","","",""
"","","","","","","","",""
"""https://www.facebook.com/pengwintaoyuan/posts/1732217743588968""","","","","","","","",""
"","","","","","","","",""
"""https://www.facebook.com/pengwintaoyuan/posts/1693518440792232""","","","","","","","",""
"","","","","","","","",""
"""https://www.facebook.com/pengwintaoyuan/posts/1773320629478679""","","","","","","","",""
"","","","","","","","",""
"""https://www.facebook.com/pengwintaoyuan/posts/1773448476132561""","","","","","","","",""
"","","","","","","","",""
"""https://www.facebook.com/pengwintaoyuan/posts/1730727797071296""","","","","","","","",""
"","","","","","","","",""
"""https://www.facebook.com/pengwintaoyuan/posts/1743750759102333""","","","","","","","",""
"","","","","","","","",""
"""https://www.facebook.com/pengwintaoyuan/posts/1731526893658053""","","","","","","","",""
"","","","","","","","",""
"""https://www.facebook.com/pengwintaoyuan/posts/1772356569575085""","","","","","","","",""
"","","","","","","","",""
"""https://www.facebook.com/pengwintaoyuan/posts/1772417379569004""","","","","","","","",""
"","","","","","","","",""
"""https://www.facebook.com/pengwintaoyuan/posts/1766744176802991""","","","","","","","",""
"","","","","","","","",""
"""https://www.facebook.com/pengwintaoyuan/posts/1728151113995631""","","","","","","","",""
"","","","","","","","",""
"""https://www.facebook.com/pengwintaoyuan/posts/1705559559588120""","","","","","","","",""
"","","","","","","","",""
"""https://www.facebook.com/pengwintaoyuan/posts/1692832647527478""","","","","","","","",""
"","","","","","","","",""
"""https://www.facebook.com/pengwintaoyuan/posts/1758253210985421""","","","","","","","",""
"","","","","","","","",""
"""https://www.facebook.com/pengwintaoyuan/posts/1720124824798260""","","","","","","","",""
"","","","","","","","",""
"""https://www.facebook.com/pengwintaoyuan/posts/1738605796283496""","","","","","","","",""
"","","","","","","","",""
"""https://www.facebook.com/pengwintaoyuan/posts/1773298912814184""","","","","","","","",""
"","","","","","","","",""
"""https://www.facebook.com/pengwintaoyuan/posts/1767625043381571""","","","","","","","",""
"","","","","","","","",""
"""https://www.facebook.com/pengwintaoyuan/posts/1760365514107524""","","","","","","","",""
"","","","","","","","",""
"""https://www.facebook.com/pengwintaoyuan/posts/1750377938439615""","","","","","","","",""
"","","","","","","","",""
"""https://www.facebook.com/pengwintaoyuan/posts/1700680660076010""","","","","","","","",""
"","","","","","","","",""
"""https://www.facebook.com/pengwintaoyuan/posts/1722102437933832""","","","","","","","",""
"","","","","","","","",""
"""https://www.facebook.com/pengwintaoyuan/posts/1696605813816828""","","","","","","","",""
"","","","","","","","",""
"""https://www.facebook.com/pengwintaoyuan/posts/1718317961645613""","","","","","","","",""
"","","","","","","","",""
"""https://www.facebook.com/pengwintaoyuan/posts/1677315059079237""","","","","","","","",""
"","","","","","","","",""
"""https://www.facebook.com/pengwintaoyuan/posts/1714834981993911""","","","","","","","",""
"","","","","","","","",""
"""https://www.facebook.com/pengwintaoyuan/posts/1761395870671155""","","","","","","","",""
"","","","","","","","",""
"""https://www.facebook.com/pengwintaoyuan/posts/1766868543457221""","","","","","","","",""
"","","","","","","","",""
"""https://www.facebook.com/pengwintaoyuan/posts/1765752666902142""","","","","","","","",""
"","","","","","","","",""
"""https://www.facebook.com/pengwintaoyuan/posts/1760264084117667""","","","","","","","",""
"","","","","","","","",""
"""https://www.facebook.com/pengwintaoyuan/posts/1701204700023606""","","","","","","","",""
"","","","","","","","",""
"""https://www.facebook.com/pengwintaoyuan/posts/1708416892635720""","","","","","","","",""
"","","","","","","","",""
"""https://www.facebook.com/pengwintaoyuan/posts/1752452411565501""","","","","","","","",""
"","","","","","","","",""
"""https://www.facebook.com/pengwintaoyuan/posts/1771077853036290""","","","","","","","",""
"","","","","","","","",""
"""https://www.facebook.com/pengwintaoyuan/posts/1729932220484187""","","","","","","","",""
"","","","","","","","",""
"""https://www.facebook.com/pengwintaoyuan/posts/1739847212826021""","","","","","","","",""
"","","","","","","","",""
"""https://www.facebook.com/pengwintaoyuan/posts/1750801101730632""","","","","","","","",""
"","","","","","","","",""
"""https://www.facebook.com/pengwintaoyuan/posts/1738183739659035""","","","","","","","",""
"","","","","","","","",""
"""https://www.facebook.com/pengwintaoyuan/posts/1720461558097920""","","","","","","","",""
"","","","","","","","",""
"""https://www.facebook.com/pengwintaoyuan/posts/1705775956233147""","","","","","","","",""
"","","","","","","","",""
"""https://www.facebook.com/pengwintaoyuan/posts/1728075880669821""","","","","","","","",""
"","","","","","","","",""
"""https://www.facebook.com/pengwintaoyuan/posts/1731491280328281""","","","","","","","",""
"","","","","","","","",""
"""https://www.facebook.com/pengwintaoyuan/posts/1718434101633999""","","","","","","","",""
"","","","","","","","",""
"""https://www.facebook.com/pengwintaoyuan/posts/1725531930924216""","","","","","","","",""
"","","","","","","","",""
"""https://www.facebook.com/pengwintaoyuan/posts/1746495542161188""","","","","","","","",""
"","","","","","","","",""
"""https://www.facebook.com/pengwintaoyuan/posts/1730588087085267""","","","","","","","",""
"","","","","","","","",""
"""https://www.facebook.com/pengwintaoyuan/posts/1712112238932852""","","","","","","","",""
"","","","","","","","",""
"""https://www.facebook.com/pengwintaoyuan/posts/1773304402813635""","","","","","","","",""
"","","","","","","","",""
"""https://www.facebook.com/pengwintaoyuan/posts/1760496800761062""","","","","","","","",""
"","","","","","","","",""
"""https://www.facebook.com/pengwintaoyuan/posts/1704968582980551""","","","","","","","",""
"","","","","","","","",""
"""https://www.facebook.com/pengwintaoyuan/posts/1732170770260332""","","","","","","","",""
"","","","","","","","",""
"""https://www.facebook.com/pengwintaoyuan/posts/1708320642645345""","","","","","","","",""
"","","","","","","","",""
"""https://www.facebook.com/pengwintaoyuan/posts/1726309184179824""","","","","","","","",""
"","","","","","","","",""
"""https://www.facebook.com/pengwintaoyuan/posts/1700424283434981""","","","","","","","",""
"","","","","","","","",""
"""https://www.facebook.com/pengwintaoyuan/posts/1727955834015159""","","","","","","","",""
"","","","","","","","",""
"""https://www.facebook.com/pengwintaoyuan/posts/1749655018511907""","","","","","","","",""
"","","","","","","","",""
"""https://www.facebook.com/pengwintaoyuan/posts/1682381091905967""","","","","","","","",""
"","","","","","","","",""
"""https://www.facebook.com/pengwintaoyuan/posts/1726455850831824""","","","","","","","",""
"","","","","","","","",""
"""https://www.facebook.com/pengwintaoyuan/posts/1768924189918323""","","","","","","","",""
"","","","","","","","",""
"""https://www.facebook.com/pengwintaoyuan/posts/1678143825663027""","","","","","","","",""
"","","","","","","","",""
"""https://www.facebook.com/pengwintaoyuan/posts/1713795322097877""","","","","","","","",""
"","","","","","","","",""
"""https://www.facebook.com/pengwintaoyuan/posts/1726313994179343""","","","","","","","",""
"","","","","","","","",""
"""https://www.facebook.com/pengwintaoyuan/posts/1733178186826257""","","","","","","","",""
"","","","","","","","",""
"""https://www.facebook.com/pengwintaoyuan/posts/1772019659608776""","","","","","","","",""
"","","","","","","","",""
"""https://www.facebook.com/pengwintaoyuan/posts/1750373415106734""","","","","","","","",""
"","","","","","","","",""
"""https://www.facebook.com/pengwintaoyuan/posts/1732268813583861""","","","","","","","",""
"","","","","","","","",""
"""https://www.facebook.com/pengwintaoyuan/posts/1704260623051347""","","","","","","","",""
"","","","","","","","",""
"""https://www.facebook.com/pengwintaoyuan/posts/1720477991429610""","","","","","","","",""
"","","","","","","","",""
"""https://www.facebook.com/pengwintaoyuan/posts/1687431501400926""","","","","","","","",""
"","","","","","","","",""
"""https://www.facebook.com/pengwintaoyuan/posts/1681320232012053""","","","","","","","",""
"","","","","","","","",""
"""https://www.facebook.com/pengwintaoyuan/posts/1694704760673600""","","","","","","","",""
"","","","","","","","",""
"""https://www.facebook.com/pengwintaoyuan/posts/1700671773410232""","","","","","","","",""
"","","","","","","","",""
"""https://www.facebook.com/pengwintaoyuan/posts/1701326000011476""","","","","","","","",""
"","","","","","","","",""
"""https://www.facebook.com/pengwintaoyuan/posts/1713873858756690""","","","","","","","",""
"","","","","","","","",""
"""https://www.facebook.com/pengwintaoyuan/posts/1762722363871839""","","","","","","","",""
"","","","","","","","",""
"""https://www.facebook.com/pengwintaoyuan/posts/1738697142941028""","","","","","","","",""
"","","","","","","","",""
"""https://www.facebook.com/pengwintaoyuan/posts/1695131697297573""","","","","","","","",""
"","","","","","","","",""
"""https://www.facebook.com/pengwintaoyuan/posts/1753304351480307""","","","","","","","",""
"","","","","","","","",""
"""https://www.facebook.com/pengwintaoyuan/posts/1756826567794752""","","","","","","","",""
"","","","","","","","",""
"""https://www.facebook.com/pengwintaoyuan/posts/1760473370763405""","","","","","","","",""
"","","","","","","","",""
"""https://www.facebook.com/pengwintaoyuan/posts/1747973212013421""","","","","","","","",""
"","","","","","","","",""
"""https://www.facebook.com/pengwintaoyuan/posts/1732381870239222""","","","","","","","",""
"","","","","","","","",""
"""https://www.facebook.com/pengwintaoyuan/posts/1726581267485949""","","","","","","","",""
"","","","","","","","",""
"""https://www.facebook.com/pengwintaoyuan/posts/1728274047316671""","","","","","","","",""
"","","","","","","","",""
"""https://www.facebook.com/pengwintaoyuan/posts/1709239449220131""","","","","","","","",""
"","","","","","","","",""
"""https://www.facebook.com/pengwintaoyuan/posts/1678825802261496""","","","","","","","",""
"","","","","","","","",""
"""https://www.facebook.com/pengwintaoyuan/posts/1754400048037404""","","","","","","","",""
"","","","","","","","",""
"""https://www.facebook.com/pengwintaoyuan/posts/1688429914634418""","","","","","","","",""
"","","","","","","","",""
"""https://www.facebook.com/pengwintaoyuan/posts/1699576533519756""","","","","","","","",""
"","","","","","","","",""
"""https://www.facebook.com/pengwintaoyuan/posts/1694380344039375""","","","","","","","",""
"","","","","","","","",""
"""https://www.facebook.com/pengwintaoyuan/posts/1715605461916863""","","","","","","","",""
"","","","","","","","",""
"""https://www.facebook.com/pengwintaoyuan/posts/1699627800181296""","","","","","","","",""
"","","","","","","","",""
"""https://www.facebook.com/pengwintaoyuan/posts/1745622492248493""","","","","","","","",""
"","","","","","","","",""
"""https://www.facebook.com/pengwintaoyuan/posts/1753461631464579""","","","","","","","",""
"","","","","","","","",""
"""https://www.facebook.com/pengwintaoyuan/posts/1762697210541021""","","","","","","","",""
"","","","","","","","",""
"""https://www.facebook.com/pengwintaoyuan/posts/1684789384998471""","","","","","","","",""
"","","","","","","","",""
"""https://www.facebook.com/pengwintaoyuan/posts/1690932047717538""","","","","","","","",""
"","","","","","","","",""
"""https://www.facebook.com/pengwintaoyuan/posts/1712794608864615""","","","","","","","",""
"","","","","","","","",""
"""https://www.facebook.com/pengwintaoyuan/posts/1724641224346620""","","","","","","","",""
"","","","","","","","",""
"""https://www.facebook.com/pengwintaoyuan/posts/1739578062852936""","","","","","","","",""
"","","","","","","","",""
"""https://www.facebook.com/pengwintaoyuan/posts/1764685970342145""","","","","","","","",""
"","","","","","","","",""
"""https://www.facebook.com/pengwintaoyuan/posts/1754514484692627""","","","","","","","",""
"","","","","","","","",""
"""https://www.facebook.com/pengwintaoyuan/posts/1773359862808089""","","","","","","","",""
"","","","","","","","",""
"""https://www.facebook.com/pengwintaoyuan/posts/1677300599080683""","","","","","","","",""
"","","","","","","","",""
"""https://www.facebook.com/pengwintaoyuan/posts/1710102129133863""","","","","","","","",""
"","","","","","","","",""
"""https://www.facebook.com/pengwintaoyuan/posts/1759472227530186""","","","","","","","",""
"","","","","","","","",""
"""https://www.facebook.com/pengwintaoyuan/posts/1687440584733351""","","","","","","","",""
"","","","","","","","",""
"""https://www.facebook.com/pengwintaoyuan/posts/1715674538576622""","","","","","","","",""
"","","","","","","","",""
"""https://www.facebook.com/pengwintaoyuan/posts/1737883149689094""","","","","","","","",""
"","","","","","","","",""
"""https://www.facebook.com/pengwintaoyuan/posts/1720304258113650""","","","","","","","",""
"","","","","","","","",""
"""https://www.facebook.com/pengwintaoyuan/posts/1739769249500484""","","","","","","","",""
"","","","","","","","",""
"""https://www.facebook.com/pengwintaoyuan/posts/1759421977535211""","","","","","","","",""
"","","","","","","","",""
"""https://www.facebook.com/pengwintaoyuan/posts/1774939355983473""","","","","","","","",""
"","","","","","","","",""
"""https://www.facebook.com/pengwintaoyuan/posts/1727350187409057""","","","","","","","",""
"","","","","","","","",""
"""https://www.facebook.com/pengwintaoyuan/posts/1708537829290293""","","","","","","","",""
"","","","","","","","",""
"""https://www.facebook.com/pengwintaoyuan/posts/1716602898483786""","","","","","","","",""
"","","","","","","","",""
"""https://www.facebook.com/pengwintaoyuan/posts/1713785202098889""","","","","","","","",""
"","","","","","","","",""
"""https://www.facebook.com/pengwintaoyuan/posts/1690151761128900""","","","","","","","",""
"","","","","","","","",""
"""https://www.facebook.com/pengwintaoyuan/posts/1734311273379615""","","","","","","","",""
"","","","","","","","",""
"""https://www.facebook.com/pengwintaoyuan/posts/1703941899749886""","","","","","","","",""
"","","","","","","","",""
"""https://www.facebook.com/pengwintaoyuan/posts/1718203288323747""","","","","","","","",""
"","","","","","","","",""
"""https://www.facebook.com/pengwintaoyuan/posts/1733158163494926""","","","","","","","",""
"","","","","","","","",""
"""https://www.facebook.com/pengwintaoyuan/posts/1754378944706181""","","","","","","","",""
"","","","","","","","",""
"""https://www.facebook.com/pengwintaoyuan/posts/1772750612869014""","","","","","","","",""
"","","","","","","","",""
"""https://www.facebook.com/pengwintaoyuan/posts/1678992432244833""","","","","","","","",""
"","","","","","","","",""
"""https://www.facebook.com/pengwintaoyuan/posts/1689624631181613""","","","","","","","",""
"","","","","","","","",""
"""https://www.facebook.com/pengwintaoyuan/posts/1683192635158146""","","","","","","","",""
"","","","","","","","",""
"""https://www.facebook.com/pengwintaoyuan/posts/1709314105879332""","","","","","","","",""
"","","","","","","","",""
"""https://www.facebook.com/pengwintaoyuan/posts/1763652807112128""","","","","","","","",""
"","","","","","","","",""
"""https://www.facebook.com/pengwintaoyuan/posts/1737007659776643""","","","","","","","",""
"","","","","","","","",""
"""https://www.facebook.com/pengwintaoyuan/posts/1705728636237879""","","","","","","","",""
"","","","","","","","",""
"""https://www.facebook.com/pengwintaoyuan/posts/1766874393456636""","","","","","","","",""
"","","","","","","","",""
"""https://www.facebook.com/pengwintaoyuan/posts/1739658369511572""","","","","","","","",""
"","","","","","","","",""
"""https://www.facebook.com/pengwintaoyuan/posts/1737846693026073""","","","","","","","",""
"","","","","","","","",""
"""https://www.facebook.com/pengwintaoyuan/posts/1689227894554620""","","","","","","","",""
"","","","","","","","",""
"""https://www.facebook.com/pengwintaoyuan/posts/1762453960565346""","","","","","","","",""
"","","","","","","","",""
"""https://www.facebook.com/pengwintaoyuan/posts/1739619839515425""","","","","","","","",""
"","","","","","","","",""
"""https://www.facebook.com/pengwintaoyuan/posts/1746540628823346""","","","","","","","",""
"","","","","","","","",""
"""https://www.facebook.com/pengwintaoyuan/posts/1745769822233760""","","","","","","","",""
"","","","","","","","",""
"""https://www.facebook.com/pengwintaoyuan/posts/1676569839153759""","","","","","","","",""
"","","","","","","","",""
"""https://www.facebook.com/pengwintaoyuan/posts/1678160672328009""","","","","","","","",""
"","","","","","","","",""
"""https://www.facebook.com/pengwintaoyuan/posts/1707362162741193""","","","","","","","",""
"","","","","","","","",""
"""https://www.facebook.com/pengwintaoyuan/posts/1696641637146579""","","","","","","","",""
"","","","","","","","",""
"""https://www.facebook.com/pengwintaoyuan/posts/1745754695568606""","","","","","","","",""
"","","","","","","","",""
"""https://www.facebook.com/pengwintaoyuan/posts/1752479271562815""","","","","","","","",""
"","","","","","","","",""
"""https://www.facebook.com/pengwintaoyuan/posts/1716733701804039""","","","","","","","",""
"","","","","","","","",""
"""https://www.facebook.com/pengwintaoyuan/posts/1710918892385520""","","","","","","","",""
"","","","","","","","",""
"""https://www.facebook.com/pengwintaoyuan/posts/1685579881586088""","","","","","","","",""
"","","","","","","","",""
"""https://www.facebook.com/pengwintaoyuan/posts/1719296768214399""","","","","","","","",""
"","","","","","","","",""
"""https://www.facebook.com/pengwintaoyuan/posts/1721087621368647""","","","","","","","",""
"","","","","","","","",""
"""https://www.facebook.com/pengwintaoyuan/posts/1758465374297538""","","","","","","","",""
"","","","","","","","",""
"""https://www.facebook.com/pengwintaoyuan/posts/1706726886138054""","","","","","","","",""
"","","","","","","","",""
"""https://www.facebook.com/pengwintaoyuan/posts/1742762905867785""","","","","","","","",""
"","","","","","","","",""
"""https://www.facebook.com/pengwintaoyuan/posts/1727133884097354""","","","","","","","",""
"","","","","","","","",""
"""https://www.facebook.com/pengwintaoyuan/posts/1713020378842038""","","","","","","","",""
"","","","","","","","",""
"""https://www.facebook.com/pengwintaoyuan/posts/1722384187905657""","","","","","","","",""
"https://www.facebook.com/pengwintaoyuan/posts/1880084938802247","[Error]: TypeError: Cannot read property 'attribs' of undefined","",1579242554,undefined,undefined,undefined,undefined,undefined
"https://www.facebook.com/pengwintaoyuan/posts/1886383878172353","[Error]: TypeError: Cannot read property 'attribs' of undefined","",1579242555,undefined,undefined,undefined,undefined,undefined
"https://www.facebook.com/pengwintaoyuan/posts/1882436408567100","[Error]: TypeError: Cannot read property 'attribs' of undefined","",1579242555,undefined,undefined,undefined,undefined,undefined
"https://www.facebook.com/pengwintaoyuan/posts/1877205385756869","[Error]: TypeError: Cannot read property 'attribs' of undefined","",1579242555,undefined,undefined,undefined,undefined,undefined
"https://www.facebook.com/pengwintaoyuan/posts/1861870403957034","1577512043","中壢的青春夢第二彈
大來賓 新竹市長林智堅 要來囉~ 
就在12/29(日)下午4點40
請鎖定彭俊豪粉絲專頁!

 #五星市長挺俊豪
#鎖定粉專直播",1579242556,"/pengwintaoyuan/photos/a.486416341502454/1861866860624055/?type=3&eid=ARCHq9UVBhyqsN731bYN5NmX83g44dmVAs-oWqCrgpBSzkmcOs4Q1y_ZXhgxUl2O7wFMByqKAjABJrIc&__xts__%5B0%5D=68.ARBREAXFAIDFt7s-c5SmOBVFnuIOVPvLUlIm8lJTXYdHCuQZrlyOlc2_H5TRPt4b6C8SGD9QO3p_Cyyqvs0s5aE7cEcCn_wp427J9ie5bvXQGgoKUbGo068lBbjf8vVi0awkIL23QfN1JwmwzdyxZZfOnMQ-RSQqNrZWff_nxWF1AchSstjLuERGpGb8R0H-VO-3HH1t-Xg5ZBd2ppXjNskUUtLxJq2ZzEfGft7p8bHzv9mBJEEw40SV4O3QKCd5q4A4rZlMs4kidqwUsIQaDVkVOwLZbgRFhZ_qkYWU6T6L28yadWka6vDoH5l0uWq7R8svaAoeppNVpYPbrXqiT_NTNw&__tn__=EEHH-R","https://scontent-hkg3-1.xx.fbcdn.net/v/t1.0-0/p526x296/81003207_1861866867290721_8204401976570544128_o.jpg?_nc_cat=105&_nc_ohc=eG2mbzX4kUsAX_1yqwj&_nc_ht=scontent-hkg3-1.xx&_nc_tp=1002&oh=da50bce95a776602d655d2ccd7afc0ad&oe=5E942E35",undefined,"",""
"https://www.facebook.com/pengwintaoyuan/posts/1882169761927098","1578886647","今早與健行里劉里長、水務局、區公所一起會勘新街溪左岸堤防改善案，也請水務局盡速完成規劃設計，讓居民有一個美觀、安全的堤防。

 #無論選前選後都一本初心的為地方解決大小事
#一步一腳印",1579242556,"/pengwintaoyuan/photos/pcb.1882169761927098/1882160051928069/?type=3&__tn__=HH-R&eid=ARBZ0tTI6ltdOdZU0cW-zy5WlC1W8GgbIqJfvfZ90LWOxEdBKsfW6dZjyjONuNV3ZbG7IC8VhlLJCRcI&__xts__%5B0%5D=68.ARCWrUxfsJhpGB2rZdhWHoa7iU7mUHVtR-zEsmkUIu3NfBUGYPL5Dz1IaucwgSuxo437OFfGl4z1CjqiYW011ewdehDkixdLU-R8QUA4YGvZkMsUy1gTViuynfQkyLsmv5Btnn5EAnoQjoqVK2Y2-z8RuH_I6SU1rb-WvuHL8pyykoiYN-_0l0mJQ5_-TSr9wgsB4yDyLdmnOZ4sJ5rUhAuHnZwK-8973oAfMAqP69_a6BjaZFjF9OJMN7Hs6X5D0PbRZuAC9xkj69KHoBE8E8daV6YEKJD44a4t8okIzs2N9GjMxfgw14eJ_d4EfY3ulbpO7Fld4LRY0bl9lBzwWYOWfg","https://scontent.fbkk7-3.fna.fbcdn.net/v/t1.0-0/p526x296/82362290_1882160061928068_7103155465474801664_o.jpg?_nc_cat=107&_nc_ohc=_MW9o1usttwAX8QpbuI&_nc_ht=scontent.fbkk7-3.fna&_nc_tp=1002&oh=a7d3d12bc7da0a962aac3eeb01c83f97&oe=5E9FA53F",undefined,"",""
"https://www.facebook.com/pengwintaoyuan/posts/1886046968206044","1579144946","一早在市府約了4場不同單位的協調會，希望能在年前，多少幫民眾解決一些困難。

 #助理們是多怕我閒下來
#然後下午繼續再戰",1579242556,"/pengwintaoyuan/photos/pcb.1886046968206044/1886046784872729/?type=3&__tn__=HH-R&eid=ARCQokNozHYU4adwo0asU-FK1hVU3ZlgP_vaY7DtqkKLYr6BLhPfQa89NBWk7PSR-GIEfStkwzpJcUsC&__xts__%5B0%5D=68.ARC7zDCHjaMsZWwhkkh3XTradm5OO88TrhzMN6EpNdQEC6gFkpElFxGs-dSVGyJ0nb911-tm2WWlFboGsev45x0zfH3vCREQvtR_rMIEm10_0z6OnSwegnyJoMIpWRVA5dJNedYFocVE2xKMwCGuJhZ-Ql-cXH7l3b6ttB8kmGMwBdbEDEbGqx22XxL5uBX5D8zPBZMO7P45CyOgxA_wwr-hJbt3mehDTolqGhO0VZF4DsUSim89xD7AN6K5JtnJeLtjpYHI0kQ3xeQQ6F7GNvWU2LcfOYUUhrswpMquyA46BRIGPd-RBLEjzc_fS-aHBrdIqmTMMRbkIKSXKQijvpZAiQ","https://scontent-cdg2-1.xx.fbcdn.net/v/t1.0-0/p526x296/82624025_1886046791539395_7310786369385660416_n.jpg?_nc_cat=109&_nc_ohc=4Ots1lKiNksAX_K7h3w&_nc_ht=scontent-cdg2-1.xx&_nc_tp=1002&oh=ea826aa9335dca48aed0e4cd5e7c4308&oe=5EA65279",undefined,"",""
"https://www.facebook.com/pengwintaoyuan/posts/1879945455482862","1578743354","大家晚安，抱歉讓大家失望了。

 剛剛打給魯明哲委員，恭喜他當選，可能他在忙沒能接到，無論如何，希望他擔任立委之後，能夠在國會，為中壢努力。

 
這趟旅程，結果雖然並不如意，俊豪的努力不夠，無法團結每一個可能的力量，翻轉中壢，俊豪會深自檢討，再次感謝每位支持俊豪的市民朋友，你們給了我前所未有的溫暖，也給了我未來繼續努力的目標。

 再次感謝大家，祝福中壢，祝福台灣。",1579242556,"/pengwintaoyuan/photos/a.485669931577095/1879940285483379/?type=3&eid=ARBqKihMCiwgMJgpyU_g-fE4y4AY1_WMiykr0eEC94UsAYXszsKMXPziZ0sRo7nmaidN0IdioKz62Kem&__xts__%5B0%5D=68.ARAr2LpnGdqWFZWLIkMVyljv1veJixtN6kcmqLvQhjDpRQEEkjIBhaW66n4Pip-XLRRSKb13n8fT1yJlGI4iyR7OF3W6hvS5GNiubJzlPMA87PVJpMkrFVf8AISRmDz2lC9OZtc6UTh9vkY01hlBctwNSStUIkcO6Jc7Kb2v4uhJDfgrtyYSkbsnrZoe4t8ci6Xui3BpeuyCBrCXiL8F__w_okjouvzKA32M92UKLqofcQkasRJDrlrCsWOSWFLhOszB1YSMScDQY88kbWOb33L4BDKHLcD5pJyHIMiCGJaZtR5p7obgp4PHGuIGh9y_vcUbNPPLMaXg4KL6tNNHTqbmnQ&__tn__=EHH-R","https://scontent-cdg2-1.xx.fbcdn.net/v/t1.0-0/p235x350/81906347_1879940292150045_6843828587137597440_n.jpg?_nc_cat=111&_nc_ohc=T0VPSxZgaY4AX8FXU4P&_nc_ht=scontent-cdg2-1.xx&_nc_tp=1002&oh=8d43f52d9401120ecfa5c919c151a393&oe=5E9D8194",undefined,"",""
"https://www.facebook.com/pengwintaoyuan/posts/1885434844933923","","","","","","","",""
"https://www.facebook.com/pengwintaoyuan/posts/1878714805605927","1578664189","選戰倒數最後一天，我選擇用雙腳走在中壢街頭，握著每一雙手，看著所有支持俊豪的家人朋友，這是我的家，我的故鄉，我願拼命奮戰的地方。

 #選擇俊豪中壢更好",1579242557,"/pengwintaoyuan/photos/pcb.1878714805605927/1878705045606903/?type=3&__tn__=HH-R&eid=ARCQX5SGU98ngmSy1e9kCU50TYWlvzqk_uFty0i4VxU-zHO_tFAht_Tw8SWkUg663Ev_9QrRDvmYwcAT&__xts__%5B0%5D=68.ARBQDADPVz8FlvyIh0syvc7GXLuFEZ5Kbstw4ev228z22Q7E4M5WoPFyMIk4fRFzIif3V9y1BaRbmlxY2IpsI1EaGwNcmzNYOqRBSHR1m7DefWVb7bqnRREGz-T8K8F3yJo2i0VPO30I2eBfUIfRV5r8ofhV1SFWBNJO7qPy3mVoIKpRgVB57Jw4CO9nH3-ZUkeVw71q5g-J64MIAB_8YXMuEeLKtD6KhO0FCosmGW22Gt7iJdegaE73L7R58V5dtY5hcfQ0jhVYeRXTAxbK3iwFFWiKtBCHowyrJx4m0_jwVB4xQonGBE-72f1vvtjAjFrwdwGPv9juL26tskn5DaJY5Q","https://scontent.fhel4-1.fna.fbcdn.net/v/t1.0-0/p235x350/82289949_1878705055606902_3758661073415176192_o.jpg?_nc_cat=111&_nc_ohc=KbFbSzjBJq0AX_NH1xt&_nc_ht=scontent.fhel4-1.fna&_nc_tp=1002&oh=f0093ea96582a61db125e81da4676288&oe=5ED59AD1",undefined,"",""
"https://www.facebook.com/pengwintaoyuan/posts/1855419037935504","1578790840","請幫忙分享活動，謝謝❤️

 第23屆愛陪伴破案高手-尖端刑警體驗營
一、日期：2020.01.21(二)
二、時間：上午8:30-12:30
三、地點：八德分局大禮堂
四、報名對象：小學五至國中三年級學童
五、預計參加學童：72名(家長需陪同參加)
六、報名費用：每名學童400元
七、主辦單位：桃園市政府警察局八德分局、桃園市愛陪伴親子教育協會
八、活動內容：
(一)第一階段-命案現場說明
(二)第二階段-闖關任務
指紋採證站、犯罪現場站、物證分析站、鷹眼高手站、警車體驗站、裝備體驗站、射擊體驗站
(三)第三階段-找出嫌犯、破案
(四)第四階段-結業式、頒發證書
報名網址：https://forms.gle/ZdTdxqRLeag41Etx8
報名期間：即日起至額滿為止

 送出報名表後，請至電子信箱收信，
*** 確實收到報名表確認信函者***，請速私訊小編。

 私訊內容：
「C小編您好～～～
我已送出報名表，
報名第 23 屆愛陪伴 破案高手-尖端刑警體驗營 
家長XXX，學童姓名OOO，
請您確認，謝謝！」
https://facebook.com/events/577237036399927/?ti=icl",1579242557,"/pengwintaoyuan/photos/pcb.1855419037935504/1855418654602209/?type=3&__tn__=HH-R&eid=ARBcRudAezsXuOQ8NNMaYLwvcIJsG-a78EGU-LqL17caQE23NT8_4a0lg0D7KP1Zk-UJTgqVJHprzIBO&__xts__%5B0%5D=68.ARAn7H0ralq4xmnkAIVWXW-FAvT_8Otm1zVdYLbJd5S0Ms0oT2ckOGVDj3jzNdcp9owFGAqAGQuTFOhdJDOPyaYnr22HCwMg5Uf2PXrhVlgZI7OyFIRmABDP7kRDde0E_IzxCvUFo_975oPihpjSD4ovOrGSpdKe17AdJ_ck04B2wt8A6BpKUjhNX_JwZONNmA3HWvg4NOrEwoQLT80WUNxs_0nwyr36a9gmB4M3DoJjfypuTCfcWSOExUCLVshk5L6De_uS6MXsm4tDACJzfzu3ZRIeQsBDrp8dOm0JOU1V2AB3zboXPqbYOH6I9XuCvT2v6buhq_WcRtW2Lyz3hmyctw","https://scontent-sin2-2.xx.fbcdn.net/v/t1.0-0/p280x280/80861297_1855418657935542_4612874165295251456_n.jpg?_nc_cat=110&_nc_oc=AQmGtj-on7gYcAT-erDQYY8E8bQtVF1rSA7FTNfzW68YI63gMQ3HSvWoUiCMQwThHmc&_nc_ht=scontent-sin2-2.xx&_nc_tp=1002&oh=66a2b3a2871e78bee4aab24d6ed93c2f&oe=5E9D6D6B",undefined,"",""
"https://www.facebook.com/pengwintaoyuan/posts/1878452052298869","1578646750","選前之夜大路掃，歡迎大家一起參加，為俊豪加油打氣!!!
星光部隊出動!!

 🎞加入俊豪 【Youtube頻道】
https://reurl.cc/1Q06V8
💁🏻‍♂️加入俊豪 【LINE@】
http://nav.cx/NuE6LL
📸加入俊豪 【Instagram】
https://www.instagram.com/pengwintaoyuan",1579242557,"/pengwintaoyuan/photos/a.486416341502454/1878448285632579/?type=3&eid=ARCNx9EQdtEF5CAs3NFNyGCTr0aHuJtnM1NH1nnWL1KTbyKZoj-5wDDuqMu_--LQ-W_9btyQbgGaKrEm&__xts__%5B0%5D=68.ARA2Jve56NEOxnOOeysFmRh65buZvTQWnIvN-zaEFUlFsyys96-KHsf9Daac9CE3W_4QEUL5SRlYubkefLUMzWQ5jxdeqyk54xDf7i3nDBwMb4dEaNDtFFSEMnzNIw4nE40ob2bZj4K7aY8LaPassoV8_sEwsJHzZ9cpKeWGsX657DPO30m2gC5W7If1OxUlY7ABMerab5AvBiMnLXQodeIAhHBxMH4Lv_N7kCQIUQcWw4Kb4Sh0zvYmBsilF5cTe26aiN6p9Iy9ZStZqnpEvaiTvM404xUz5PyD5AtWIm1DrPF2qypvcwszp-FYj4dY8JusqRJyNwSR8MbhZaAoS2Cbxg&__tn__=EEHH-R","https://scontent-cdg2-1.xx.fbcdn.net/v/t1.0-9/s720x720/82132731_1878448295632578_9133878237099720704_o.jpg?_nc_cat=107&_nc_oc=AQnIajk3nkxiAGhTzDaOKFjTlnj8ru_w_c5zDoA6YnVJgvWI3ZMqHOZMxiUH-hT2ndD10kvwfP-z288zSArwiYby&_nc_ht=scontent-cdg2-1.xx&_nc_tp=1002&oh=12239eb8df479a78cf0af48eda780008&oe=5E9F9F12",undefined,"",""
"https://www.facebook.com/pengwintaoyuan/posts/1868338566643551","[Error]: TypeError: Cannot read property 'attribs' of undefined","",1579242557,undefined,undefined,undefined,undefined,undefined
"https://www.facebook.com/pengwintaoyuan/posts/1878475738963167","1578650311","感謝鄭市長與地方黨公職的溫暖陪同
最後的關鍵時刻
每位在路上和我們熱情招呼的市民朋友
就是這趟勇敢旅程的最好動力
請帶著你們的熱情和感動
在1月11日 走出來 投下去
立委請支持4號彭俊豪 總統3號蔡英文
團結中壢 守護台灣

 #期待大衛擊敗哥利亞
🎞加入俊豪 【Youtube頻道】
https://reurl.cc/1Q06V8
💁🏻‍♂️加入俊豪 【LINE@】
http://nav.cx/NuE6LL
📸加入俊豪 【Instagram】
https://www.instagram.com/pengwintaoyuan",1579242558,"/pengwintaoyuan/photos/pcb.1878475738963167/1878474718963269/?type=3&__tn__=HH-R&eid=ARDpxc_j0Idv3ckeppg9Nsvl0RLf-SfaFddbJFhe5kAGYQhYwG_P9drN7jRxF_Zdb50__J9j9njkj8aL&__xts__%5B0%5D=68.ARBbAjVEKmT8bcCSgTswB_MzkTC5ynhri3fEZi4U0QYYjJe4nDuFtSr8ztUnSSAZuyX0pUKTp2_uwPVS5GZDMNXeiSET0EcFnwAGv50fEe-BsUIYCMsGQv4UiTkV6CsmC4TxyCWJ260-ofTQHTgCRkIK_WYHno4bG6fGEKfUkbzsSA7qvIu9FwfLIsFk30x7lOKD1jgvGK3zXkGZfhlRduBxykTNkuPkHul1VAl84mDMGsIskL1i10kLKGJx9j324UisDOki450yKMcPTiKRSTp6WXbCWKfzLdqGUrQsmUy34NZiZZ7dXTbriKawrN5ezyENE6E_NdFodgNAILrpaRb-cQ","https://scontent-sin2-1.xx.fbcdn.net/v/t1.0-0/p526x296/81626199_1878474725629935_3733652299189321728_o.jpg?_nc_cat=103&_nc_ohc=-wBAPyKbQsYAX-yeA1U&_nc_ht=scontent-sin2-1.xx&_nc_tp=1002&oh=3a995252b71c28adb88346ce06bd5a2b&oe=5E8E7E99",undefined,"+2",""
"https://www.facebook.com/pengwintaoyuan/posts/1872755466201861","[Error]: TypeError: Cannot read property 'attribs' of undefined","",1579242558,undefined,undefined,undefined,undefined,undefined
"https://www.facebook.com/pengwintaoyuan/posts/1874619422682132","1578385467","沒想到還有機會入圍 蔡阿嘎 的立委10大帥哥!!
除了外型外還請大家多多了解我的專業表現
#二伯要的簽名照跟我說地址我寄過去給妳",1579242558,"/watch/?ref=external&v=838412149927496&__xts__%5B0%5D=68.ARCOFlAjRN9b5SLT95X0dMmhN8xzi5PDOIpqzioi1C9pH0J92ZpwqcMx_65jTesYy3PMx3hGWUDJEhT1cvkEOgvTD46H8OlRVZK7uDC-9TJImTqwcMmd09zeh0Q-HsQ3acdobSsAkzQoG2oLSJSWTYaANLjls0LIfuNNk8LZd4-I58kDUYfQ7EnDJg5J_rlwU9hc0HHJHRPq_DA5LtrXpYczrsWjnzuVBoCDCmKxy29xFmC3qpDddVWUw6VmKIMIcUT2gHKKndtr-tClvg5CQLXWJIPlXaeuTOdcXG2E-0KXdfm16VTHvQ4xO4JcYQg-YfMFCj9UCHKd0akRHTVJ7Mf0h-nhXKC6k_UJT-CEkB5ma32COH_AY6w29MC-GVIhjjpALgb_Os4ZswD9zqa-Idtwzx5-uPamUEja9jf8GcyZbB2E0SB08XXTyDUc1LgFNky_ycIFWrkiiAo75uAZTRKEXNzhKni-WoNxWEz2iaqPjjaM9rj0kMDtqjVz8LuVKA&__tn__=kFFHHH-R","https://scontent-sin6-1.xx.fbcdn.net/v/t15.5256-10/81238431_838416399927071_1040616274549276672_n.jpg?_nc_cat=108&_nc_ohc=iTkK7fL6cjYAX961SPh&_nc_ht=scontent-sin6-1.xx&oh=11f7d1913e4c359be84399d78b29f9af&oe=5E9D07B7",undefined,"超正的！10大正妹、10大帥哥立委候選人！(2020總統大選)【蔡阿嘎】","Posted by 蔡阿嘎"
"https://www.facebook.com/pengwintaoyuan/posts/1878435102300564","1578645330","",1579242559,"/watch/?ref=external&v=603307673760095&__xts__%5B0%5D=68.ARDT5OGZDhdmLwnHdtpJ3OVc9Eqv7zxnxOwJ5Z8Z2r7p1DuuI3iSfuR-jDHnXRGyh9IwSt7GYUZe_pLY3kwSOtgSZwQy03dZyYG0MMbP7MY1OcgOUGFkgQsiFczUTLmtVTduzFsOzD8q8R1WqM2_-KATjAuwzMPSa80TBUR0NP0P7fM6JHow_s_lwJWeuu_YkdjRbAy92o2WjtK6LxMFNL4T_OENIgThdYLs3t6RNjUsLmOLuSKdchWoX-2KDyqYqaa3btKxRQiQZdee9KHb7MGI-p-K-WjSsVtTBltHZLLHSfyhaBbbemMSy3N_wmIzcLxRkFKqqslA_WfyUJe6P5C2fKhKelujhEWHss0oZSSCxQkMNbwNxl3srLQIqR-Dz-9w2iR04WJZwlDcPm0griLnqY2Fz1_IEuAp_eukrUI9rIH4FDXSq45OGU9aNKWlZ7-WoGo09RDDxTeFmffjPuuUlVAYZubhkB7fYdVGyvNvPCV8dvaAQFLsXaocC9-qrw&__tn__=kFFHHH-R","https://scontent-amt2-1.xx.fbcdn.net/v/t15.5256-10/73533395_603325087091687_5336277697393852416_n.jpg?_nc_cat=102&_nc_ohc=1JIcTTYhOAgAX9KfMlD&_nc_ht=scontent-amt2-1.xx&oh=a037b00bfc0e380b638bc5da50af8519&oe=5E91C7CF",undefined,"選前衝刺，缺你不可！","Posted by 鄭文燦"
"https://www.facebook.com/pengwintaoyuan/posts/1859925560818185","1577373584","非常感謝賴清德副總統候選人以及文燦市長，在這選戰倒數的最後關鍵時刻，特地抽空跟俊豪，以及許多桃園在地的青年朋友一起直播聊青創，我非常佩服這些青年朋友勇敢追夢築夢的精神，也正是這種精神感染了我，讓我決心要承擔重任，投入中壢這場艱困區的選戰，也希望在這選戰最後倒數的關鍵時刻，我們中壢的鄉親父老及青年朋友能與俊豪站在一起，讓俊豪為中壢為桃園，爭取更大的舞台。

 #選擇俊豪中壢更好",1579242559,"/pengwintaoyuan/photos/pcb.1859925560818185/1859909514153123/?type=3&__tn__=HH-R&eid=ARDNNqMhvWG_uxCcqFftxNZ6F3EKYRXOCfIqrgFXxaC3-ZhW-MWaXGkxFpeH-Ayrx0qVVq46X27sAp2W&__xts__%5B0%5D=68.ARBnYpm8FEmv9u1Na7X0jDG2BvJ2EPLGYZ9o-P9NduwB3SMe90DYA_e-42y4P862Xbex9sNL68BeWl5J1Zgfn9IQ3hAWuraKAjXxEg6q2BLFOpu3Wm00__o1btte4-W_7r2SALMfmNbiOuBFt8yits4gmDL0bXHLe-8Sac-WZIGtBPHTTHuFgI-dEiCCQD54gWgT5ILfz2pNBam7AxFdGkQEVAFoB75QdmDI63MC7c5qvQm80YcGxcvD36iuowIQZfLtW0fiTzBimqedJ9t709Dlv4QfFy7G0eqbHy8f_iQtC441WWhqQ86z7DouvUV7ergV0i4oyWrKT5ffytik51Btxg","https://scontent.fhyw1-1.fna.fbcdn.net/v/t1.0-0/p235x350/81220322_1859909520819789_8100459086492991488_o.jpg?_nc_cat=109&_nc_ohc=z8FxmVMrfqYAX_sb46_&_nc_ht=scontent.fhyw1-1.fna&_nc_tp=1002&oh=fc065b0fef7d15ddf6242a858ec22aaf&oe=5E93088F",undefined,"",""
"https://www.facebook.com/pengwintaoyuan/posts/1859650260845715","1577359819","直播主題:中壢的青春夢
特別來賓
賴清德
鄭文燦
地址:中壢區廣州路186號
地點: 沐詞間_Ｍuzspace",1579242560,"/pengwintaoyuan/videos/785996771916280/?__xts__%5B0%5D=68.ARCHzqKhgbxF6Dfg8vzM1gqoXx8aMxc7YOt4n1rzmQh1SyNDN8gWIHmxspQdGTCHhMFlbnzKsoieXrM-Nre90RUwDme_2wv2gLo5qTCt9SwUDXdeGySwV9mRHaoGdw-eoLaZzuWfYNrZVEpnBqX0yQqSvQhaqBhSCEcl2y12XEVIkzfAzCjjYn3JlvtEB5clsbYY3XSSXWEXi5hkfgqcTjU4OIySkwiAaxtc_Kw-UnDAre2yohU2E3zvDR1gCvfWA5_A0yTTYMNhHslwFCdLFibI5d6uoERtBrQWWxhpuShZfcFJei3SUDuo5WHkx4lvWcvI0Ix7zs46iOJTyNWBhqBFY02S-RkYrxwEPIBDueYF0bMijeDP&__tn__=HH-R","https://scontent-lhr8-1.xx.fbcdn.net/v/t1.0-0/s600x600/68334669_1715682891909120_3874749860422877184_o.jpg?_nc_cat=110&_nc_ohc=8rvwYqaAcg8AX8RPWYt&_nc_ht=scontent-lhr8-1.xx&_nc_tp=1002&oh=4c931215671b95ace6e529badb5f3e21&oe=5E95DB9F",undefined,"Watch Now",""
"https://www.facebook.com/pengwintaoyuan/posts/1871912746286133","[Error]: TypeError: Cannot read property 'attribs' of undefined","",1579242560,undefined,undefined,undefined,undefined,undefined
"https://www.facebook.com/pengwintaoyuan/posts/1877147069096034","1578564042","#這是我的投票意志
#政黨票14差你一票

 距離1月11日，剩不到兩天，你會去投票嗎？返鄉的車票買好了嗎？

 在2020這一次選舉，我們看見許多年輕朋友積極地參與，不論是提醒彼此訂車票時間、大學生號召返鄉專車、發起返鄉共乘計畫，甚至是加入 #英眼部隊 ⋯⋯等等，

 年輕人如此努力，就是害怕這關鍵的一役，會因為自己的缺席，而讓結果不盡人意！

 在選舉的最後一週，我們希望邀請所有年輕人，說出你“回家投票的理由”！讓還沒決定是否要去投票的朋友們，知道 #你對台灣有多在意！

 讓更多人回家投票！讓我們繼續為自由與民主驕傲！
換上③・⑭ 特效框，一起來做台灣的後盾💪https://bit.ly/36siPD5

 #做小英的後盾
#政黨票差你一票
#請投14民主進步黨
#1月11我會回家

 👉 保台三步驟 你我一起做：
✅ 2020總統選③ 蔡英文 Tsai Ing-wen x 賴清德
✅ 政黨票選⑭ 民主進步黨
✅ #立委選民進黨提名推薦4號彭俊豪",1579242560,"/watch/?ref=external&v=541225499937670&__xts__%5B0%5D=68.ARBCMDz0FI-apavz_ygmTi6w0LnyHxvwU71l2KxcsUPF0MLNPmAnS7C1AMcchZOtrYtSUS1tOUJgnHCmUlSRPKrdZigfACvruTuje95XbXsLeYcWAf1jN1dHnFwNOW7hXGGfpb-8Lh4CpNxHL2x3nWeBqHyGYpIlunCflZ0sqL9TSVTBaXiaNkcmGVf26nvwLBi-XDlw3NuNHCUMU8LPIY07cnaHafE-WTA_JKmSgCsqw483LQ0jTvIi2Y8w2OrhZ-69b3XEWr3wY-vCSpeSbKNcFHm3zwf_vPo4VU6cuQTb9HR1e19s8XIRyC6W2antzTrddcr6RUMV4RW3QkCyslf1Df30ZnCg7cExoQ&__tn__=kFFHHH-R","https://scontent-sin6-2.xx.fbcdn.net/v/t15.5256-10/73417446_539016016825285_4695021346181087232_n.jpg?_nc_cat=108&_nc_oc=AQnTOvE6jO6l0fjt6sSkac7ACNsBbRbkZA6sQ-i7-uo79Qh-0KcOekP6rikKvIzN7ZM&_nc_ht=scontent-sin6-2.xx&oh=f0503cee17327fcc2bfa494f12c9b863&oe=5EA63EFF",undefined,"1/11 我會回家！政黨票14算我一票_上集","Diposting oleh 彭俊豪"
"https://www.facebook.com/pengwintaoyuan/posts/1856992074444867","[Error]: TypeError: Cannot read property 'attribs' of undefined","",1579242560,undefined,undefined,undefined,undefined,undefined
"https://www.facebook.com/pengwintaoyuan/posts/1873350209475720","1578294525","蔡英文 Tsai Ing-wen 小英總統車隊要來中壢啦!!!
俊豪將會陪同總統一起和大家拜票
下午3點10分至3點40分會再以下地點出現喔
歡迎大家跟我們打招呼!!!

 🎞加入俊豪 【Youtube頻道】
https://reurl.cc/1Q06V8
💁🏻‍♂️加入俊豪 【LINE@】
http://nav.cx/NuE6LL
📸加入俊豪 【Instagram】
https://www.instagram.com/pengwintaoyuan",1579242561,"/pengwintaoyuan/photos/a.486416341502454/1873343312809743/?type=3&eid=ARDNslGJvndmHVE3OPsjtSDqgklSTOilAIlau_72_11BtNy9UmL9bdeCrCtmqTlITkQu2q8CkdVTU-n5&__xts__%5B0%5D=68.ARBKFB-IPuiI-ZYiQFUmTAy3chEJDhRG_OSkeJOCxijTlqb_VQyU5INOb3bGB64uu5TKRNgrRcBcwrX1Ts4rZNBHacZhuW_GZnh8_EAgtgC8e3SZeo039qYIflFr99ADSJUG_aESbNUVJrB6fOaGlLEUqLbMwselEUiHtHDDaQTsF9I9idM1I8l_cgxOkvoVFeNvI4pwtfgHsaeYKwV1r_I_U_05QXCLSPhsAOij9ke3JDBcCXpmp6itJudnOZwj7VpXh5i3zkxs-mlheA-DBRix91A0v7R2slwRXSEUa-RwEYHnrbqCzyg2LFBblHvEmS5gEwa-hsPIx9J45yO1g_i-Dw&__tn__=EEHH-R","https://scontent.fcgk13-1.fna.fbcdn.net/v/t1.0-0/p526x296/81438165_1873343316143076_5663937900547407872_o.jpg?_nc_cat=103&_nc_ohc=en3cYrY238gAX8STUwH&_nc_ht=scontent.fcgk13-1.fna&_nc_tp=1002&oh=3eb0a3bbe860480715244b070be102cb&oe=5ED72382",undefined,"",""
"https://www.facebook.com/pengwintaoyuan/posts/1875984862545588","1578474673","偕同住宅處、經發局、區公所、龍昌里范里長、龍東里張里長一起召開中壢一號社宅說明會，請住宅處回應附近住民關於交通、用水、治安...等疑慮，以及社宅的規劃與進度，也責請住宅處盡速將社宅圖面、進度張貼於工區周圍，並針對須研議問題，盡快提出報告，回覆鄉親長輩，後續我們也會持續監督。

 #中壢一號社宅說明會
#社宅要好溝通協調不可少

 🎞加入俊豪 【Youtube頻道】
https://reurl.cc/1Q06V8
💁🏻‍♂️加入俊豪 【LINE@】
http://nav.cx/NuE6LL
📸加入俊豪 【Instagram】
https://www.instagram.com/pengwintaoyuan",1579242561,"/pengwintaoyuan/photos/pcb.1875984862545588/1875974145879993/?type=3&__tn__=HH-R&eid=ARAHxGA62HQYCB9Wf1x3mQxom5Dd9vCD-n3E1Yf2CW9m1caYxTdDTKcgIVFzvrNMEDkk7-zIXDq0RrJV&__xts__%5B0%5D=68.ARAAljIzN5p8_gpB4CTbQDclrKhJgpxvyjj7LuuHzZdMxSDAATDRQmKbGpK4PvhAKaFeHbP9d8Ww14DCclVSCLvVyqbr-5llvzL2clV4jK2tCd9wuR9MgqEORmVT7CanAc23puB9MAt9NO4Wb3-x7gm7kZfctPfJe-2R8ua_30-P0DTw6PTawwSViozDTg1L39sfWqqoSo3l66KeTvJoGEuwcJbBXMoym-noE4IYJDOKyfhXeoo_KpDZYNGXeF4rIRYEO9vFnZV-aKnaZFEFPEx7yRcPhNlzsgSVDzjBbM1ZrgCvfRi4cn0XtbBAy7nl5WfeK7cmPVuUBAo4aZyg6Hi8NQ","https://scontent-sin6-2.xx.fbcdn.net/v/t1.0-0/p526x296/81979759_1875974152546659_6358604601037422592_o.jpg?_nc_cat=103&_nc_oc=AQn5Bx415KRIwR8kuVDzwXPnU5SyjX1Tl4zHj4eCybVqG0-vx6JKtEV_j2yuIogkRRI&_nc_ht=scontent-sin6-2.xx&_nc_tp=1002&oh=1aae1f8b5f77ce8e7f5532232f6f6474&oe=5E956BFE",undefined,"",""
"https://www.facebook.com/pengwintaoyuan/posts/1874621236015284","1578466901","每天和大家生活在一起，參與所有大小建設
協助有難題的鄉親朋友，未來也會持續努力打造更美好的中壢。

 感謝 Lsk 樂司科 熱情拍攝

 🎞加入俊豪 【Youtube頻道】
https://reurl.cc/1Q06V8
💁🏻‍♂️加入俊豪 【LINE@】
http://nav.cx/NuE6LL
📸加入俊豪 【Instagram】
https://www.instagram.com/pengwintaoyuan",1579242562,"/watch/?ref=external&v=2526525714303677&__xts__%5B0%5D=68.ARA0FZh9IMqSBZu14PpGjKdVyHB4T_xWeYtAX-d1QOhS1RPbicvfxXTj2F5sseUUJTpgDVgwc_divkbf5H7oleraGXtNTE5fJXA8dZMDBdvtzjbdu7GA5HNyk0OjLamf9sutrdQyvgWkSDoK6VRgoBNDzm0wnXhu2GUrN-Z2GRKNZMvqgH3vnL6F7zByz-ys3cFnDLXfoWUo2YM9zds1M_RztKE8BCbcsfoAyyl9NBlpszNpiH0Or7SYUoP5kbs3hoHnBw12gNpvWDNstpVuqdc_qPJuwTyXrCekITsvKlaw_ak8JQYcl1o3cfIf07PkNNFhWoUtybZfnEFaKNKTqFDkAF9SXGnxfSjt7g&__tn__=kFFHHH-R","https://scontent-waw1-1.xx.fbcdn.net/v/t15.13418-10/70435835_2608651175878474_315161221256970240_n.jpeg?_nc_cat=102&_nc_oc=AQmh_7DqNvZ741JErB4kUbquNVJYtSybILJ7WNhkr-RUASV3t-nxsUGVwI4HSS0M96s&_nc_ht=scontent-waw1-1.xx&oh=800a732b2489ce4cd72ef3f8e432a23c&oe=5E9166FB",undefined,"競選MV","Posted by 彭俊豪"
"https://www.facebook.com/pengwintaoyuan/posts/1875901742553900","[Error]: TypeError: Cannot read property 'attribs' of undefined","",1579242562,undefined,undefined,undefined,undefined,undefined
"https://www.facebook.com/pengwintaoyuan/posts/1869318169878924","1578020462","會勘報告
1.偕同健行里劉邦笙里長、水務局、中壢區公所同仁、健福土地公廟方，協助處理新街溪護岸堤防損壞問題。
2.與復興里羅世穩里長、交通局一起會勘文化二路元生二街路口駕駛視野死角問題，已請交通局盡速增設反光鏡改善。

 🎞加入俊豪 【Youtube頻道】
https://reurl.cc/1Q06V8
💁🏻‍♂️加入俊豪 【LINE@】
http://nav.cx/NuE6LL
📸加入俊豪 【Instagram】
https://www.instagram.com/pengwintaoyuan",1579242562,"/pengwintaoyuan/photos/pcb.1869318169878924/1869308416546566/?type=3&__tn__=HH-R&eid=ARABZ3-3q2uituM-rs1tXHwXX8p7LNb1DPBx3CV4hdH5EWKtX397EvOoZG7LpBoNRHqBCKg1XC8wH4dj&__xts__%5B0%5D=68.ARAN5WvId2DKpNqAJjfUVU9qIGxx4NhSSgchiUAWkRSoB-YVrLqRyoolZvXXRJvfwWPh1wNzKuowTz8m1uM_Qp__0rLmHcu-Oy1uV6W5V_JMKXj6z0afpRzCZIDUM1Mt-t3Hccwjg00AOOsoLLvF7Rpzq2xoj_SsCy9w2xhOmx4o8AaCoZw5VteuPG0ymgj5V93V5BdP5hrHTsxbtC6hDhlhXLmZld-BXNl16eikHu0OgnP5r89ivA5uGFQhGXOpQm90spjadgBlbsXbaXYPQjTu10l6MOjYeM4xouSqQn9pLTcfp74kMXXOZEmMmyIrePcc1LoPmK7W-uBd3oM48oIvAw","https://scontent.feoh1-1.fna.fbcdn.net/v/t1.0-0/p526x296/81471167_1869308423213232_4020238922637377536_o.jpg?_nc_cat=107&_nc_oc=AQnypU7DTnLeGiRx-smifQEjthBukriLQzDIZ-RcSzMR84bmkSexCvafokIVGXmM7XE&_nc_ht=scontent.feoh1-1.fna&_nc_tp=1002&oh=379b619f012f2248555d89210b26a7c6&oe=5E9A46FC",undefined,"",""
"https://www.facebook.com/pengwintaoyuan/posts/1863338637143544","1577615235","感謝最年輕最帥氣的五星市長林智堅特地來中壢為俊豪加油打氣，一起到中平商圈掃街拜票。

 #五星市長挺俊豪
#遇到好多市長的粉絲",1579242563,"/pengwintaoyuan/photos/pcb.1863338637143544/1863333040477437/?type=3&__tn__=HH-R&eid=ARDooUUvKoW28G_CSxN-NUubSzgKf_06QLA0RJe04_dpSTqKbhZRSov1moC_-l_5YhZKnaBZ3f-UMnds&__xts__%5B0%5D=68.ARDNFV0y5TSrXHCcJqi-Rrxck52AW7mcGWf7c5EdOkWReeaojz0yutRzfbuaa2zjkM1Zmv9mb4fNlIOpNpF3gQRgT82ddhv6lzozf-q7u8i-qhedSiBR3PW6rY7v5Z4nRQdqrWRto1vogM3A19MTt8IGCZXf5zjTOGvtkf92Ke_kiEHhRPAe8I23-AljXh8DGeTFXI2Skp09T7pDlgHDxZOC3L08N_tPAmgCRAULqLbN1Oe1O9lA-cDZtg-y3-z6rvz5bh-K8wW-djV6FnOPnJvcG6p6SQX9-GFwOn1EyBixYbLsRnDXqGlJh5PBHYY6wGb6pgM4Cnx4yTUdtehGmBUr9w","https://scontent.fsof5-1.fna.fbcdn.net/v/t1.0-0/p235x350/80653324_1863333043810770_5498051214010482688_o.jpg?_nc_cat=100&_nc_ohc=6Px1ItwUN-AAX8sJMPO&_nc_ht=scontent.fsof5-1.fna&_nc_tp=1002&oh=9af13e1e9bddb8bdf3e8a24a50e571d4&oe=5E9C02AD",undefined,"+3",""
"https://www.facebook.com/pengwintaoyuan/posts/1877163359094405","[Error]: TypeError: Cannot read property 'attribs' of undefined","",1579242563,undefined,undefined,undefined,undefined,undefined
"https://www.facebook.com/pengwintaoyuan/posts/1858503024293772","[Error]: TypeError: Cannot read property 'attribs' of undefined","",1579242563,undefined,undefined,undefined,undefined,undefined
"https://www.facebook.com/pengwintaoyuan/posts/1876019095875498","[Error]: TypeError: Cannot read property 'attribs' of undefined","",1579242563,undefined,undefined,undefined,undefined,undefined
"https://www.facebook.com/pengwintaoyuan/posts/1872120192932055","[Error]: TypeError: Cannot read property 'attribs' of undefined","",1579242564,undefined,undefined,undefined,undefined,undefined
"https://www.facebook.com/pengwintaoyuan/posts/1861902187287189","1577515187","護國粉紅魔女加持 最後13天大衝刺

 
非常感謝李麗芬委員及客家部主任魏筠，率領民進黨護國粉紅魔女熱情相挺，未來的13天，我會和團隊，用雙腳徒步，在這個養育我長大的城市，跟鄉親長輩懇託，讓我們團結一起，2020
中壢要贏，2020 台灣要贏",1579242564,"/pengwintaoyuan/photos/pcb.1861902187287189/1861899507287457/?type=3&__tn__=HH-R&eid=ARBHjjla47AUEfWy7th1cz9uJZtIDZkdnVxpirmqY6wzay-yVnep_IN9r4pXOhnP2cI88TLAY2GHLRPE&__xts__%5B0%5D=68.ARBqHizvAk9-lZAHd0bJ-7PykbYbaIXK-vRX7eI61AMI78h8mmARtUP2E2NrLlheC-TiT0prtQPO4FLeYRj46RxWey2TsiORuyHyjsOaBL0bfyKKiL1viOYKl-ZLMa--gChPyMK7DZn05-cB72-szd0OztdqwuDejNYQVBt8xzkMPUR8-P_n0DEHu4FnLu4xB6_X1UIiUxochcD_14GGHjs_6VfWZ7SZJAnW_7VJ1LXTvb9ps4_MAnT0El20vIfP_g5Xlh3YgFhcssuw3uGBwfM4ZhDEZJzR7pvS3vySTKBMDZCx33U0I91q3PIW2iIhq_WN7opbg8Gy_mBBTWvh5jryeg","https://scontent-cdg2-1.xx.fbcdn.net/v/t1.0-0/p526x296/80901261_1861899510620790_5088938579585925120_o.jpg?_nc_cat=107&_nc_ohc=lKNqt5MGWKgAX8h1ADJ&_nc_ht=scontent-cdg2-1.xx&_nc_tp=1002&oh=fc79922643770949d61e6f9776384de2&oe=5E9C7789",undefined,"",""
"https://www.facebook.com/pengwintaoyuan/posts/1859440060866735","1577343024","凌晨4點半早起，跟我們青果市場辛苦的攤販及鄉親父老問好。

 #佩服每天都要早起的攤販老闆
#握了每雙溫暖的手",1579242564,"/pengwintaoyuan/photos/pcb.1859440060866735/1859434737533934/?type=3&__tn__=HH-R&eid=ARCXS4PqwMr-dUvc_UKmVF4DeJcGfDUpMYCj7ZEsRB7DjY39IGMs1di4_bSEM0hUx_JruA-r5I8FmHMf&__xts__%5B0%5D=68.ARAJBxKaHwBe45hlRr9IRkUMupTWYf3T9957NbTu7A8e_0pAzknCzsmSEaznFTfisMpc0Ubgc_5Kccflq2rhYs4R1SxrDTmamulsZs134zMYp0sQTU67i3PCNgNMHgT-d-b5gP0ALHe1Ly0HYjxY2DaUAg9hAtnys4D41N55thisZ8LuayFpZ1AJTbBmYLH5Mls0ib1C4jvw3P8EdIiGMkYZ_FsQYV7BqaYgOiuNjyWLsdWYiMHCphplyQxZqgfggFfkLv-cZKg8q7ZYYirsIRwggyVX50OPd3HCstONjfZ__5ELbmHDmkRdYYWp_rhzEkNHUjdIq5JSDPzum_UxUgvx3g","https://scontent.fbkk7-2.fna.fbcdn.net/v/t1.0-0/p526x296/80677784_1859434740867267_8893703296540213248_o.jpg?_nc_cat=111&_nc_ohc=HD7AAWZyxGAAX9wIK9v&_nc_ht=scontent.fbkk7-2.fna&_nc_tp=1002&oh=92dfc34ef6d6b8aabde8c48099456eaa&oe=5E942128",undefined,"",""
"https://www.facebook.com/pengwintaoyuan/posts/1873392522804822","1578301543","這支影片，也許得耽誤您15分鐘的時間，但能幫助您，為未來四年，做出最好的選擇。

 透過這15分鐘，希望能充分讓您了解我這次參選的全部。

 對我而言，民主是對人民責任的實踐。
所以每天競競業業，不管在哪個位置，都要拿出100分的表現。

 因為我們深知，
如果只想依賴鐵票區的支持，那怎麼會把市民的需要放在優先
如果不是因為承擔，何必去接下這個吃力不討好的重責

 2020 不只是勝負的計較，也是價值的驗證
請和我一起
團結中壢 守護台灣 勇敢自信 爭取屬於我們的勝利。

 政見發表會完整版
截自桃園市選舉委員會Youtube頻道
https://reurl.cc/Yla8El

 🎞加入俊豪 【Youtube頻道】
https://reurl.cc/1Q06V8
💁🏻‍♂️加入俊豪 【LINE@】
http://nav.cx/NuE6LL
📸加入俊豪 【Instagram】
https://www.instagram.com/pengwintaoyuan",1579242564,"/watch/?ref=external&v=476274533266257&__xts__%5B0%5D=68.ARAf2P4-QgZZOrmk-tIzRntVnTMAjLZFyWFvSBgKE-6byJaHgkN0jUjepVdxNABbQAxqDf722kopdQz3eKzGyaZyM2HFUQStSSzlKzQRjgNGRrlcaGSHxgSzmZ9mly-KPJdBjcNFkmb134oOfhjNschFccxEGzZL1zTPqV95QQ0_BXUUF4SQXNAgk7A-vB-JnCtJ24MlXCHNuPmRX4bLN-PaU1sBAaceO-h7JeShIk6lRNeRw6ovng0hEYW2fnu37uGsWnSCXZGx1vpxV0GJyowYKXIS6PqVwbGPd9nLiDhK7_5mMzmKsLEC_M-4vQ_UDU26OvoddpDj4XkMMW6Haccrt2BsNkERCRHd3evNeiol9dI&__tn__=kFFHHH-R","https://scontent-sin2-2.xx.fbcdn.net/v/t15.13418-10/73390971_2598157610466791_7759028217461080064_n.jpeg?_nc_cat=100&_nc_oc=AQnq1P6SHbRr6yOTZLYXwgSfW3ndK_FDeIULg9ho8V0106T7XsL2ITFBhaQkeEdECkk&_nc_ht=scontent-sin2-2.xx&oh=cb22e65e2cb11a8962fecb10cec57c88&oe=5EA20C65",undefined,"政見發表會完整版","Posted by 彭俊豪"
"https://www.facebook.com/pengwintaoyuan/posts/1874472156030192","1578474017","倒數3天!!各位鄉親父老好友們!!
關鍵在您手中寶貴的一票
1/11要出來投票喔!!!!

 🎞加入俊豪 【Youtube頻道】
https://reurl.cc/1Q06V8
💁🏻‍♂️加入俊豪 【LINE@】
http://nav.cx/NuE6LL
📸加入俊豪 【Instagram】
https://www.instagram.com/pengwintaoyuan",1579242565,"/watch/?ref=external&v=2636719373050375&__xts__%5B0%5D=68.ARCH3_ExvHcGpW3MD1s_f60Dw_xpGrmhsrhCk4IxAwTM0jLWU03hU84wbe1g2bXuZq0nVFNCx-aHboBlB-Evfi9_KPCWEgKGoRDHLku8qaEWOugeSISEen43hY8Cg1o6LgVcotzENmtY04wp9v-LF1Y4Fck4bVyj_iYCxlG2tw7bPqI59kwGzfswUJ_SATbjluwOTXYpOkx2j71NKDn7E07jWz3lIXngGYXqZrPwonzQ371StvJZGknUkXdBz3NAvpy7IvBrUl5cVp18Kqc-YFwNln3xfaGLK2Mj1UcfiWRFW5Lw7uqocH7P4QGEq-fSJrTeNRYUB_frIsCytdA8aIHkoLbeIgfbnXnjUw&__tn__=kFFHHH-R","https://scontent-hkg3-1.xx.fbcdn.net/v/t15.13418-10/74605454_572919126863813_5868179435311595520_n.jpeg?_nc_cat=102&_nc_ohc=4bx16olTpNoAX_CYfSr&_nc_ht=scontent-hkg3-1.xx&oh=9f6e4d9df0692e73f341d12b165a99b5&oe=5ED57DD7",undefined,"選票不能省","Người đăng: 彭俊豪"
"https://www.facebook.com/pengwintaoyuan/posts/1863060850504656","1577592403","世紀帝國 聯合戰線

 和鄭運鵬委員、網路紅人cheap一起來永和和蔡沐霖聯合作戰，不只是選戰上的合作，在世紀帝國中，也是結盟的最佳夥伴。

 ＃集中選票
＃後４看好",1579242565,"/pengwintaoyuan/photos/pcb.1863060850504656/1863054337171974/?type=3&__tn__=HH-R&eid=ARA6WKimYaBZo5knkDO5evhW0Sn6e5twWDECUuvTkiRuht1saavEdAfEgNsBlravr5NlbYJuf-zOJzyB&__xts__%5B0%5D=68.ARBI_8ydbs3En1BxcZqa3zbjH-n4t8Evnx0QgbIm43rpW9qD4BDdN4qtURZTUMu-bToR4bzy2kFX_emq7G_vAetVBy_USczQA-rC7SdGK1NkzsLRhpNG6zoCU-Sa5Tv45NXGTKy2edQ7Ebg1BHEK3CElEuxW_9VZynunPVW99KuSvKLHVvtAQqU_n393Js2ONqp_k04GnjkfdlMlGLz5lRyZKiwmmZJ5l7ADa0rqqfhypomvAeIfr_5ihKxieO1UOCJv7_WGgSiHwvtioZPypCidorz0Qr3m5n5fTuS2MaBPd7AldeAGulVf80tL4ndmFiocZ3iZDKObJ3rkSCUQ6x9FBg","https://scontent.fbkk6-1.fna.fbcdn.net/v/t1.0-0/p526x296/80620813_1863054340505307_6893930892473925632_n.jpg?_nc_cat=108&_nc_ohc=hWTOIEdaj5IAX-79TKK&_nc_ht=scontent.fbkk6-1.fna&_nc_tp=1002&oh=c97f004fff3b913ee1237a93336a9647&oe=5EA39D3D",undefined,"+2",""
"https://www.facebook.com/pengwintaoyuan/posts/1865714853572589","1577784539","謝謝2019 哈囉2020

 意外的人生總是特別有趣。

 
再過幾個小時，就是2020年了！回想2019年5月，接受黨與民意號召，在中壢參選立法委員，這不是計畫好的人生，一開始總難免手忙腳亂，面對的又是強大的對手，不被看好是理所當然。

 
不過當我們逐步踏上旅程，用一貫誠懇的心去接觸每位市民，回報的溫暖，讓我有繼續前進的勇氣，守護台灣，壯大中壢，越來越多人，願意在這樣相同的價值下同行，我們的旅程不再孤單。

 追求台灣的勝利，我們只剩一步之遙，2020，讓我們團結，團結，團結，在1月11日的那天，贏下我們的勝利。

 2020 台灣要贏",1579242566,"/pengwintaoyuan/photos/a.486416341502454/1865707786906629/?type=3&eid=ARBO_JV5spyHopSJE1aZ7QXmJWbeis8lH0jd3WizIG-aeojjqXsZ4y_jWJfoaEMhAe80SNReB-VzgIQr&__xts__%5B0%5D=68.ARAApozHewUmdLbCVCffQAPUeQaMZf4mZ9PsBDBrRCodXSPJ4DxqCiuVIuy4cgfyk4Z-864FPyggxYsBdnaWdwZ81xs2XoZzAESMpE9a3RvZ_UwTFMd_StEioCGiZeMpMGCTywmOdsc_9tB7UQOx1YfkeTMudX8QTA2isaa8sgWRtjaXhyMFAlExFXl429hpVSVTbP9ldHPDMKuxBMXBbG8LRY_B0VrBLAHEQBsNp3GgEXQ_VUOVnzlkB1O-WXfbRAVOrZ76WdKt0pmFGSSCmtQwxqQeJWBq48TyfitylYWvGOAPR9XoKQv9ubenehDsj9xUlvCDnpByGKxfXEZJcCNgQw&__tn__=EHH-R","https://scontent-atl3-1.xx.fbcdn.net/v/t1.0-0/p526x296/81558840_1865707790239962_6920206278325174272_o.jpg?_nc_cat=105&_nc_oc=AQkRrurn3GOXk0jnsHIKLbgnWZ5nT8sZM3Sr6kGanF4Sv1NzEpJwtIyvNP-Yk8n3VX8&_nc_ht=scontent-atl3-1.xx&_nc_tp=1002&oh=f95fcd86978f5dbaa4f5f26dbaf5c896&oe=5E9FB56B",undefined,"",""
"https://www.facebook.com/pengwintaoyuan/posts/1873119982832076","1578276050","稍後10點30分，就是我公辦政見會的發表時間，請大家鎖定華視教育台第122頻道，桃園市選舉委員會YouTube官網，支持我的表現

 政見發表會Youtube連結
↓↓↓↓(請點開)↓↓↓↓
https://www.youtube.com/watch?v=nvWlhKOC1OQ",1579242566,"https://l.facebook.com/l.php?u=https%3A%2F%2Fwww.youtube.com%2Fwatch%3Fv%3DnvWlhKOC1OQ&h=AT23v2qHNe9QkQRibwHeh39qHHEG7VGdIPCH_cf8ME4XxNys9cc0Tu84gXGMaU3kdck8teNlzIGY2uqYpw7_Zoeqxyp26TU3qnIlS4LDzxt5j6G6njHJnQt8u_cXi6GdoUsGYFv7cq43hkqJYAgBOO8E7c2m6tQLUz32I0DZLvN13GG46zcNw-9CqUgWTAcbUhDHJC5MdE8QSJBDUH3qMRgM4yViMusOcqxNqBXwkztOVTVFJJWznvwaEkTmtgBGoplBKspACLBb9X2yCnE5-Ybt9uwKmepTpOZwdNJeB32XkIDnqXvks181wj_cMNmkf9kvbqRaoZP_w3UDKaYp8WN2Uu165HEKUGJEDiOu7-PlHjELhE-9y3ykyTnbePHXfjIaDvszGJKwhGpWDlfmRZVWQKHwza5jMk_lE2AgJM9jQhQksTR6DEgvPBQmtVi3UTJTjRK5FRy3e2gM7-gub1e7Kf5uo5xMw4eFOEuF_n8KveJuWhIg0_QSI3kvdxItmBE9DUdd1-3mGrGTgVbRSPsQjr0FvTl6U-sg5pSSFPMsCcAziGaU8VgZyIUIorEsrKepjZGMkGsyJfgtVPshPHIZhXLArs94qNxu9ynASeuTX91devBzurRm6t5b3V_-aVCtHimHR8j28cMA","https://external.fiev15-1.fna.fbcdn.net/safe_image.php?d=AQC5EJ10ITPKiBW6&w=540&h=282&url=https%3A%2F%2Fi.ytimg.com%2Fvi%2FnvWlhKOC1OQ%2Fmaxresdefault_live.jpg&cfs=1&upscale=1&fallback=news_d_placeholder_publisher&_nc_hash=AQDxWjJ6SX3m8Ycw","No photo description available.","20200106桃園市第三選區立法委員政見發表會",""
"https://www.facebook.com/pengwintaoyuan/posts/1866770760133665","1577843365","2020第一天，一早參加元旦健走，用行動力開啟新的一年

 #2020第一天",1579242568,"/pengwintaoyuan/photos/pcb.1866770760133665/1866766946800713/?type=3&__tn__=HH-R&eid=ARB2m7UZJjqSjQejxB-r0jVJVsAKLUs-Fy-nM3viwByJBNdUZoJNGUVi1lQ-yxlN1OXm3T4YcKqPhD9e&__xts__%5B0%5D=68.ARB135nKYeKNIMYZcmU1VFx5w6pXaF_atX7lARuKq9IauCjWND7l43BLHD5XCZ4ErdinRMz2jpHCiUqCTtnWVagSiW0BY2_8xUhqcA2dNUxHOxGR-iIuKdaEV4DT95Nod4Z6rZL-jyn8zXIind_drGkO8QpatGNS5kyCryYJAKQNNYdLLNB9KqnjZJR1xxgnpTBP6IV5bq9wtQTfDmMR8xIu88lOCzLvkaXfjOrFNK9DVY9H1NnTLjTlavoDaq8xZf7CrM5qyrtndzKrZiC3nDg7-dfmcLwDdJ88AFyNXrJjVsD2qALP5-LR7AskC90c8GteCk19Ie_lS02W9uJUse6xqg","https://scontent.fcau11-1.fna.fbcdn.net/v/t1.0-0/p526x296/81470192_1866766950134046_2911490018503557120_o.jpg?_nc_cat=100&_nc_ohc=pqVgO_RLju4AX8K0gAZ&_nc_ht=scontent.fcau11-1.fna&_nc_tp=1002&oh=f43edcdc20171cf1c56eecef451b3a25&oe=5E964FBA",undefined,"",""
"https://www.facebook.com/pengwintaoyuan/posts/1857947474349327","[Error]: TypeError: Cannot read property 'attribs' of undefined","",1579242571,undefined,undefined,undefined,undefined,undefined
"https://www.facebook.com/pengwintaoyuan/posts/1872217452922329","[Error]: TypeError: Cannot read property 'attribs' of undefined","",1579242573,undefined,undefined,undefined,undefined,undefined
