url,posttime,text,crawled_time
"https://www.facebook.com/yanglynnwu/posts/3111278295556453","1563590340","木曜4超玩 訂閱率1371195
加油喔!!!^ _ ^","1569744106"
"https://www.facebook.com/yanglynnwu/posts/2834357946581824","1554214415","霧鹿國小
可愛的孩子們💓💓
第一次挑戰當國小老師
有點緊張但看到一群活潑又可愛的學生
喊著邰邰老師泱泱老師就充滿動力！
雖然之前有當家教的經驗
但第一次帶整班的同學上英文課
希望他們都能有個有趣的學習體驗
最後還收到學生的手寫卡片💓
看到卡片裡的字語真心希望能為他們做的更多
所有老師們辛苦了🥰","1569744106"
"https://www.facebook.com/yanglynnwu/posts/3267442773273337","1568604601","中秋節你是不是也跟我一樣又忍不住卯起來吃了呢？
所謂月圓人圓圓 
圓的同時更要注意「腸保健康」，別讓身體生氣氣！

 河河河
除了繼續努力運動，今天要分享的秘訣就是從小阿母就會買的AB優酪乳
每週大餐後我都會喝一些(當隔天早餐也很好)，讓身體更順暢～迎接美好下一餐👏👏

 一瓶充滿好菌的AB優酪乳除了喚醒一天的健康活力 
氣色其實也會跟著新陳代謝一起變好，用好氣色來轉移大家注目的焦點😏

 一起讓圓快快變小~
AB有很多口味可以選擇～我都看心情輪著喝 

 AB優酪乳順暢邀約

 #你這週喝了沒 #AB優酪乳 ＃ABmonday ＃喝AB開始一週暢快","1569744107"
"https://www.facebook.com/yanglynnwu/posts/3246427658708182","1567846800","什麼？！
即日起只要喝雪碧芬達x爐石金蓋活動版
至活動官網兌獎頁面輸入瓶蓋序號➡️ https://goblizzard.tw/2019sprite/
就有機會得到最大獎卡牌包600包😱😱😱
只要兩千點就可以兌換雪碧專屬禮包耶！

 除了開蓋有獎外，
還有加碼活動送大禮，序號登入量最多者，
最大獎Switch+D3組合，周周送！
你沒看錯！是周周送！

 這麼好的活動可以說是機會難得啊啊
趕緊手刀去買試手氣🔥
可以留言跟我分享你喝的是抽到什麼開蓋禮唷🥰

 #Sprite #雪碧 #芬達 #爐石戰記 
#卡牌好禮任你集 #有金蓋才是活動品項喔","1569744107"
"https://www.facebook.com/yanglynnwu/posts/2987201831297434:0","1559651149","開放點歌～～🎹
/
/
/
/
/
但我不一定會🤣🤣🤣🤣

 #錄影版的在木曜ig
@muyao4","1569744107"
"https://www.facebook.com/yanglynnwu/posts/2715639915120295:0","1549528736","正月初三睏到飽
你們都有睡飽嗎～
新的一年還是想跟你們說
謝謝💓
每一個留言👍🏻和支持
我都有一個一個看在眼裡放在心裡
有你們一起經歷的成長
就是平凡人生中所擁有的不平凡
#泱苗","1569744107"
"https://www.facebook.com/yanglynnwu/posts/3206837026000579:0","1566636490","兩隻小傢伙好棒
第二次來打預防針
Oreo🍪感覺好像知道要來打針一路上很憂鬱
Peanut🥜整個狀況外🤣到真的要打才在慌
果然帶他們來打還是要兩個媽咪一起比較輕鬆
第一次來打一個人出門還遇到颱風天前的暴雨
今天也突然下大雨
只能說你們好會選日子啊啊啊
是不是以為颱風下大雨就不用出門打針了 蛤～～
#第二次打預防針
#還有第三次","1569744107"
"https://www.facebook.com/yanglynnwu/posts/2796092157075070","1552712447","河河河河河
想不到在台灣精品館也能拍出網美照吧😍
台灣精品館全新打造領航太空梭不僅超有科技未來感
邊逛邊瞭解台灣最棒的產品外
還能拍出太空科技及銀河夢幻的照片喔
已經找好適合的幾個景給你們參考
可以在一樣的位置拍照打卡唷
還有按摩椅太舒服讓我坐下去都不想起來了XD
現場的光劍還可以拿起來拍照喔
台灣最棒最優秀的產品需要你們讓更多人知道！
拍美照的同時也長知識💓

 #台灣精品 #台灣精品館
#私房打卡景點","1569744107"
"https://www.facebook.com/yanglynnwu/posts/3235190333165248:0","1567503251","希泱今合體💗
這次拍攝主題太喜歡啦
盲吃月餅🥮😍😍
猜猜我到底吃了幾個～～

 #中秋節根本發胖節
#又是月餅又是烤肉的
#但是好幸福啊啊啊

 Natsuki'希希
短今Sammie","1569744107"
"https://www.facebook.com/yanglynnwu/posts/3050909638259986:0","1561650597","木曜4高中
我們很認真的從9點上到11點
下課啦～～～～
同學回家路上小心唷
#我來報平安
#到家","1569744108"
"https://www.facebook.com/yanglynnwu/posts/3041621955855421","1561379603","謝謝大家昨天冒雨前來看我💓💓
看到你們真的開心又感動
昨天還說覺得時間太短暫了😖

 健身日記持續中
#珍奶戒斷計畫實施中
想試試一個星期只喝無糖飲品和黑咖啡和水
會有什麼差別
有人要一起加入嗎～😳😳

 然後第一天實施的感想是
好餓RRRRRRRR

 #謝謝大家幫我補捉的美美的
#照片跟IG有些微不同唷","1569744108"
"https://www.facebook.com/yanglynnwu/posts/2746431178707835","1550676935","看的出來有剪染了嗎？
這一頭長髮真的要謝謝Cindy Hsiao 
之前一刀未剪的堅持🤣🤣
這次就修修髮尾打薄和染髮
讓我更好自己打理和造型
明天是星期四了！
先跟大家說晚安
還有明天木曜見💜","1569744108"
"https://www.facebook.com/yanglynnwu/posts/3058960454121571:0","1561910819","珍奶戒斷七日！ 成功💪🏻
這七天沒喝有糖飲料
最難熬的是首兩天
真的是爆想念珍奶
戒斷之前真的是天天一杯
不過這七天戒糖下來覺得
身體感覺比較輕盈
而且水分多喝點皮膚狀態也更穩定
看大家的回覆也剛好有很多一起戒糖
甚至有些戒了10幾年
這個習慣真的不容易！
希望你們也都有達成你們自己設立的小小目標","1569744108"
"https://www.facebook.com/yanglynnwu/posts/3068140643203552:0","1562213703","各位午安～ 骨灰粉福利來啦
手捧阿公來逛古寧頭戰史館啦～
欸 哪裡怪怪的😳

 #又是星期四啦
#晚上見","1569744108"
"https://www.facebook.com/yanglynnwu/posts/2977012948982989","1559316792","太榮幸能參與這次的特別企劃😍
以往都是在台下享受演唱會
這次能夠窺探一場演唱會從發想到構築到執行有多麼不容易
需要集結每一個人的專業、熱情、謹慎、細心和突發狀況的應變處理能力
全員全神貫注投入了百分百的熱誠和努力
就是希望能讓所有到演唱會的每一位有美好難忘的回憶
-
5/10-12連續三天的拍攝
也許過程中有些插曲、不完美和意外
但也學習到每一個幕後人員最用心的態度、謹慎細心的執行、百分百的專業和面對突發狀況的應變能力
在此
像所有的演唱會幕後人員致敬
你們辛苦了！

 Ps.嗚嗚 如果還有下次絕對不要再放槍惹😭😭😭
這真的是一輩子最深刻的回憶😭😭😭😭

 #非常謝謝相信音樂、必應創造和木曜給我這麼寶貴的機會💓
#持續努力","1569744108"
"https://www.facebook.com/yanglynnwu/posts/3087741887910094:0","1562840025","河河河 健身新手要來挑戰戰繩啦！
7/13星期六下午4點到5點準備要來去
MEN’S BIORE 炭水合擊：戰繩挑戰賽
大家可以來跟我一起挑戰唷💪🏻
兩人合力挑戰10倍炭X玻尿酸專屬戰繩，進行控油X保濕 炭水合擊遊戲！
挑戰你的型男戰力，獲得超值專屬好禮!
一起成為MENS BIORE不油不乾 超保濕清爽型男女💧

 活動時間在7/13(六)、7/14(日) 14：00-20:00
活動地點：信義威秀中庭廣場
這個星期六下午4點跟我一起來挑戰吧💙

 #MENsBiore炭水合擊不油不乾
#你敢來挑戰嗎","1569744108"
"https://www.facebook.com/yanglynnwu/posts/2743728828978070:0","1550576463","祝大家元宵節快樂🏮🏮
謝謝大家的生日祝福
收到了很多人的愛與幫助
希望今年比起收到的能給予和付出更多💓💓
#施比受更有福
#吃比瘦更有福","1569744108"
"https://www.facebook.com/yanglynnwu/posts/2813166778700941","1553409256","在遊覽車上真的會不自覺睡翻
但眾人皆睡我獨醒的時刻
能獲得一些珍貴的畫面
巨星們都不怕被拍
偶像不能輕易窺探到睡姿呢

 #木曜4超玩
#邰哥
#坤達哥
#溫妮
#百祥
#拍完就睡了XD

 木曜4超玩
邰智源 邰邰的第一個家
謝坤達(KunDa)唯一官方粉絲專頁
黃于恩 溫妮","1569744108"
"https://www.facebook.com/yanglynnwu/posts/3301000703250877","1569486618","養小孩就是這樣吧
他再怎麼不聽話 搗蛋 
你還是全心全意的愛他💗
欸 不是奴性重嗎😝
#貓奴
#網美oreo被我拍成網霉照
#為了排版好看第二張可以到ig上看🥰","1569744109"
"https://www.facebook.com/yanglynnwu/posts/2950282318322719","1558421580","你們知道這什麼水果嗎～～～～
夏天的最愛😍😍😍
💛
🧡
💛
🧡
是長成愛心形狀的芒果🥭
你猜對了嗎～🥰","1569744109"
"https://www.facebook.com/yanglynnwu/posts/2984839744866976","1559571342","翻到一張我不知道該下什麼註解的照片XD
小李廣花榮VS小李廣花泱？","1569744109"
"https://www.facebook.com/yanglynnwu/posts/3221231437894471","1567249201","我和婕翎的零食新歡!
就是樂事自然滋味系列😍😍

 這系列有三種口味，
海鹽口味、大波浪香烤BBQ口味、奇多切達起司口味
無添加「味精」「人工防腐劑」「人工色素」
自然又美味的味道 讓我一口接一口停不下來啊啊啊😋😋

 第一次覺得拍太短了啊啊啊
我還吃不夠呢XD🤣🤣
口感清爽不死鹹、好吃不膩、一片接一片也無負擔
你們吃過以後最愛哪個口味呢～～😍

 #樂事自然滋味 
#無人工添加
#成份自然美味依舊
#泱泱新歡","1569744109"
"https://www.facebook.com/yanglynnwu/posts/3264090590275222","1568370687","泱泱 支持你 你要赢","1569744109"
"https://www.facebook.com/yanglynnwu/posts/2649427795074841","1546787064","河河河河河～🤣
今天真的超級開心看到木曜粉們一起家庭聚會
齊聚一堂的感動！
希望2019有機會再一場見面會跟你們同樂😍😍
#木曜4超玩
#木曜4+1超玩
#邰智源 邰邰的第一個家
#林柏昇 KID
#謝坤達(KunDa)唯一官方粉絲專頁
#黃于恩 溫妮
#希望大家都有吃飽玩的開心
#照片是到處扣比來的","1569744109"
"https://www.facebook.com/yanglynnwu/posts/3237332889617659","1567580400","Qoo有種果汁真好喝～～～
喝的時候酷～
喝完臉紅紅～

 河河河河河
有人沒聽過這首嗎～～
超懷念的Qoo😍
現在用FB的美粒果AR濾鏡拍照超可愛😻
有三種濾鏡可以錄影和拍照📷

 現在只要手上拿美粒果Qoo活動包裝和Qoo合照
照片上傳至美粒果粉絲團活動貼文下方，
就有機會可以把Qoo懶骨頭、抱枕帶回家💗💗

 【活動時間】：即日起至2019/9/30 24:00止

 【活動獎品】：限量美粒果Qoo懶骨頭(10名)、造型抱枕(30名)（隨機抽出）

 抽獎貼文傳送門：https://www.facebook.com/130223020917851/posts/438544176752399?sfns=mo","1569744109"
"https://www.facebook.com/yanglynnwu/posts/2816025225081763","1553520158","我算是一個很不主動拍照的女子
如果不是因為接觸現在的工作
我更新社群軟體的單位是以年計算XD
也有人是不常更新自己的社群軟體的嗎？

 很多時候回憶就靜靜的躺在我腦中的記憶體裡
但後來發現記憶力越來越不可靠😂
還是需要靠一些外力來幫助回憶
開始理解長輩出門很喜歡拍照留念
也許是這麼一回事呢
🍽🍽🍽
來回憶
北海道外景第一天的極奢華料理
我念念不忘的大沼牛
可惜只有三大片
#大招放三次就沒了
#果然稀有
#木曜4北海道","1569744109"
"https://www.facebook.com/yanglynnwu/posts/3115404755143807","1563720875","工作完來看看真人版音樂劇的獅子王
比想像中好看！😍
內容很用心還特地結合一些台灣在地元素
超多笑點 演員中間還會穿插一些驚喜講中文
很多巧思令人印象深刻 出來狂跟朋友討論
但這裡就不劇透太多詳細的內容了
小時候看跟長大看獅子王真的有不同的感觸
真心覺得這些為我們帶來歡樂的藝術創作和表演藝術者好棒👍🏻
希望大家都有個美好的週末
晚安🌙","1569744109"
"https://www.facebook.com/yanglynnwu/posts/2948442955173322:0","1558359159","邰哥生日快樂🎂🎂🎂
第二年跟婕翎一起幫您慶生
這次沒有約生日後七天
約個520
我們都愛您～💓
希望生日願望通通實現
健健康康活跳跳唷
這餐吃完差不多....
下一年可能是吃隔壁的甜不辣惹
河河河河河
是該先去健身了💪🏻💪🏻💪🏻

 邰智源 邰邰的第一個家
解婕翎","1569744109"
"https://www.facebook.com/yanglynnwu/posts/3032260600124890","1561111204","你們吃晚餐了嗎～～～
我還在想晚餐要吃什麼🤔
想著想著想到
有一件事一定要跟你們報告
就是...
我瘦1公斤惹🎉 
不是啦是要說！！
這個星期日6/23下午2點 
在台北華山劇場有天堂M的公開活動唷💓
希望能看到你們🥰🥰
這次要挑戰打崩壞之島
想要跟我一起現場玩的可以6/23中午現場報名唷

 詳細資訊請參考
https://event.beanfun.com/LineageM/EventAD/EventAD.aspx…","1569744109"
"https://www.facebook.com/yanglynnwu/posts/3240058069345141","1567674000","愛吃月餅🥮的我怎麼能錯過期間限定的美心月餅快閃店！
現場不只好拍好玩還好好吃！😋😋

 此次美心快閃店以波西米亞風格場景為主軸打造成超好拍的打卡點外
現場特地將「Moon Trio」旅行車打造成透明播音室
備有美拍環形燈及直播專用麥克風
可以直接體驗一日廣播DJ🎧🎧
9/5和假日時也會有歌手、DJ 輪番表演唷

 更棒的是只要在活動期間，
現場完成快閃三連拍並上傳至個人臉書，
即可現場玩扭蛋，有機會獲得美心月餅禮盒一份😍😍😍
（我去的時候前面的朋友抽到一整盒！ 我抽到一顆流心奶黃月餅 🥮
你們去了可以跟我說抽到了什麼嗎～～～😻

 當然如果想購買的朋友，
現場還有限量販售商品包含豐年美月禮盒、四色彩月禮盒、流心奶黃禮盒、迷你英雄超級聯盟月餅禮盒以及原味蛋卷 32 入裝
偷偷跟大家說迷你英雄月餅禮盒真的是太犯規了 可愛到爆炸！
超怕之後缺貨 直接秒帶走一盒！！

 喜歡美心月餅的朋友千萬別錯過囉～～🥰

 2019 美心月餅快閃店
活動期間:8/31~9/11 (與統一時代百貨營業時間相同)
活動地點:市府轉運站連通道

 #美心月餅 #流心奶黃
#美心月餅快閃店","1569744110"
"https://www.facebook.com/yanglynnwu/posts/2686174911400129:0","1548327837","相信這碗飯比我臉還大嗎？🍚🍚
日本米飯為什麼這麼好吃啊啊啊啊啊啊
待會木曜見唷💓💓💓
#最近實行每天跑步🏃🏻‍♀️
#但是跑完都膝蓋痛 
#是姿勢不正確嗎😵","1569744110"
"https://www.facebook.com/yanglynnwu/posts/2677780358906251","1547974743","誠品也有大瀑布😆😆😆
祝福大家新年遇水則發
尾牙中大獎🎉

 大家都說禍從口出
但也別忘了病從口入
吃尾牙(O)前吃腳尾飯（X)前吃任何一餐(O)前
記得洗手！
才不會吃進病毒變病怏怏的唷😵

 #已不病怏怏的泱泱關心您","1569744110"
"https://www.facebook.com/yanglynnwu/posts/3031079210243029","1561048621","台灣的水果真的很棒！！！
芒果更是難波萬！
芒果好吃的芒果真的無敵好吃
用愛與細心照顧的芒果無敵香甜
而且小學長和小學姊真的超棒
當天超有耐心指導和陪伴我們
平常都會幫忙集貨分裝
整集下來
我都有點不好意思
因為老闆太大方
一直狂塞芒果給我們
芒果乾整個吃到不行🤤🤤🤤🤤

 在地小農真的用愛跟熱誠經營
支持一波了啦😍😍😍","1569744110"
"https://www.facebook.com/yanglynnwu/posts/2937508742933410","1557987522","一日系列今晚要播第100集了
超期待的啊啊啊啊🥰😍🥰
第99集看過了嗎～
虫合～ （叛逆一夏😂
河河河河河XD
http://yt1.piee.pw/H7VYT","1569744110"
"https://www.facebook.com/yanglynnwu/posts/3024278017589815","1560839952","這個dresscode應該滿明顯的吧XD
對
就是blackXpink💖🖤

 Outfit @boylondontaiwan 
#ootd","1569744110"
"https://www.facebook.com/yanglynnwu/posts/3205368939480721","1566792056","河河河河河
喜歡吃蝦卻怕吃的手油膩膩怎麼辦
那就連蝦殼一起吃囉😎
但是蝦殼很硬怎麼辦？
那就吃蝦叔叔吧🦐
一次單攻10隻也是一塊小蛋糕
台灣原創蝦酥品牌始祖 蝦叔叔
是100%台灣生產台灣製造的在地台灣品牌
不僅可以吃到完整蝦隻🦐 最原始純粹的蝦味
真的好好味🥰🥰
現在出門不管是工作旅遊郊遊抓個小包裝放在包包裡
隨時都能解嘴饞
不用剝殼不怕弄髒手
更棒的是採用真空低溫慢炸不油不膩
吃起來更無負擔
平常在家裡煮泡麵或是粥加蝦叔叔一起也超好吃
你們如果有特別的吃法可以推薦給我嗎～～～😍
另外如果逢年過節或是想送禮
可以考慮蝦叔叔的紅色禮盒
喜氣又大方份量又夠多唷😍

 話說中秋節🌕要到了耶
拿蝦叔叔來送禮剛好超適合的啦！
自己留著配烤肉配啤酒也超讚😁

 啊啊寫著寫著我又餓了🤤
再來開幾包吃吃😋

 #蝦叔叔 
#現在室友也被推坑
#一試成主顧
#要我再多買一些回家XD

 粉絲頁在這邊哦❤️
https://www.facebook.com/Uncle.shrimp/","1569744110"
"https://www.facebook.com/yanglynnwu/posts/2965599816790969","1558930274","木曜四feat五月天
太期待這週四的一日系列🤩🤩🤩
人生想按下快轉鍵的時刻
就是現在！！！！⏩
#五月天
#mayday
#一日演唱會幕後人員","1569744111"
"https://www.facebook.com/yanglynnwu/posts/2611613855522902","1545735625","Merry Christmas 🎄🎁🎄
身為一個生活吃貨達人，
一定要跟大家分享好康！

 最近發現下載Yahoo奇摩APP也能免費吃好料！
Yahoo奇摩APP裡面全新推出的「會員中心」，
可以藉由每日簽到和完成任務獲得「奇摩值」，
奇摩值能兌換超多好康！ 
都是我覺得超實用的🤣🤣🤣
各種食物，eztable訂位折扣卷，連看電影都能免費😍😍 

 Yahoo奇摩APP還有社群排行榜功能，
可以立刻知道現在每個社群最夯的話題是什麼，囊括Dcard、YouTube、PTT、Facebook等！

 還有一個功能我覺得很貼心，
「圈子」可以利用圈子搜尋到喜歡的主題內容，
如旅遊、美食、動畫、遊戲、親子、科技、創作者圈，
更方便搜尋和關注有興趣的資訊。

 沒想到現在關注新聞累積新知還能有這麼多的優惠🎁
趕快來一起累積奇摩值兌換好康吧🎁

 #Yahoo奇摩APP #生活給力無往不利 #有料更有聊
立即下載:
hyperurl.co/t09h7u","1569744111"
"https://www.facebook.com/yanglynnwu/posts/3075354922482124","1562731243","雖然嘴巴只有一個但唇膏可以有很多隻☺️
沒錯 我就是唇膏控！😍
通常只要唇上不同色就能立刻改變整個人的氣色和感覺
所以我出門一定要抓的單品之一就是唇膏💄
→ https://bit.ly/2KSS3N7 
這次 Q’her植感出的 #綻光星月系列
不僅外包裝超美超有質感
整體設計以純白亮面外殼為主
搭配膏體雕刻及燙金圖樣
低調中帶有簡約奢華質感✨

 唇膏本身帶有玫瑰淡香味
擦起來是水潤質地可以畫出果汁妝感
因為添加白龍膽萃取、甜杏仁油、摩洛哥堅果油、乳木果油、植物性角鯊烷等，所以保濕力很好，很好的展現出彈潤飽滿的極光瑩潤唇色
這款唇膏不用先上護唇膏唷
不卡唇紋外，修飾唇紋的效果很好

 6色都能搭配出不同的妝容
我自己偏好以下幾個顏色
#204番茄橘 橘色帶一點乾燥玫瑰色 搭大地色或氣質或有一點酷的妝容都可以 
#205鬱香桃 想要呈現粉紅俏皮青春感選這隻
#206西柚粉 想要比205低調一點點的可以選這色 
#203珊瑚橘 鮭魚粉橘色~日常妝容的必備款 給你自然好氣色

 現在7/10-14還有特別的優惠活動
新品系列（精粹唇釉、瑩潤水唇膏、七夕禮袋）凡購滿$600享免運再贈品牌髮帶
喜歡的朋友們可以參考看看唷
（七夕也要來臨了 也可以納入送禮名單內唷🥰）

 #qher
#qher植感
#綻光星月系列
#極光瑩潤水唇膏","1569744111"
"https://www.facebook.com/yanglynnwu/posts/2613895035294784","1545390034","在學化妝的時候覺得最難畫的不是眼線
是眉毛！ 因為眉型完全能改變一個人的氣！
一支好上手的眉筆很重要！
Maybeline的武士道塑型眉筆的武士刀筆尖超好描繪眉型，描好外框後再填補眉毛空隙，再用另一端的眉刷暈染眉色，就能擁有自然的有型的眉毛，也不怕會失手畫成蠟筆小新
🤣
眉筆有三色大家可以依照自己的髮色做選擇
#灰棕色Grey Brown 適合黑髮、髮色偏深
#深棕色Natural Brown適合深咖啡、中等髮色
#咖啡棕Red Brown 適合淺咖啡、偏紅髮色
防水性也非常好，出上山下海的外景也不怕掉色，不用擔心下水後起來沒眉毛😝
另外眼影蜜新出的五色都超美，非常顯色，推薦給大家
日韓潮色：蜜桃果茶/冰釀玫瑰/柔霧紅月
百搭實用：氣泡香檳/奶霜可可
價錢非常親民，囤貨也不怕媽媽說我亂花錢💰

 #MAYBELLINE #媚比琳 #武士道塑型眉筆 #開架眉筆王者 #武士刀","1569744111"
"https://www.facebook.com/yanglynnwu/posts/2757885047562448","1551153600","這次很榮幸收到台灣精品的邀請
跟大家一起搭載台灣精品太空梭🚀
一同認識了解台灣之光們🏆
裡面總共展出了58件2019得獎產品
從資通訊、運動休閒、生技醫療、智慧生活到環保機能共五大展區～
快來猜猜體驗完的我最喜歡哪些產品呢？
你喜歡的又有哪些呢？

 這次台灣精品也特別準備了禮物要送給看完影片的你們🎉
🎁只要完成以下步驟就有機會獲得神秘好禮唷
1️⃣成為泱泱 LYNN及Taiwan Excellence 台灣精品的粉絲
2️⃣分享這則貼文
3️⃣於此則貼文下方留言影片中所介紹的五樣台灣精品

 ⏰活動時間：即日起至3/6晚上12點前
⏰活動贈獎：《Vinaera Pro-可調節式電子醒酒器》*1/1人
⏰得獎公告：3/8

 Taiwan Excellence 台灣精品
#抽嗎抽嗎
#台灣精品
#台灣精品太空梭正式啟航","1569744111"
"https://www.facebook.com/yanglynnwu/posts/3277864712231143","1568800342","帽控是我！
貝蕾帽真的有10來頂😂😂
你們也是帽控嗎？
這幾天運動完該去指舞推一波清乳酸惹
拉完筋還是覺得痠痛🥺
#170這泱穿","1569744111"
"https://www.facebook.com/yanglynnwu/posts/3179438368740445","1565783562","YA 想飛就飛
不囉嗦！ 飛吧🦅
#謝謝木曜家民宿帶我飛
#超愛 
#想飛更高
#謝謝蕾拉幫我拍照📷","1569744111"
"https://www.facebook.com/yanglynnwu/posts/2683914741626146","1548673236","以前完全不懂按摩的美好
直到不再年輕（誤
咳咳咳... 是長期環境變化、工作生活壓力、緊張不規律的生活狀態
漸漸影響身體狀態而需要定期保養按摩放鬆
同樣地常常接觸外界髒污和上妝的臉部肌膚要如何按摩舒壓排毒呢💆🏻‍♀️
之前去法國🇫🇷當地朋友就有特別推薦我頂級芳療保養品牌@DARPHIN 
這次全新推出的「打造花瓣肌三部曲」，可以安撫敏感發炎的現象，穩定健康膚況，再搭配按摩手法，讓肌膚如溫室般呵護，打造美肌內在四季如春🌸 
趕緊來學學怎麼按摩如何重生新生花瓣肌✨✨
🌺療癒小粉紅─DARPHIN全效舒緩精華液
化妝水後使用，水狀質地，塗抹後立刻吸收非常清爽，淡淡牡丹香氛
比水分子還微小的「奈米水分子滲透科技」和「高濃度專利鎮靜配方™」，從根源滲透啟動鎮定舒緩 + 防禦修護。
蘊含植物界天然抗組織胺，安撫敏感發炎等異常現象，重現健康穩定的肌膚
🌼芳療好閨蜜─DARPHIN甘菊芳香精露
精華液後使用，油水狀、草本清香、舒緩情緒的味道
全方位美容油天后
添加頂級天然花植植萃
羅馬洋甘菊，富含可舒緩焦慮與敏感，有效鎮靜各種肌膚過敏症狀，並強化肌膚抵禦外界負面因子的能力
🌹花海濃萃─DARPHIN玫瑰精露潤澤乳霜
最後使用，乳狀質地，喜歡玫瑰香氣的一定會愛上它
玫瑰精油、原精與花蠟，嚴密監控三道保水機制，把水份緊緊鎖住。

 以上三部曲搭配的按摩手法→ https://bit.ly/2CBjVjg
裡面有不同產品搭配不同的手法，教學非常詳細，簡易好上手，大家也可以試試💓

 #療癒小粉紅 #芳療好閨蜜 #美容油 
#花瓣肌美顏 #扭轉初老肌 #Skincare #Darphin","1569744111"
"https://www.facebook.com/yanglynnwu/posts/2963661973651420","1558869349","給爸媽的生日禮物就是帶他們來關西玩
結果整天都是吃的行程😂
卯起來吃抹茶
抹茶控覺得幸福💚💚💚
都覺得自己要變綠色的了😂😂😂
還在辻利遇到來日本工作的台灣女孩
在異鄉打拼加油唷💪🏻💪🏻💪🏻","1569744111"
"https://www.facebook.com/yanglynnwu/posts/2928653143818970:0","1557675990","母親節剛好卡了外景
抽空傳了訊息祝福媽咪母親節快樂
結果我媽咪很酷的已讀我😂😂
理性的她總說
不用特別過節送禮
因爲送現金最好 （喂
不是啦
是平時的陪伴和心意更重要
大家有時間的話也多陪陪家人🥰
陪伴就是最珍貴的禮物🎁
在這裡也祝福你們的媽咪
母親節快樂❤️
#圖文不符
#媽咪害羞不拍照的","1569744111"
"https://www.facebook.com/yanglynnwu/posts/3221943944489887","1567097618","一日鹽水雞🐔
這家紅花真的是一試成主顧
尤其夏天天氣熱真的很適合吃
不過一個小小的攤位
要兼顧美味安全又衛生
很多細節都是要很講究的
從撿菜、處理食材、烹煮、調味、擺放、切雞到都是真功夫，千萬不能馬虎！
好吃不用說
真的吃了就知道！
我今天真的很知道（在節目直接全車試一輪🤤🤤 
謝謝 #紅花麻辣鹽水雞
想吃的可以到臨江通化街口唷
已經被我收在口袋名單！🥰","1569744111"
"https://www.facebook.com/yanglynnwu/posts/3061052300579053","1561980652","考生們加油💪🏻💪🏻💪🏻
保持平常心
還記得我最後幾天
告訴自己
把握好自己會的
複習再複習
尤其是一錯再錯的試題

 做好自己該做的
其他的我相信上天會給你適合的安排","1569744112"
"https://www.facebook.com/yanglynnwu/posts/2628006710550283:0","1545911414","以前超討厭豹紋！
現在竟然覺得還不錯看
人生真的沒有絕對值
唯一不變的就是變～bang~
See you later on 木曜4超玩！
#待會木曜見唷💜","1569744112"
"https://www.facebook.com/yanglynnwu/posts/3198403283510620","1566375682","以前想到公園郊遊踏青走走
都第一個想到大安森林公園
這次想說在地圖上找綠地而發現青年公園
發現規劃的很不錯耶！
公園內還有多樣化的運動場地、生態池、園藝館還有露天音樂台
真的很適合來走走和運動
還是你們也覺得哪個公園或綠地很不錯的～～
可以推薦給我～～
城市規劃有綠地真的很棒也很重要！
希望有更多城市綠地💚💚
Ps.每次穿長裙好常跟我想像的有些不一樣
以為會落地結果到小腿肚Xd
#170這泱穿 
鞋子 https://www.facebook.com/paidaltw/","1569744112"
"https://www.facebook.com/yanglynnwu/posts/3104611852889764","1563444027","去參加MEN’s Biore 炭水合擊:10倍炭X玻尿酸戰繩挑戰賽
真的好好玩😍～
還好最近有在運動
跟你們一起挑戰還好沒有漏氣
甚至有突破200分✌🏻
整場真的很歡樂😝
不過最近天氣都像活動當天高溫又炎熱，出門走個幾步路就濕答答
汗真的用噴的 也更容易出油！
但回到冷氣房臉又會乾乾的不舒服
這時候加強控油和保濕是最重要的！
現在MEN’s Biore新出的 #激淨油保濕洗面乳
💧10倍炭控油x玻尿酸保濕，不油不乾的夢想一次達成!
💧吸油礦泥搭配玻尿酸保濕精華，可以洗淨髒污不帶走水份
💧再加上濃密泡沫，能溫柔帶走髒污，洗後清爽而不乾澀
炭水合擊 讓你洗完後不油不乾，超乎想像的保濕清爽💧💧
還好有去體驗活動，挑戰完戰繩還獲得洗面乳+沐浴精😍（破200分的禮物🎁）
沒現場體驗到的7/31前線上有sample領取的活動，可以領取體驗看看唷💙
https://bit.ly/2XOPIVv
#MENsBiore炭水合擊不油不乾","1569744112"
"https://www.facebook.com/yanglynnwu/posts/2807148812636071","1553166071","超期待北海道外景來了😍
查了天氣平均零下5度到5度 
這麼冷的天氣除了要注意保暖
我也超怕皮膚會適應不了零下的氣溫
尤其肌膚面對不一樣的天氣跟作息時間，
會更脆弱更容易過敏
這時更需要加強保濕鎖水讓肌膚保持健康狀態
上妝也會更服貼和持妝

 這次特別帶了分時保養專家-葵柏兒
💧水潤光保濕日夜精華
市面首創「分時保養」的觀念
讓肌膚在對的時間提供需要的保養成分
能更精準針對肌膚的問題，
達到最有效全面的深度改善
🌞白天使用保濕日精華
質地清爽不黏膩，好吸收
表層鎖水，形成鎖水防護牆，肌膚水分不流失
在北海道這幾天會加幾滴在粉底液裡面讓妝感更服貼好上妝
🌛晚上使用保濕夜精華
質地水潤延展性高
含有高濃度植物萃取所以有一點點沈澱物 滋潤感
深度補水以加強修護肌膚補足流失的水分

 日夜精華 雙管齊下
加強穩定水潤肌膚！
天氣怎麼變化都不怕☺️
現在剛好有優惠活動👉https://reurl.cc/1v09W

 #葵柏兒
#分時保養專家
#水潤光保濕日夜精華","1569744112"
"https://www.facebook.com/yanglynnwu/posts/2605684359449185","1545130840","下週二就是Christmas 🎄🎁🎄 ~
單身過節也不孤單!!
一起來玩Eclipse Merry-kissmas遊戲，
點選隨機配對就有機會在茫茫人海中與另一個他配對~
搞不好會剛好巧遇我唷🤩
到底是誰會跟我配對到呢～😍
除了隨機配對也能選擇與好友配對唷，
完成遊戲還能到活動網站抽獎，抽威秀電影雙人套票🎬💕
(活動詳情提供參考: 於
2018/12/10~2018/12/31期間內參加活動，公開分享至FB個人頁面、並完成聯絡資料填寫，即可抽「威秀電影雙人套票」，共35名。) 

 Eclipse易口舒 推出冬季限定聖誕鐵盒商品、聖誕樹形狀的薄荷錠超可愛的❄️❄️❄️不小心又失手買了收藏🤣

 #親密時刻清新一下
https://www.eclipse-merrykissmas.com.tw/","1569744112"
"https://www.facebook.com/yanglynnwu/posts/2942485942435690","1558157475","每次找Cindy Hsiao打理我的頭髮我都能很放空😆
交給她我很放心～
只要坐在那吃個小點心喝喝飲品
就能美美的出來💓
我頭髮是屬於髮量多又有自然捲
留瀏海又會很在意髮旋不能有洞
其實留長對我來說是比較難打理的
而且一直覺得我留長看起來沒精神
不過經過cindy的魔法手
一切都很滿意😻😻

 #下次要不要剪短呢～～～～～","1569744112"
"https://www.facebook.com/yanglynnwu/posts/2932661076751510","1557892820","天氣變熱穿短袖就代表防曬的季節要來了！
尤其常出外景最怕曬傷🔥
已經開始準備各種防曬和囤貨了！😎
跟你們分享我最近試用後覺得厲害的秘密武器
💙露得清水活保濕防曬乳💙
防曬係數SPF 50
有美國專利Helioplex高效隔光科技不但能有效防曬，長效阻隔UVA / UVB
更添加玻尿酸＋維他命E為同步持續為肌膚做保濕
擦起來完全不黏膩 讓肌膚一直水水的💧
最厲害的是不只能擦身體
即使臉上妝也可以使用！！
無油配方，不僅水感清爽不黏膩
上妝後使用也不泛白
每次上妝後都煩腦不能補防曬
這下找到救星了！😍
如果你們也剛好正在尋找水感輕透質地，好推勻，清爽不黏膩，還能在上妝後使用的防曬
可以試試唷😍
讓你可以盡情享受陽光☀️不再遮遮掩掩🥰
#露得清水活保濕防曬乳 #Neutrogena
#不再遮遮掩掩

 快到屈臣氏搶購 https://reurl.cc/ODgMR","1569744112"
"https://www.facebook.com/yanglynnwu/posts/2800902693260683:0","1552907254","百萬夜景+百萬訂閱=百萬開心
今天才知道原來百萬夜景是因為
這個夜景是一百萬美金的電力供應打造而成的😯
#木曜4超玩
#北海道函館夜景
#百萬夜景

 邰智源 邰邰的第一個家
黃于恩 溫妮
蔡哥","1569744112"
"https://www.facebook.com/yanglynnwu/posts/3267711879913093","1568479468","有因為連假比平常晚睡嗎？
有的+1
#晚安","1569744112"
"https://www.facebook.com/yanglynnwu/posts/3014197311931219:0","1560518899","可是如果我們太在乎的話，我們就會活在他人的言語當中。
而慢慢，慢慢地失去了自己，我覺得人生的第​​​​一課就是學習接受，然後呢，把話說小，把事做好，是我們的進階課程。
再來就是可以自己決定自己的價值，也是每一個人的必修課。

 以上取自志玲姊姊的一番話

 非常有感觸
常常覺得活在別人的話語或聲音中
就漸漸迷失了
也分享給正在找自己的你我他😊","1569744113"
"https://www.facebook.com/yanglynnwu/posts/3190267724324176:0","1566122436","開始健身之後吃的比之前清淡過一陣子後
神奇的事發生了
現在吃油一點的就會拉肚子
試了幾餐都這樣！
體質改變了嗎？！
健身日記沒拍攝之後還是有持續健身唷
因為減肥是一時的 
運動是一輩子的💪🏻","1569744113"
"https://www.facebook.com/yanglynnwu/posts/3286324218051859","1569045209","賺到一個day off 
來好好整理一下房間
但是心情上想偷懶一下
該怎麼辦呢～～～🥺","1569744113"
"https://www.facebook.com/yanglynnwu/posts/3296109213740026","1569340557","泱泱妳是否有事想找我，打電話給我，高雄國華，有給過我的名片裡面有電話，請顯示號碼喔！","1569744113"
"https://www.facebook.com/yanglynnwu/posts/2709429329074687:0","1549280413","除夕飯總是吃特別早
每年的除夕習慣是吃火鍋圍爐
煎年糕來吃
不一樣的是以前都奶奶一手包辦
現在可以幫忙煎年糕
雖然第一盤微焦XD
不過經過奶奶指導後可以出師了啦
大家都吃飽了嗎～
祝福大家新年快樂🐷事大吉
當個快樂小🐷
除夕快樂
待會要發紅包惹🧧
#小時候最愛拿紅包
#希望你們紅包拿多多","1569744113"
"https://www.facebook.com/yanglynnwu/posts/3058838980800385","1561982446","什麼？！在這個炎炎夏日竟然還能變白？！
我不相信！！
但看朋友曬黑後使用真的有白回來就超有說服力！
朋友激推的 #妮維雅美白潤膚乳液
有台灣最有感的美白乳液之稱，更拿下連續7年銷售第一

 夏季不管是平日或是假日外出，都容易遇到肌膚色差或乾燥的問題。
尤其出外景長時間曝曬，更容易膚色不均，肌膚極度乾燥！
這幾次出外景後都有回家乖乖做曬後保養，
嘗試5天連續使用，真的能有效改善色差 #圖3
因為添加了維他命C含量比檸檬高50倍的卡姆果，
難怪美白力特別有感

 而且專為亞洲肌膚設計，質地輕透，
擦起來不黏膩、吸收快，
更有花香混合水蜜桃的清新自然的柔和香味
用起來既保濕還能美白又香香

 如果你也想試試
可以到各大通路找找外
在此篇tag一位朋友並留言「美白神隊友就找妮維雅」
就有機會獲得一罐唷
共抽出三位💓 (到2019.7.9截止)

 #最有感的美白乳液
#美白神隊友就找妮維雅
#妮維雅美白潤膚乳液
#妮維雅

 NIVEA","1569744113"
"https://www.facebook.com/yanglynnwu/posts/2811504092200543","1553344677","嗯嗯
阿良說ㄆㄧㄚˇ眼的這張最好看
我該相信他嗎😂
北海道六天夢幻之旅結束了
這次很難得幕前幕後一起出遊
出國拍攝對團隊來說其實更辛苦
每天結束都知道邰哥百祥阿良阿堯他們還在開會持續討論隔天的行程
甚至因為天氣因素和各種突發狀況需要做更改
睡的很少但大家都很開心
這次最主要希望剪輯團隊們有玩的開心放鬆到
胖達 佳君 比列 Demi UJ 慈慈
因為回去後他們要開始進入無限剪輯輪迴了
這趟真的很幸福
謝謝木曜帶我來北海道
#在木曜對我來說就是場奇幻旅程","1569744113"
"https://www.facebook.com/yanglynnwu/posts/2630266796990941","1546010063","今天到達哥的節目玩😍
錄的小短劇快笑瘋🤣
而且達哥的節目有點幸福都是跟一群美女錄影
除此之外便當真的好好吃！ 
好吃到我最後竟然還心心念念到忘記拆麥
差點把mic帶回家😵😵
太糗了
#game什麼東西","1569744113"
"https://www.facebook.com/yanglynnwu/posts/3079947148689568","1562590503","牆面上說 don’t worry be sexy
立刻想到
sexy and I know it!😂
有人心中也有這首歌的旋律嗎🎶🎶

 #以前唸書都用歌詞學英文
#空中英語教室都超多歌的英文教學","1569744114"
"https://www.facebook.com/yanglynnwu/posts/2724122177605402","1549882831","想拍種菜女神系列
可是怎麼看起來比較像偷菜女賊🧐
所謂的菜蟲原來長這樣？！
河河河河河
可是偷菜賊好像不認識菜🤣

 #養眼照
#綠色養眼","1569744114"
"https://www.facebook.com/yanglynnwu/posts/3104640012886948","1563378788","✌🏻流汗是值得的
努力是會有成果的！
量了inbody
體脂從一開始24.2現在降了4%
希望自己至少能到19%
這樣應該就能看到川字線了吧😝
想要健康的身體沒有捷徑
飲食70%運動30%
飲食自己真的有減量
盡量以少糖少鹽少油
但我偶爾還是有讓自己稍微放縱一下
吃個好料
隔天就會更努力
是個好循環
感謝木曜邰哥百祥給我這個健身企劃😍
還有三百壯士健身中心的大力幫忙
大家晚安～～
明天木曜見唷💕","1569744114"
"https://www.facebook.com/yanglynnwu/posts/2994996673851283","1559901650","#端午快樂
#文末贈獎

 我對茶類真的是情有獨鍾 （應該是對食物都很有愛😂
每一種茶都有他的個性和味道
品嚐到新的茶就有認識新世界的感動
是不是很浮誇XD 這可能就是一種愛的展現💓
所以每次看到有什麼新商品總是躍躍欲試😍😍
這次新出的立頓茶佐茶無糖紅茶☕️
完美融合台灣蜜香紅茶的清香與斯里蘭卡紅茶的濃郁
100%無香料無糖紅茶
喝起來真的甘醇不苦澀
想喝喝看的朋友可以直接到茶佐茶快閃店試試
現場佈置的超適合拍照
除了打卡可直接兌換新品外
現場還能來個下午茶唷
茶佐茶快閃店甜點是和『稻町森』聯名
特別開發以茶入味的獨家甜點
到主題座位區享用
搭配茶佐茶無糖紅茶真的是完美💕
不過是每日限量要直接到現場詢問唷

 另外如果願意和陌生人併桌挑戰小遊戲
成功的話還可以獲得少女心大噴發的可愛紅蘋果甜點唷

 現在只要在此篇tag一位朋友並留言「我也想喝立頓茶佐茶無糖紅茶」
就有機會抽到茶佐茶無糖紅茶4入唷
共抽出三組唷🥰

 立頓茶佐茶快閃店
地址 : 台北市信義區松高路16號（微風松高-松高路廣場）
開放時間 : 即日起至6/30止
週二至週五下午4-8點
週六週日下午2-9點

 #立頓茶佐茶快閃店 #天生佐配","1569744114"
"https://www.facebook.com/yanglynnwu/posts/3073832939300989:0","1562392301","嘿嘿
你們知道風獅爺的嘴巴朝那個方向嗎？
在金門有七八成的風獅爺嘴巴朝向東北方
因為要把冷冽的東北季風吃掉
才不是喝什麼西北風呢 （喝西北風的是我吧😂
另外會發現風獅爺的貢品很多是糖果
甚至還有早餐？！
是因為風獅爺威儀較低小朋友喜歡找他聊天
自然而然也會把自己的喜歡糖果食物分享給他
如果你覺得風獅爺的披風很帥！
想帶走 可以
但你要躑杯問風獅爺
要有禮貌嘛～ 人家答應了才能帶走
不過會想拿的通常是做父母的
把披風縫在被褥裡保庇小孩平安長大

 是不是覺得這些小故事很有趣呢
所以想說分享給你們🥰","1569744114"
"https://www.facebook.com/yanglynnwu/posts/2800861853264767","1552993212","河河河河河～
適合野餐的季節春天來了～
這次看到立頓和LINEFRIENDS合作
推出立頓熊大兔兔超萌限量包裝
立刻決定和熊大兔兔一起開場午茶派對
直接來半打熱鬧一波啦～
但是對不起😣
熊大和兔兔只能看我吃😋
準備的茶點不好意思要被我嗑光惹😛😛
包裝超多款式都超可愛
快手刀去便利超商搶購唷💕

 #濃郁茶香與醇厚奶香交織出濃而不膩的好滋味
#立頓XLINEFRIENDS
#這次要送出超可愛LINEFRIENDS盤子
#抽獎辦法請見留言區","1569744114"
"https://www.facebook.com/yanglynnwu/posts/3130676833616599","1564206540","嘿嘿～
又來five鬪龍虎門玩😍
背板是怎麼一回事呢😳
看了節目就知道啦😆
https://www.facebook.com/239469473618909/posts/348237736075415?s=100000300043956&v=e&sfns=mo

 今天晚上8點播出
📺中華電信#MODch210⠀⠀⠀⠀⠀⠀
📺有線電視 #ch168","1569744114"
"https://www.facebook.com/yanglynnwu/posts/2679818712035749","1548241221","在過年前終於有機會跟大家見面拜年啦😍
2019/1/26 (六) 15:30~16:30
在世貿1館 天堂M展區主舞台
會在現場跟玩家挑戰中及血盟副本亞克魔
希望你們能在現場為我加油一起奮戰💪🏻
這次還有平民百姓、丁特、NL、貝莉莓、小許一起參與活動唷💓

 快到天堂M粉專報名，就有機會和我一起組隊唷!報名資訊👇🏻👇🏻 
https://www.facebook.com/…/a.10850812716…/1627188647396340/…
聽說報名成功送電玩展門票！😍

 活動網址: http://bit.ly/2CnQuA8

 #天堂Mx2019台北國際電玩展
#血盟副本名人生存戰
#天堂M","1569744114"
"https://www.facebook.com/yanglynnwu/posts/2897184423632509","1556596817","最近忙著狂打傳說對決😍
因為5月5號要參加
傳說對決 五五好團節的活動啦💓
這次特別邀請到HOWHOW、小葵、六嘆、本本和我
跟人氣戰隊 TXO 進行一場娛樂賽
真的很緊張😖😖
需要你們的熱情應援💪🏻💪🏻

 活動地點：華山文創園區西四館
下午三點半開放免費入場，入場名額有限
線上也有同步轉播唷🥰

 傳說對決 五五好團節
團戰有你在，勝負都精采!
我們五月五號不見不散唷💕

 這裡是活動網站，裡面有比較多詳細的資訊~
bit.ly/55all-star","1569744114"
"https://www.facebook.com/yanglynnwu/posts/3128735857144030","1564144329","河河河河河
論角度的重要性
我的美由我定義
長越大越發現美的定義
不只局限於外在 
一個人的內涵、專業和底蘊更能散發出長久的魅力美
之前特別請阿公推薦我看一本書
你們猜猜是什麼書？
#這本書邰哥去各大學校演講應該有推薦過
.
.
.
.
.
.
.
.
.
#書名叫論語別裁","1569744115"
"https://www.facebook.com/yanglynnwu/posts/2607361349281486:0","1545021259","午安～
以後請家人吃飯千萬不能讓他們知道價錢🤭🤭
雖然為家人花錢不心疼
但家人會心疼我們的錢
大家是不是都有類似的經驗😯

 #午餐為大家送上香港海景第一排","1569744115"
"https://www.facebook.com/yanglynnwu/posts/2997782636906020","1559991768","端午快樂🥰
這個端午連假
你們都有吃到粽子了嗎～～

 #粽子大師
#星期四盲測粽子好好玩又好好吃","1569744115"
"https://www.facebook.com/yanglynnwu/posts/2864671626883789:0","1555391269","水行俠 我們會等你回來！
還記得第一次看到kid哥
會以為大明星很有距離感
但kid哥真的就像一個大哥
照顧著每一個人
很細膩的總是會注意到他人的小情緒
適時的關懷
真的很溫暖！
Kid哥軍旅一切順利！
期待姨媽一年後回歸木曜！

 #水行俠走上陸地啦
#林柏昇 KID","1569744115"
"https://www.facebook.com/yanglynnwu/posts/2992453337438950","1559819569","🖤🖤🖤
我覺得我當男的應該是沒問題惹XD
謝謝 @boylondontaiwan 
讓我帥出新高度😎😎😎😎

 待會木曜見唷😍","1569744115"
"https://www.facebook.com/yanglynnwu/posts/2889024774448474","1556276432","暖暖與我的合體愛心❤️
你想選哪個XD～？
每次看到暖暖的造型都好想問她的妝髮造型師是誰～
造型千變萬化又都很美！
有時候想不到造型還會參考暖暖的XD 
心情鬱悶時幫暖暖換裝打扮一下心情就會變好～
莫名療癒！
你們也可以試試唷🥰

 下載連結：https://go.onelink.me/GTYr/907bb96f

 #閃耀暖暖
#為閃耀的自我而生
#雙平台閃耀上線","1569744115"
"https://www.facebook.com/yanglynnwu/posts/2656950017655952","1547463610","想不到每次去日本被親友求代購的平價保養聖品「日本7-ELEVEN限定雪肌粋系列」
現在台北市的7-ELEVEN也可以買得到了😍
雪肌粋不僅是日本人愛用，更是去日本必買的最佳伴手禮
之前就在好奇到底為什麼大家都要搶購 🧐
原來雪肌粋是Kose集團代表系列「雪肌精」的妹妹品牌
與雪肌精一樣添加有薏仁淬取液等和漢植物精華，讓肌膚呈現出質感透白及提升保濕力
卻有著無負擔又親民的價格，難怪之前去日本買還常常缺貨
現在最火紅的四項代表商品在台北市的7-ELEVEN就能買到囉 
⭐️日本雪肌粋淨白洗面乳
用量一點點就能起泡，泡沫綿密細緻，能將暗沉或帶有黑色素的老舊角質，徹底洗淨毛孔髒汙，洗淨後皮膚不緊繃
⭐️日本雪肌粋卸粧凝露
添加精華油能確實融合彩粧，溫和卸妝不會過度摩擦肌膚而造成肌膚負擔
⭐️日本雪肌粋化粧水
添加五種潤澤精華，使用起來清爽不黏膩
⭐️日本雪肌粋美肌凝凍
具有化粧水,乳液,美容液,晚霜,面膜等五種效果，一罐完成所有保養步驟，適合忙碌的朋友們
喜歡雪肌粋的朋友可以趕快到小7看看唷💓
我自己超怕會缺貨的😵

 #雪肌粋 #日本超商保養聖品
首批限量在台北市的7-ELEVEN上市，販售門市可查詢 
http://emap.pcsc.com.tw/emap.aspx
ibon mart線上同步販售中，在網路上也買的到呦!!","1569744115"
"https://www.facebook.com/yanglynnwu/posts/2745994802084806","1550833235","有沒有人跟我一樣
不論是出門工作旅遊總是要帶很多東西
除了必備的化妝用品、錢包、筆記本和筆外
還要帶水壺、牙刷用具以及補充能量的零食XD
光聽就覺得很重了吧😫
要帶的東西太多
有 Kipling 抽繩束口後背包
就能把想裝的通通裝進去了😍
這款拼接配色年輕又中性，
又帶有一點懷舊復古感
是非常好搭配的街頭單品
本身非常輕巧、防撥水設計讓包包更耐用
功能性也很好
前後側都有拉鍊袋，可以收納隨身小物
ex:鑰匙、口罩、眼藥水等等
出門必備款 👉http://bit.ly/2Go49eC
價格只要3180😍

 今年過年回台南發現有超多新景點
可惜因為時間有限
只能去一兩個點
這次去藍曬圖
真的覺得規劃的很好
好逛又好拍
希望很快又能去台南玩😍😍

 
#kiplingTaiwan
#kiplingLiveLight
#kiplingFUNDAMENTAL
#就是要輕潮流","1569744115"
"https://www.facebook.com/yanglynnwu/posts/2858022510882034","1555133691","泱：欸欸 可以分食嗎
🐈：你覺得呢～😾😾","1569744116"
"https://www.facebook.com/yanglynnwu/posts/2979052378779046","1559448042","文末贈獎🎁
大多數人追求自然健康的生活型態🌲
吃的滿足開心很重要，但也要傾聽身體的聲音👂🏻
健康均衡的飲食讓身體減少負擔更有活力💪🏻
現在也慢慢朝這個方向（最近努力減少炸物攝取中🤐）
而肌膚也像我們一樣需要一套均衡、健康的飲食來維持光采活力的肌膚唷

 這次法國保養品牌 CLARINS 6月推出全新「My Clarins 」
專為年輕肌膚設計的專屬美肌配方，
強調好養分IN壞東西OUT的概念，
主打以天然植物力量有效滋養肌膚，
同時排走毒素，為肌膚注入天然養分。

 全系列以有機椰子水（加強營養素的輸入）
和阿爾卑斯山玫瑰萃取（排出污染物）為配方基底，
加上水果萃取物、花卉水和植物萃取物，
為肌膚肌膚注入天然營養，排除累積的毒素、汙染物等壞東西，
真的是最棒的肌膚天然食譜💓

 接下來介紹這套健康菜單該如何食用🍽

 前菜
🧡還妳漂亮保濕噴霧🧡
隨時隨地都可以來一下「前菜」
鎮靜、喚醒 肌膚，為肌膚作好準備，可以充分吸收日/夜護膚品。
玫瑰清雅香氣 噴霧細緻，可以瞬間保水
上妝前後都能使用唷

 主菜
白天🧡全日水嫩元氣霜🧡
粉紅色凝露配方，蘊含清爽的有機枸杞子、無花果、針葉櫻桃籽、有機杏仁油和羅望子果酸
清爽的水凝膠，質地輕薄
散發著淡雅花香和水果香氣💓
擦上後水化非常好吸收 完全不黏膩

 晚上🧡一夜充電水凝霜🧡
融合具有放鬆功效的草藥成分，在睡眠時為肌膚注滿水份並排出毒素，
隔天起床後肌膚柔嫩光滑，充電後的肌膚更透亮！
屬於冰涼水感的質地，
味道花果香帶一點草本清香 舒緩的味道
可當成一般晚霜每晚使用，
或當安眠面膜每1或2週使用一次
可以說是肌膚的排毒草本茶啊啊🌿🌿

 甜點🍮 （可以依照個人喜好來使用）

 🧡毛孔隱形橡皮擦🧡
可抑制油光，遮住毛孔
夏日容易出油
我會先用它打掉抑制油光
上妝前後皆可使用唷

 🧡痘痘掰掰調理精華🧡
乳白色水感精華液
擦上後迅速水化吸收
長痘痘後擦可加速青春痘代謝
有效淡化瑕疵痘疤

 這套食譜非常清爽好吸收適合夏日使用 
也想試試這套菜單的你們可以參考
👉http://bit.ly/2Wr5Xvk

 Ps.偷偷說我覺得價格很漂亮很適合小資族

 🛍️特別的線上購物優惠 
1. 購買此系列免運 (7/31前)
2. 購買任兩件還有Miss Perfect旅行包 (6/15前) 
3. 專屬優惠:購買my clarins系列輸入代碼WANTIT 贈蘋果光氣墊嘟唇蜜 #玫瑰粉Mini 

 謝謝你們看我熱情分享
最後要來送一組主菜（日霜+晚霜）給你們
只要在此篇留言
「我的肌膚也想吃MY CLARINS系列最棒的天然食譜」
就有機會抽到唷

 #我的克蘭詩 #我的美肌配方 #myclarins","1569744116"
"https://www.facebook.com/yanglynnwu/posts/2915738505110434","1557231746","戴眼鏡是不是看起來比較聰明
請叫我吳聰明？！
怎麼聽起來不是很聰明🤣🤣🤣🤣
#溫泱vlog
#嘉義第六彈","1569744116"
"https://www.facebook.com/yanglynnwu/posts/2912337422117209","1557107272","來玩傳說對決
認識新朋友🥰
還賺到苦茶喝到飽🤣😂😂😂😂
現場超多人
謝謝你們到現場應援
看看你有沒有剛好在照片裡🥰

 #Garena 傳說對決
#TXO
#五五好團節
#How Fun 如何爽
#6tan
#小葵 XiaoKui
#江佑真-本本（Alva）","1569744116"
"https://www.facebook.com/yanglynnwu/posts/2847335485284070","1554724492","我是世界上速度最快的女人⚡️⚡️⚡️
追不上是正常的😎
河河河河河🤣🤣🤣
#速度很快但是怕熱
#裡面一身汗
#閃電俠","1569744116"
"https://www.facebook.com/yanglynnwu/posts/3252171094800505","1568017800","每一個人都有夢想不論大或小
都有為了它努力的動力
還記得學生時期的目標就是想要自己打工存錢完成第一次出國看看的小小心願
第一步就是努力工作存錢
上學外的時間就是去打工 
為了加速還兼職了兩份工作
等存到錢之後
第二步就是決定目的地找機票
當時真的是瘋狂找cp值高的
而現在！我發現 !
Airasia每週都有推出機票優惠，可飛去不同好玩的航點，省更多、玩越多~
啊啊啊～～～快來打醒我~玩遍世界真的不是在作夢阿~http://b.link/kol_lynn
想出國可以趁現在看機票啊😍 
好想揪姊妹一起出國啊啊啊～～～
黃于恩 溫妮

 #AirAsia #這不是夢
#敢夢敢飛闖世界 #飛台十週年","1569744116"
"https://www.facebook.com/yanglynnwu/posts/2589722224378732","1544353211","跟我一樣每天必喝咖啡的舉手✋🏻✋🏻
最近發現小7的CITY CAFE咖啡杯換裝了🎄🎄💓
7-ELEVEN 推出米蘭氛圍的「愛‧Sharing X CITY CAFE咖啡杯」
超美的😍～ 一共有五個款式，杯身有米蘭的各個知名地標，拿著咖啡就能感受到義大利米蘭的聖誕時尚氛圍
不僅如此，連台北小七店家都搖身一變為米蘭五大知名地標：
米蘭大教堂、米蘭運河、聖老楞佐聖殿、斯福爾札城堡、斯卡拉大劇院
看的出來我是跟哪兩個知名地標合影嗎？
除了這些，還有很多可愛的聖誕氛圍造景，超適合打卡拍照📷
另外11/16~12/25期間，高雄夢時代與統一時代百貨台北店都會有各式米蘭主題裝置唷🇮🇹
偷偷跟大家說我去的是下面兩家門市（地址也一起奉上就不會找不到囉）
國館門市：台北市大安區光復南路240巷25號
頂東門市：大安區大安路一段43號

 #isharing #Milano #711 #米蘭主題店 #聖誕節","1569744116"
"https://www.facebook.com/yanglynnwu/posts/2702966973054256:0","1549018693","上船嗎各位🚢
去了日本海洋迪士尼那麼多次
直到上次跟Natsuki'希希去才發現
這個船真的能上！
一直以為只是造景XD
船上超美可以看海景還能在船艙用餐🍴
下次想在裡面吃吃看！
有人有吃過的嗎？

 #這是翻舊照
#不小心想到一日松山來回
#看一看想再看一次溫泱迪士尼vlog","1569744116"
"https://www.facebook.com/yanglynnwu/posts/2581133815237573","1543921200","木曜全新單元！野人vlog!
來看看kid哥帶我體驗野人生活
路邊的野花不要採
但你知道路邊的野菜有超多可以採來吃嗎😋
12/7 13:30我會出席記者會唷💓
邀請大家一起來體驗野人生活🌲
地點：華山文創園區 紅磚區 西7-4
山產店","1569744116"
"https://www.facebook.com/yanglynnwu/posts/2755658314451788:0","1551017732","看得到吃不了的章魚燒🐙
以前第一次到大阪的時候
就許願一定要吃真正道地的章魚燒
第一次吃嚇到也太軟！
完全跟台灣做的章魚燒口感不一樣！
台灣是外皮酥脆的
大阪的外皮偏軟
嫩嫩滑滑的口感
很適合吃軟不吃硬的同學們！🥰
章魚燒你是日本派還是台灣派～
#章魚燒","1569744116"
"https://www.facebook.com/yanglynnwu/posts/2561526190531669:0","1543058902","昨天去台東體驗很酷的採野菜.朔溪
結果今天就帶著鼻水投票去惹
#該吃麻辣鍋去寒
#最近每天都有不同的行程工作
#很忙碌很充實
#感謝這些機會","1569744117"
"https://www.facebook.com/yanglynnwu/posts/2806687542682198","1553145465","羊肉湯咖喱好好吃唷～

 #聽說北海道羊肉料理很強
#suage
#等待的自拍","1569744117"
"https://www.facebook.com/yanglynnwu/posts/2787176867966599","1552315685","工作完跟Natsuki'希希約一波
前幾天就聽她狂推這家湯
害我一直想吃吃看

 因為今天分開點餐
一開始送來三份小菜
1號店員就一臉疑惑的確認：請問沒送錯嗎？有三個小菜唷
我：對我們點三份
過一會我的第一份主餐牛肉燉湯+佛卡夏來了
第二份2號店員自然往希希那放
希希眉頭一皺驚覺不對勁
因為她不吃蔥 但那份上面有滿滿的蔥XD
一問發現是我的玉米豬肉
我立刻跟店員說 阿 這我的
2號店員：？？？
希希：呃呃 不好意思她吃兩份
我看了一眼隔壁的外國男士桌上
嗯
他點一份小碗套餐....

 希望那個外國人不要覺得他旁邊的人很奇怪XD","1569744117"
"https://www.facebook.com/yanglynnwu/posts/2875192319165053","1555765636","賞個臉嘛～ 不要不理我

 嗯嗯嗯 好像有吃的

 呃呃 原來是空歡喜一場

 #少女柴果然不愛美女
#佩帕需要帥哥","1569744117"
"https://www.facebook.com/yanglynnwu/posts/2774151822602437","1551758462","跟大家分享這次大阪行✈️
其實是收到邀請來看「KEREN」秀💃🏻
一開始超緊張怕看不懂的！
萬一全程日文我又無法call out百祥怎麼辦
但還好KEREN是無語言的表演秀
沒有語言的隔閡
更能讓外國朋友直接輕鬆了解和感受日本文化魅力
「KEREN」是以日本獨有的藝能、動漫、忍者、武士、富山、妖怪、日本的四季、巨大金槍魚等NIPPON的世界觀為主題的秀
從開始到結束的每一幕都讓我充滿驚喜，突破傳統框架的表演形式，音樂、音效跟演員的舞蹈動作與舞台做全新的結合
表演內容有很多意想不到的編排，和有趣的設計真的會很驚奇又驚喜！
很值得一看😍

 如果下次有規劃到大阪的朋友
可以安排一天到大阪城公園⛲️
早上能逛逛公園
下午看KEREN秀
晚上逛SAKUYA LUMINA大阪城光雕秀
不論是跟家人朋友情人都很值得去的行程唷💓

 這次藝文之旅特別感謝🙏🏼
@keren_show
🚄火車JR
https://www.westjr.co.jp/global/kr/ticket/pass/
到關西空港後乘坐JR haruka號到天王寺站超迅速到市區
（如果會到奈良京都等地方玩的建議可以買JR west pass多日券車費可以省蠻多的）
🍋保養品 Melano CC 
看秀連保養品都準備好超幸福，這家的美白精華液是日本銷量No.1 超適合塗抹在痘疤，淡斑美白平價首選💓💓台灣也有賣 叫樂敦CC唷
https://jp.rohto.com/learn-more/cn-products/melanocc/

 KEREN目前到2019/8/25都有演出
可以線上預約和現場購票
另外出示JR west pass就有優惠價唷

 更多KEREN資訊可以參考
官網 https://keren.jp/en/
IG-https://www.instagram.com/KEREN_show/
Twitter-https://twitter.com/KEREN_show
關西旅遊資訊 https://icoico.jp/zh-CHT/

 #KEREN #justamazing 
#newtheatre #neverseenbefore
#impressive #worldpremiere
#danceshow #osakajapan","1569744117"
"https://www.facebook.com/yanglynnwu/posts/2761465360537750","1551351658","想當一日櫻花妹不用特別出國
到Mitsui Outlet Park 林口就能圓夢💓🌸💓
這次三井林口oulet特別設置春櫻輪舞曲櫻花造景，
現場非常夢幻超適合打卡拍照外
這次在3/29-4/25還有和服體驗活動
可以直接化身櫻花妹賞櫻花🌸
除此之外2/27-3/10還有限定麵包季
一次可以買到全台各地方的美味麵包🍞
太適合我這吃貨了 河河河河河😍
買了麵包和美食直接就地野餐
就可以享受如同在日本盛行櫻花樹下賞櫻野餐的感覺
既愜意唯美又浪漫💕
當然
除了變身為美美的櫻花妹外
也能享受逛街樂趣
一次能逛到200多個品牌
廣場附近手扶梯旁上2樓距離最近的大品牌就有ESPRIT和adidas
一次滿足逛街和賞櫻和品嚐美食的最佳地點就是這了！
大家可以趁連假或假日跟家人朋友一起來逛逛唷🌸🥰🌸

 #MitsuiOutletPark林口 
#DONQ東客麵包 #nana’s green tea #OrangeCounty #Kua `Aina #炸鷄大獅
#櫻花季 #和服穿搭 #三井outlet
#三井林口outlet #春天就是要粉粉的
#春天野餐季 #一日櫻花妹","1569744117"
"https://www.facebook.com/yanglynnwu/posts/3260410353976579:0","1568270310","午安 等一個人咖啡☕️
你在路上了嗎😆😆
這次韓國行走一走就想找地方坐下
意外在弘大發現的拍照景點
階梯上塗鴉繪畫改變市容也能休憩
對我來說真的是旅人的救贖啊啊啊啊

 #晚上木曜見","1569744117"
"https://www.facebook.com/yanglynnwu/posts/2796846706999615","1552816802","想要有百變的樣子
除了嘗試各式各樣的服裝妝容
連眼神也是很重要的一環
不同色系的隱形眼鏡也會帶來不一樣的感覺
Freshlook新推出的秘境系列是由韓國精靈系女神-李聖經代言的💓
這系列有三個顏色：
秘境琥珀（自然透亮的褐色）
秘境冰灰（神秘空靈的藍灰色）
秘境湛藍（深邃混血感星空藍色）
這次是在寶島眼鏡挖寶，發現了這款隱形眼鏡
可以呈現不同的感覺
戴起來放大效果自然，不會過大讓眼神空洞
顯色度不錯但不會戴起來很假，呈現的眼神自然漂亮，
有些藍色會太亮藍色，看起來不自然 
此系列的冰灰色和湛藍色我也蠻推薦的，看上去帶點混血感
另外提醒大家眼睛是靈魂之窗，愛美的同時也要好好保護眼睛，
想要試試不同色系隱眼的可以參考看看唷💓

 #Freshlook #秘境系列 #聖經款隱眼 #美瞳 #彩拋 #彩片 #放大片 #變色片 #睛豔彩色日拋隱形眼鏡

 https://www.alconvc.com.tw/prod…/Freshlook/freshlook-mystic/

 配戴一般隱形眼鏡須經眼科醫師或合格驗光人員驗光配鏡，並定期接受眼科醫師追蹤檢查。
本器材不得逾中文仿單建議之最長配戴時數、不得重複配戴，於就寢前務必取下，以免感染或潰瘍。
如有不適，應立即就醫。
衛署醫器輸字第014163號
北市衛器廣字第107120259號","1569744117"
"https://www.facebook.com/yanglynnwu/posts/2636676706349950","1546274340","2019新年快樂！！
今年也請大家多多照顧🙏🏼🙏🏼
#101裡面看煙火真的超美
#煙火中的煙火
黃于恩 溫妮
@ Taipei 101 / World Trade Center Station","1569744117"
"https://www.facebook.com/yanglynnwu/posts/3278170445533903","1568809846","熱騰騰的影片出爐！
這次藉由國際半導體展發現原來半導體跟我們這麼近！
跟我們的生活息息相關～
從網路到電腦到代步的電動車都跟半導體有關
隨著科技進步，讓半導體進化再蛻變，讓我們以為是不可能的科幻電影，漸漸成為我們生活中的真實！
這次的半導體展很不一樣
特別打造半導體工廠讓大家一窺製作過程的面貌
還能親自觸摸到展示的12吋的晶圓板
真的是機會難得！！

 匯集各界專家舉辦超過20場論壇
為了社會新鮮人和學生開設人才培育特展
提供履歷健檢，分享面試小技巧外也能更進一步認識半導體產業唷

 SEMICON TAIWAN
展覽時間:2019/9/18-20
展覽地點:南港展覽館

 大家可以趁展覽期間去看看唷
為這些很棒又優秀的科技產業給予支持和鼓勵👍🏻👍🏻💪🏻","1569744117"
"https://www.facebook.com/yanglynnwu/posts/2734205536597066:0","1550233361","想採玉米🌽
但玉米呢～
好像還沒長好😫
#外婆的農地好好玩
#養個眼吧
#多看看自然綠","1569744117"
"https://www.facebook.com/yanglynnwu/posts/2581455581872063","1544526030","大家都去過台中花博了嗎？
上次去過之後真的有被驚艷到！
平日去逛台中花博后里森林園區，
全區少數要排隊的館就是超熱門景點友達微美館
「友達微美館」結合科技與自然之美，以日式簡約風和環保建材打造，和園區整體結合，象徵與自然兼容並蓄的精神。展出內容透過將大自然的生命力影像化，感受生活中不易被察覺的「微美」花粉和種子，了解微小花粉對大自然的重要性，進而更關心我們身處的自然環境
館內分為四大展區
🌟奇幻庭園
陳列手工精製的大型花粉陶瓷雕塑，並設計AR擴增實境應用軟體，在排隊入場的時候，可以掃描QR
code下載app，打開app照花粉雕塑旁的立牌就能有不同的花卉濾鏡拍照📷
🌟生命之門
以顯示器打造多層次拱門拼接牆，非常壯麗，我個人很喜歡楓葉景和瀑布，有身歷其境的感受💓💓
🌟微觀視界
可以說是台版Teamlab
透過全台最大556吋顯示器拼接牆，展現花卉與花粉舞動的獨特動態影像，感覺像是到另一個世界！
🌟種子光廊
以立體裝置呈現種子的四種傳播方式，分別有風力、水力、動物力、自力，現場更有近70種台灣常見的種子標本展示，發現超多是來自能吃的果實🤣🤣
大家來逛台中花博，千萬別錯過友達微美館唷，而且台中雖然入冬都還是蠻熱的，館內還有空調可以散個熱🤣

 #台中花博
#友達微美館","1569744118"
"https://www.facebook.com/yanglynnwu/posts/2886613218022963","1556166692","趕在上映第一日看了復仇者最終回！！
嚴重建議大家
一定要上廁所再進去看
要不然會膀胱爆炸💥
其他就不爆雷🤭🤭🤭
大家進電影院就知道

 小插曲
昨天很興奮的跟解婕翎說
「我們都一樣穿黑色外套耶 裡面也都是白色的」
女神傻眼
「你眼睛怎麼了？ 我裡面是灰色的...」
泱「河河河河河 傻眼我也不知道我怎麼看的 可能電影院太暗XD」","1569744118"
"https://www.facebook.com/yanglynnwu/posts/2600363156647972","1544785251","希望在冷冷的冬天跟他相遇
遇見愛情:http://bit.ly/2rsLLYF 

 #這張合照無違和感XD
#戀愛選擇題
#左左還是右右
#穿西裝能增加一些女粉嗎XD","1569744118"
"https://www.facebook.com/yanglynnwu/posts/2790472867636999","1552471229","什麼？！
明天就是白色情人節了
害怕一個人被閃到嗎？
不怕不怕
讓我們互相作伴☺
我將在明天的直播來實習女友必備技能 挑戰直播做菜和線上遊戲！
歡迎你們在 Taiwan Excellence 台灣精品 直播線上收看 
一起陪我浪漫過節唷😻

 #台灣精品 #台灣精品館
#白色情人節 #泱泱女友挑戰日記
#大同 #ASUS華碩","1569744118"
"https://www.facebook.com/yanglynnwu/posts/2673780462639574:0","1547814352","再忙也要和你喝杯水🤣
諾羅病毒腸胃炎
我只能吃白粥和寶礦力加水惹
今晚的尾牙大家開心吃
我開心陪吃
沒什麼 只是有點餓而已XD
#大家要保重身體唷
#記得飯前洗手
#廁後也要洗手
#祝福大家尾牙吃飽飽也抽的好好","1569744118"
"https://www.facebook.com/yanglynnwu/posts/2540829605934661","1542104446","天啊天啊天啊
沒想到真的要迎接木曜4超玩的一百萬訂閱惹！
還沒有訂閱的手指快訂閱下去！
讓我們一起完成這項突破！
讓百祥脫口罩啦！

 https://www.youtube.com/channel/UCLW_SzI9txZvtOFTPDswxqg","1569744118"
"https://www.facebook.com/yanglynnwu/posts/2753448781339408","1550934149","河河河河河
樂事新口味好好吃！！
每次跟解婕翎女神總是離不開吃
果然是新莊吃貨幫
差點打成闖禍幫XD

 高畫質hd：https://youtu.be/18BzeoCD4eU

 #樂事大波浪
#喀脆20下超紓壓
#最愛起士培根🥓","1569744118"
"https://www.facebook.com/yanglynnwu/posts/2548996068451348","1542471775","今天見識到會玩遊戲的男生有多帥！
然後練角色不能選拉克絲
練了之後結果被ban
只好硬著頭皮玩沒練過娜米
娜米對不起我把妳玩爛惹😭
大家有沒有推薦好上手又不易被ban的角色？
我要改練別的！
但今天真的的很好玩！
謝謝英雄聯盟的邀請讓我體驗一日偽電競選手
還有神隊友們的支援
GodJJ帥到分手 啊是帥到失守 遊戲巨人！
Andy老師的單人一波秀
洋蔥和6tan的雙手聯彈超快速勝利（歸功於蔡哥鐵牛 Ironbull的蓋倫旋轉跳躍沒成功XD)

 期待下次再戰💪🏻","1569744118"
"https://www.facebook.com/yanglynnwu/posts/2581432885207666","1544070629","12月聖誕月到處都好拍的打卡景點🎄
之前就超想朝聖snoopy的聖誕造景❄️
趁著拿到最新的HTC U12 life趕緊來實拍實測💖
手機外觀搭配金屬機身設計，擁有雙色高質感，如同時尚單品的設計更有質感
擁有18:9 full HD 全螢幕，搭載3600mAh的大容量電池 超長耐力高效能，大螢幕舒適看一日系列連看10集也不怕沒電🔋
拍照更是搭載高畫素雙鏡頭📷
4K錄影畫質
即時景深模式，拍攝人像景深，還能直接在照片進行編修
前置鏡頭1,300萬像素，搭配補光燈與自然的美肌模式，低光源下也能拍出美美的自拍照
附上我實拍的照片給大家參考📷
特地還拍了白天跟夜晚聖誕造景呢🎄❄️🎄
（其實太可愛太好拍拍到不想離開🤣）
以中階手機來說性能和CP值都挺高的唷
有興趣的朋友可以去試用看看唷💓
＃HTC U12 life 
更多資訊和優惠 https://bit.ly/2Rqr0YU","1569744118"
"https://www.facebook.com/yanglynnwu/posts/3096065870411029:0","1563105791","什麼？！
我當媽媽了！
今天晚上10點在Youtube首播
給你們看看我可愛的孩子們🥰🥰

 一起來聊媽媽經💕💕
https://youtu.be/zesABhCENI0","1569744118"
"https://www.facebook.com/yanglynnwu/posts/2894542313896720:0","1556465075","今天一如往常的按樓層搭電梯
叮～
出電梯準備開家門
等等 鑰匙怎麼插不進去！
天啊 門鎖該不會壞掉了吧
因為平時鑰匙孔是橫向今天卻是直的
正當我開始要找鎖匠電話時
叮的聲音響起
兩位少女走到我身旁
問：呃 妳有我們家鑰匙嗎
我傻眼：這不是X樓嗎？！
不好意思我到錯樓惹！ 
天啊啊啊
這大概是我人生最糗的時刻了
事後想想慶幸
第一還好我有帶口罩
第二還好我還沒叫鎖匠
差點換了別人家的鎖😨😨😨

 #人生最糗
#圖文不符XD","1569744119"
"https://www.facebook.com/yanglynnwu/posts/2741315345886085","1550486430","不知道大家的洗髮習慣是用同一種洗髮品還是會替換
我自己的習慣是會依照不同天氣或是頭皮狀況更換洗髮品
🤣

 而且我算是易出油的髮質，
加上因為工作常做造型噴髮膠定型液、出外景
就會更加注意頭髮清潔🧹跟洗髮精的成分
避免引起頭皮過敏以及堵塞影響頭皮健康的風險
所以我這次用Phyto Derma朵蔓 草本植萃的系列產品之前有好好研究他的成分介紹
發現他們家不只是植物精華，就連去角質的顆粒都很講究
而且沒有多餘的化學成分也沒有矽靈跟PARABENS防腐劑
使用起來感覺溫和、清潔力夠強還很！控！油！
重點是在家裡就能直接享受沙龍級洗淨享受💆🏻‍

 最讓我滿意的是Phyto Derma朵蔓強調
頭皮淨化4步驟
步驟1️頭皮淨化角質霜
利用胡桃殼粉顆粒及天然植物精華帶走深層皮脂與髒污 減緩頭皮出油問題 

 步驟2️頭皮淨化洗髮精（控油蓬鬆款）
草本萃取的成分讓頭皮淨化，泡沫綿密
輕鬆洗淨清爽不油 不添加矽靈也不會乾澀 

 步驟3️頭皮淨化護髮素
添加金縷梅、迷迭香、乳油木果油等撫平毛躁

 步驟4️頭皮淨化噴霧
這個根本臭頭跟機車族的救星！！
乾溼髮皆可噴在頭皮、輕輕按摩不需沖洗
或是騎機車戴安全帽後感到頭皮有點黏膩時噴一下，緩解油膩悶熱感

 一系列洗完 頭皮清爽有感、控油也超明顯、味道清香一整天🌿
男生女生都很適用喔！🥰

 
#PhytoDerma #朵蔓 #草本純粹養護頭皮森呼吸","1569744119"
"https://www.facebook.com/yanglynnwu/posts/2908169075867377","1556963483","這幾天咳嗽超級多痰
看醫生連續吃三天藥之後好很多了！
也找小葵6tan一起練習傳說！
真的很緊張也很期待
明天見囉🥰
另外特別提醒明天活動地點改華山劇場唷～
大家別跑錯囉～","1569744119"
"https://www.facebook.com/yanglynnwu/posts/2581598531857768","1544612423","年末節日多！party也多！
跟朋友聚會的零嘴當然也要夠多夠好吃！
最近經過新東陽門市順便去逛逛有新發現！
#新東陽炙燒豬樂條 😍😍 https://bit.ly/2DS3ocQ
喜歡有點甜味的可以試試蜜汁口味
喜歡胡椒香氣的可以試試黑胡椒口味
獨立包裝攜帶很方便，吃起來也不沾手
現在出門工作都會抓一把放在包包，餓了分大家一起吃❤
除了當零嘴，也適合帶去野餐，甚至可以當成交換禮物！每次我送禮都超苦惱，後來都會選吃的XD還是只有我這樣
這次準備了3份禮物(豬樂條蜜汁和黑胡椒各1包)送給你們，
在12/19晚上12點前留言【#我想跟泱泱交換的禮物是新東陽炙燒豬樂條】與tag一個好友就有機會獲得喔！
新東陽 生活美食家
1/1前有特價超划算，大家可以買來吃看看！😋
https://bit.ly/2DS3ocQ","1569744119"
"https://www.facebook.com/yanglynnwu/posts/3274287712588843","1568691000","這次非常榮幸可以當上 Paidal年度代言人
平時穿搭喜歡以舒適、好走、百搭的鞋款來搭配
這次Paidal x卡娜赫拉的小動物秋冬新品鞋款，就完全符合我的穿搭方式💗
超多樣式可到官網看看：https://bit.ly/2lQnso2
與卡娜赫拉的聯名鞋款都是用心設計並接受日方嚴謹審核確認
每次推出都有不同的故事，不同風格並且好穿舒適
樣式超多超可愛 第一時間就想分享給希希（卡娜赫拉控真的會大愛啊啊啊

 這次選兩款來搭配穿搭
1.綁帶休閒鞋（小白鞋）
白鞋完全就是百搭鞋款，不論是甜美、知性、個性、帥氣都好搭配的鞋款
這一款版型舒適，微寬腳版也可穿得很舒服不會卡腳唷
2.厚底休閒鞋 
甜美的荷葉邊設計 增添亮點
讓簡約的鞋款增添設計感
內裡使用親膚材質，穿起來不刮腳
穿脫超方便 可以說是懶人鞋必備款

 所有鞋款使用真皮鞋墊、鞋子還有貼心後踝枕，穿著更舒適

 9/18~9/24 早上10:00止 新品預購上市，
而且預購新品的話還送一雙限量的粉色卡娜赫拉室內拖鞋！真的是超划算~~

 #Paidal #卡娜赫拉的小動物 #卡娜赫拉鞋 #Piske #Usagi #shoe","1569744119"
"https://www.facebook.com/yanglynnwu/posts/2892067154144236","1556374717","今天以為會大暴雨
沒想到出門天氣超好很舒適
今天希男友帶我去短今的寫真簽名會～
你們今天有出門嗎～🥰

 #更多照片在IG唷
IG:lynnwu0219","1569744119"
"https://www.facebook.com/yanglynnwu/posts/2567158959968392:0","1543317082","開錄前的奇蹟街拍美照
開錄後各種狼狽以及弟弟拍照！
來宅餐車沒在怕的啦！
大概準備了500人份的料！
老闆比較怕啦（我很克制我知道這是要賣給客人吃的！）
#但是餐飲真的不是人做的
#身體各種痠痛
#需要鬆一下
#但是很喜歡看到人客滿足的笑容","1569744119"
"https://www.facebook.com/yanglynnwu/posts/3144174128933536","1564653608","早餐吃得好 心情會很好🥰
拍照拍得好 心情會更好😍
現在到很美的地方吃好吃的美食都會想美美的紀錄下來，
吃個早午餐一定也要拍個網美照R
這次的分享的照片都是用 vivo S1愛美機拍的，
手機本身是很美的漸層「海風青」色，
超有質感～
⭐️有強大的『自拍鏡頭』🤳🏻3200萬 AI知性美顏～
自拍時「AI智慧臉型、AI逆光模式、趣味影片、AR萌拍」能立即套用調整，讓自拍更有趣又清晰！（圖3）
尤其逆光拍照的處理效果真的很強大(圖4)

 拍照後，要修圖調色細節也不用下載很多app，
S1內建上百種照片編輯模式，包括49種濾鏡/17種環境光效/14種智慧臉型/7種智慧美體，
濾鏡不論是拍食物或人物或風景，都有適合的濾鏡可以選擇(圖5)，
環境光效的效果很自然 可以加強想呈現的光影效果！編輯出獨一無二的泱照！
還內建智慧美體，拍全身照角度沒抓好，美體拉一下腿長（圖6），長腿立刻就出來XD
在光線落差大時，也能拍出光線均勻色彩鮮明的照片（圖7），
這台S1不論自拍還是拍全身都好看又完美～

 ⭐️後置AI智慧三攝超廣角，隨手拍下2倍大風景
⭐️大容量128GB 內存，不怕影片照片不夠放
⭐️6.38吋Super AMOLED水滴螢幕：超高螢幕占比，追劇打遊戲爽度爆表🏻
⭐️18W 雙引擎閃充 + 4500mAh大電池，更能充得快拍得久

 以上綜合的效能我覺得CP值真的很高！
大家可以實際到 #台灣大哥大門市 體驗看看唷！
一機完成網美美食打卡行程✅
幸福啊啊啊 （吃的也好滿足～

 #怎麼拍都好看
#愛上更美的自己
#聚焦美一天
#S1愛美機#海風青
#萬元內文青超值機
#vivoS1 
#台灣大哥大獨賣 
#vivotaiwan","1569744119"
"https://www.facebook.com/yanglynnwu/posts/3138846969466252","1564567237","小時候爸媽常帶我出去玩
不知道為什麼有很多回憶很模糊
但卻清楚記得每次陪坐雲霄飛車的總是爸爸
從小就愛雲霄飛車🤣
我想坐幾次就陪坐幾次
爸爸還真難當😓
長大了
換女兒帶你去你想去的地方吃你想吃的東西😋😋

 父親節到了
除了跟爸爸說父親節快樂
禮物我也苦惱很久
後來知道蝦皮有專屬的父親節優惠
🦐8/2-8/16蝦皮付清節全站88折
>>http://sho.pe/HCTGE
🦐蝦皮男人館
消費滿$888再抽歐洲機票
iPad只要$8,888、夏慕尼只要$888
>>http://sho.pe/FXELB

 看一看覺得夏慕尼滿適合的
我爸跟我都愛吃
還能抽歐洲機票
中了還能再帶daddy出去玩
好像很不錯💕

 你們也在苦惱父親節禮物的也可以參考看看唷","1569744119"
"https://www.facebook.com/yanglynnwu/posts/2587370987947189","1544176971","聽說新北耶誕城很好玩😍
明天下午三點直接直播帶大家一起逛逛啦💓
一起來體驗中保無限+智慧居家
聽說還有很多美食可以吃😋😋
怎麼辦有點期待😍
線上收看直播還有小禮物可以拿唷🎁
明天見💓💓❄️🎄❄️

 #今天謝謝超多朋友抽空來看我
#謝謝你們的卡片跟小禮物
#提前過聖誕的感覺💕","1569744120"
"https://www.facebook.com/yanglynnwu/posts/2555687837782171:0","1542790976","台中花博竟然有三個園區
一開始還跑錯園區🤣
聽說假日很多人，平日人流量稍少一點
還蠻適合來走走的
今天巧遇了一些粉絲💓
台中朋友很熱情又可愛😍
有剛好在工作中沒辦法多聊幾句 
也有工作後巧遇一組很可愛的家庭小聊一下
謝謝你們認出我展現你們的熱情和支持
最後是想問想吃台中的餐廳最近有不錯推薦的嗎XD
#台中花博
#后里森林園區","1569744120"
"https://www.facebook.com/yanglynnwu/posts/3159921917358757","1565172045","七夕情人節快樂🎋................文末有好康!

 不論是有情人無情人都要記得寵愛自己🥰

 在這一天來分享我到【FANCL旗艦概念店】的體驗

 同時FANCL也準備了情人節禮物要送你們唷🎁

 

 大家都知道食物不添加任何防腐劑的話，保存期限就會大大縮短，但是更能吃的安心和健康

 而FANCL的無添加理念就是不添加任何防腐劑

 所以會發現他們採用密封包裝、小瓶生產來確保品質，以及貼心的防回流設計都是為了讓我們使用到最新鮮富有營養成分的保養

 除了擦的保養品外，他們吃的保養品也非常厲害！

 擁有專利的三肽膠原蛋白飲，是市售最小分子量更能讓肌膚吸收到膠原蛋白，添加蘋果多酚除了可以對抗光老化，喝起來味道更好，像蘋果多多😋完全沒有膠原蛋白的腥味

 當天一走進【FANCL 旗艦概念店】還以為是咖啡廳

 日系木質調的裝潢帶來清爽又舒適的氛圍

 環境真的放鬆💕

 不僅可以做肌膚檢測還能享用咖啡☕️

 沒錯！而且還是用全台只有兩台的頂級咖啡機手沖出來的！😍

 當天還體驗手作花🌹和了解更多保養知識

 謝謝FANCL給我一個美麗的午後時光💕

 如果是喜歡FANCL卻不知道如何挑選適合自己產品的朋友

 下次可以直接來旗艦概念店邊享用咖啡邊做肌膚檢測了解肌膚狀態找出合適的保養品唷

 最後只要tag1位朋友並留言

 「用FANCL無添加 肌膚健康更添加」

 就有機會抽到

 【FB抽】水盈肌底液(30mL一瓶)和水盈乳液(30mL 1瓶)

 【IG抽】長效水光精華面膜(1盒6片)、徹夜修護水凝膜(1罐)

 #FANCL旗艦概念店

 台北市中山區南京西路7號(捷運中山站3號出口)

 #FANCLTW #FANCL無添加","1569744120"
"https://www.facebook.com/yanglynnwu/posts/2869718159712469","1555585280","謝謝大家昨天熱情響應公益活動❤️
當初聽到浪人食堂的理念就決定一定要來盡一份力！
浪人食堂主要是幫助隱形弱勢族群
這些朋友可能累積各種衰退或疾病卻未必達到被認定為社會救助對象的身分
可能有債務而無法從事有勞健保的工作，
上不接社會保險，下不接社會福利的他們
處於所謂社會排除的狀態
而浪人食堂希望創造一個友善的工作職場，
可以為這些朋友們規劃工作內容
所謂給魚吃不如給釣竿
希望大家下次逛饒河夜市能到浪人食堂光顧
有炸物、飲料及文創三種攤位
昨天有幫大家試過了
東西好吃也好喝😋
販售都是台灣在地好食物
主打的特製咖哩雞塊，是純手工醃製
講求衛生外也超好吃😍
有機耕種的宜蘭蜜香紅茶
都是每日現煮現泡
愛心不僅能吃
也真的很好吃唷🥰🥰

 在此非常感謝有愛的大家
很多人一看到消息就立刻排除萬難到現場響應
謝謝你們❤️❤️❤️

 #饒河夜市#必吃#必喝#必買#浪人食堂
#公益攤位#僱用無家者#街友#無家非無望","1569744120"
"https://www.facebook.com/yanglynnwu/posts/2711426782208275:0","1549360080","爺爺年輕超級帥！
現在在天上也一定是最帥的😎😎

 #濃眉大眼
#回老家都有好多阿公阿嬤的年輕回憶
#想念","1569744120"
"https://www.facebook.com/yanglynnwu/posts/2548000755217546","1542427999","午安😍
今天第一次參與2018 LMS全明星賽
會與GodJJ、玖壹壹-洋蔥、眾量級-Andy老師、六嘆6tan一隊
跟亞洲統神-張嘉航、 這群人 尼克、蔡哥、鐵牛 Ironbull、小雲寶寶
來趣味競賽
希望大家可以來幫我們加油💪🏻

 地點：Garena電競館
時間：11/17(六)18:00
#也可以線上收看唷","1569744120"
"https://www.facebook.com/yanglynnwu/posts/2731071716910448","1550142035","#情人節快樂
一起來
河河河河河～
喝喝喝喝喝～ 
天冷或是女孩好朋友來最適合喝貝禮詩櫻桃🍒奶酒巧克力🍫. 即日起全台全家便利商店都買的到囉
本來就很喜歡奶酒的味道，沒想到搭上巧克力意外match🥰

 更特別的是2/11開幕限時快閃店就在全家明曜店
現場佈置的非常適合時尚街拍🍒
我還特地搭配了櫻桃🍒➕巧克力色的耳環和指甲油來搭配
杯子的顏色跟指甲搭到我不想放下它😍😍
剛好現在適逢紐約時裝周
去不了紐約在這裡感受時裝周的感覺也是很讚的唷🥰
偷偷告訴大家
2/15-17 下午4點到8點
2/22-24下午4點到8點
可以去試飲看看💓
還有在明曜快閃店的限定活動是
只要買兩杯特調就有機會抽到櫻桃🍒巧克力指甲油💅🏻（限量，送完為止）
大家可以揪朋友一起喝喝看😍
#貝禮詩櫻桃奶酒巧克力快閃店
#Baileys
#貝禮詩櫻桃奶酒巧克力
#貝禮詩我的櫻式本色
#未滿18歲禁止飲酒
#酒後不開車安全有保障

 BAILEYS貝禮詩香甜酒","1569744120"
"https://www.facebook.com/yanglynnwu/posts/2759388514078768","1551265242","最抗拒不了可愛的用品了😍😍😍
這次蒂沐蝶與金曲獎御用插畫家 欣蒂小姐Miss Cyndi 聯名合作推出組合
真的很不錯💝包裝很清新也很有質感🎁
除了包裝很值得收藏外
日本製的Timotei洗髮精含歐洲有機認證成分
無添加矽靈、Parabens防腐劑、合成著色劑
感覺頭髮比較沒有負擔
用量我覺得滿省的 一次用十元硬幣大小
就能搓出細緻綿密的泡沫洗淨頭髮
本身質地透明 洗起來自然柔順 不乾澀
吹完自然蓬鬆不會塌塌的 好輕盈

 有玫瑰保濕洗髮精(適合中性偏乾髮質)
或茶樹清爽洗髮精(適合中性偏油髮質) 兩種組合
贈送的欣蒂小姐插畫化妝棉或化妝包
對女生來說都是非常實用的贈品
每天都會用到的化妝棉有插畫外盒 更好收納 擺在化妝台上也美美的
化妝包很適合拿來放化妝品和小物💕
兩種組合完全自用送禮兩相宜呀

 重點是價錢也很親民 建議售價$239
這次組合加贈的插畫化妝棉化妝包是只送不賣
限定組合加值不加價真的超級超值😍
化妝棉組合3月初於全省屈臣氏獨家販售
化妝包組合可於4月初其他各大通路購買唷💓
喜歡的朋友要買要快唷😻😻

 更多優惠傳送門🚪
http://bit.ly/2U8trRp

 #Timotei #蒂沐蝶
#蒂沐蝶欣蒂小姐聯名組合
#歐洲有機認證成分","1569744120"
"https://www.facebook.com/yanglynnwu/posts/2781243975226555","1552050002","這次受KEREN的邀請來大阪看show 💃🏻
來感受一下不同的藝術洗禮 💓
看是否能增加一些文藝少女氣息💕 （這泱好文藝R

 希望有帶給你們不一泱的感覺～
影片的一日遊玩路線給大家參考唷
早上大阪城公園逛梅林、神社⛩️、天守閣
下午 看無語言隔閡的keren秀
晚上 園區內晚餐後看sakuya lumina夜間燈光秀

 大家有去大阪的話可以參考看看唷～

 高清版 https://youtu.be/msefv50MeIE

 #keren_show
#sakuyalumina
#jrpass
#jrwest
#melanocc

 更多關西吃喝玩樂資訊請看ICOICO：https://icoico.jp/zh-CHT/

 特別感謝：
- https://sakuyalumina.jp/en/
-https://keren.jp/en/
-http://www.westjr.co.jp/global/tc/ticket/pass/
-https://jp.rohto.com/learn-more/cn-products/melanocc/","1569744120"
"https://www.facebook.com/yanglynnwu/posts/3260835160600765","1568365200","新東陽推出的兩種新品都讓我驚艷
不小心又大嗑一番🤤🤤
（嗚嗚 克制不了啊 可是好幸福😻

 一個是珍珠奶茶酥
身為一個珍奶狂熱者😍
一定要來try一下
很神奇的是吃起來真的有珍奶味 但又不會過甜
用椰果所製成的QQ珍珠口感
一口嘗盡台灣在地甜品美味
外皮酥香 內餡充滿濃郁奶茶香
做成像鳳梨酥的外型
可以一口認識台灣之光珍珠奶茶
完全是出國伴手禮首選啊！

 另一個小桃酥禮盒
好吃的桃酥不能太油要吃的到核桃香
這個真的真的好吃到想買給桃酥狂熱者邰哥吃
不同於山東桃酥粉末狀的口感
這款偏向酥脆的港式桃酥風味
讓核桃風味完整原味呈現
粉嫩外盒設計
送人或是當旅遊零食都合適

 兩樣新品完全無添加防腐劑
吃起來更安心
送禮自用兩相宜
自己覺得都很適合拿來當下午茶的茶點🥰

 優惠連結🔗
珍珠奶茶酥
https://ppt.cc/fEIBNx
小桃酥禮盒
https://ppt.cc/fC5KKx
所有新東陽門市包括機場門市都可以買到唷","1569744120"
"https://www.facebook.com/yanglynnwu/posts/3138837496133866","1564480800","夏天到了 
是不是會覺得天氣太熱而不想出門運動呢～
這次來簡單的分享我最近在家會做的幾組健身動作 
是以加強腹肌做的自主訓練
當然做完運動我總是會覺得很餓 XD
這時候適時的補充蛋白質是很重要的唷
無糖豆漿就是很好的選擇
光泉無加糖濃豆漿是我最近在超商發現的新好物
全天然全豆研磨，口感真的很濃郁！
蛋白質和膳食纖維含量高
蛋白質5.1g/100ml、膳食纖維1.3g/100ml
喝起來很有飽足感!
很適合有在運動/健身、外食族和想減肥的朋友唷🥰
Ps.我在家都會囤大包裝的XD
全省各大便利商店/量販店/超市都有販售喔 ! (375ML 32元 / 936ML 60元)

 看光泉無加糖豆漿系列廣告更想喝了🤤🤤
https://www.youtube.com/watch?v=JtdfopuR-Qc","1569744121"
"https://www.facebook.com/yanglynnwu/posts/3005717559445861","1560249956","女生夏天最怕生理期來的悶熱跟異味了😩
不過有了蘇菲清新涼感衛生棉就能解悶一夏啦!

 這次蘇菲新推出的「溫和舒涼」款
特別添加天然小黃瓜精華
除了可以減緩悶熱不適感
給你溫和清涼不刺激的感覺外
還能降低因悶熱引起的異味
出門在外如同自備水冷扇更輕盈舒適
也不用擔心一下就不涼
日本開發專利密封單片包裝
可以長效維持涼感

 如果想要自備小型冷氣的可以用
添加天然薄荷的蘇菲清新涼感
穿上瞬間就能感覺到清涼
兩種可以依照個人狀態和喜好來使用唷

 想要 #解悶一夏 的女孩們
維持清爽舒涼的生理期
不妨試試 #蘇菲清新涼感衛生棉🥰
一起成為療癒系舒涼女孩👧

 蘇菲台灣 Sofy TW

 #蘇菲清新涼感衛生棉 #溫和舒涼
#添加小黃瓜精華 #療癒系舒涼 #解悶一夏","1569744121"
"https://www.facebook.com/yanglynnwu/posts/2836369673047318:0","1554291082","本來想綁雙馬尾
但百祥說很違和
於是乎就變成了春麗頭
來統計一下
雙馬尾/春麗頭
請選擇～
#還是這一類髮型是有年齡限制🤣🤣🤣","1569744121"
"https://www.facebook.com/yanglynnwu/posts/2719561258061494:0","1549686074","初五迎財神！
用麻將小迎財神
希望大家都贏贏贏
財富豚起來 （這是百祥的吉祥話拿來借用一下
#大🍊大利
#打麻將把一切招財的顏色都穿上惹又紅又橘又綠","1569744121"
"https://www.facebook.com/yanglynnwu/posts/2827108460640106","1553936007","這兩天你們有想好去哪走走嗎～🌸
不論是姐妹家人情侶來信義區多了一個好去處
3/30(六)-3/31(日) 限定的漾緁耀無瑕樂園
不僅超好拍還能玩扭蛋拿禮物💓
剛剛已經跟姐妹希希兒大拍特拍一波
這次的漾緁耀無瑕樂園還能現場搶先體驗進化版的漾緁輕妝綺肌長效粉餅
質地滑順，輕薄好推抹
針對毛孔的修飾力很好
而且像台灣高溫多濕的環境下
即使出油流汗也不泛油光、不易脫妝
持妝力真的很優秀
一定要來試試💓💓
現場禮物有兩種🎁
🎀掃描現場工作人員QRCODE加入花王Line, 即可獲得體驗禮
🎀與樂園合照上傳SOFINA Taiwan置頂貼文，就能扭扭蛋！
活動時間為3/30.31六日 13:00-20:00兩日限定

 #SOFINAAnge #SOFINAPrimavistaAnge 
#粉紅控油霸主 #漾緁耀無瑕樂園

 另外這兩日有優惠提供給大家🎈
https://www.kaosmile.com.tw/custom/114 
只要透過連結進入購買”漾緁”系列產品，輸入優惠序號SORU4，即可以折價NT30 並加贈鬼鬼聯名帆布包唷（僅限3/30-3/31）","1569744121"
"https://www.facebook.com/yanglynnwu/posts/2985288044822146","1559707221","看完一部催淚電影或是感動的一日系列
最怕哭花了眼😭😭😭
如果剛好看到身邊的女性朋友哭花了眼妝
拜託一定要稍微提醒一下
要不然有點糗糗的🥺🥺
但如果能不哭花眼妝一切就完美了🥰

 這款來自日本的LB 防水眼線膠筆>>>https://bit.ly/2W0nsOt
主打抗汗X防水X防淚X防油X高顯色X高延展
出外景經過一整天日曬雨淋 回家後完全沒有暈成熊貓眼🐼
抗暈效果 真的 令 人 超 級 驚 豔 ! ! !
我最愛的是酒紅色 #日本女性票選N0.1人氣色
聽說是日本女生約會最愛用的~ #酒紅眼妝在第1張
在日本和台灣賣到常缺貨🔥
獨家添加”5D光澤因子”提亮眼神✨
筆芯細軟好上色 但要小心不要轉太長會斷掉唷
除了直接描繪
還能再輕輕暈開線條畫出日系柔和眼妝
#珍珠棕 可以畫在下眼瞼製造臥蠶妝
一系列共有六色 #試色照在第3張

 
限定色:酒紅 #屈臣氏跟官網才買的到唷💓 >>>https://bit.ly/2W0nsOt
也可以到#屈臣氏 #康是美 #TOMOD’S #松本清 #寶雅 #日藥本舖 試試唷

 #LB #LBTOKYO
#LB瓢蟲玩美實驗室 #LB眼線膠筆 
#日本銷售 No1 眼線筆 #脫單眼線膠筆 
#超強實力派眼線膠筆 #金絲珠光
#5D光澤因子 #暈染推開不脫妝","1569744121"
"https://www.facebook.com/yanglynnwu/posts/2822756444408641","1553770843","木曜短片拍完
想說簡單跑一下
結果被教練抓到
直接來一組激烈有氧
我剛剛真的是不知道怎麼撐過來的XD
但很神奇的是你會發現
原來你以為的極限不是極限
每一次都有新突破
雖然當下會覺得我到底為什麼要來😨

 待會木曜見唷💓💓💓

 #跑完好像水腫消了一些","1569744121"
"https://www.facebook.com/yanglynnwu/posts/2682092455141708","1548156853","究竟是一日老伯 v 一日老婆還是一日...看護？！
詳情請看在今晚九點播出的【GAME什麼東西】唷～
玩遊戲真的很很舒壓😍
謝謝邀請我來達哥的節目玩🎮
跟女孩們一起玩果然好香RR
📺中華電信 #MODch210⠀⠀⠀⠀⠀⠀
📺臺北市中正/萬華區 #聯維寶福ch168⠀⠀⠀⠀⠀⠀
📸Instagram→wvesportschannel","1569744121"
"https://www.facebook.com/yanglynnwu/posts/2728786000472353","1550055683","大家晚安～
沒想到一過完年就能有機會跟大家見面了🥰🥰

 2/15中午11點30分
會在南港展覽館3樓的台灣精品館
邀請你們跟我一起搭載台灣精品太空梭 分享我最愛的台灣精品 體驗臺灣科技產業的創新價值～
快到底下留言 #我要和泱泱一起搭載台灣精品太空梭
限時24小時！
我會抽20位幸運的粉絲一起同樂😍
當天台灣精品還會有神秘加碼要送給大家哦！

 #募集20位粉絲限時24小時
#情人節隔天見面有點浪漫
#來嗎來嗎
#台灣精品太空梭正式啟航","1569744121"
"https://www.facebook.com/yanglynnwu/posts/2851863498164602","1554903449","熱的時候看這個照片有降溫的效果！
這是一種望梅止渴的移情作用嗎XD

 另外提醒一下女孩們
月事來的時候即使沒有不舒服也不要跑步或劇烈運動
這次有切身感受 
運動完後持續失血超過正常天數而體虛
嚇到趕快去看醫生吃藥
昨天類似感冒不舒服的症狀也在刮痧後好很多了
女生要注意的事真的不少
這時候好想當男的喔喔喔喔","1569744121"
"https://www.facebook.com/yanglynnwu/posts/2950716144946003","1558497645","早餐吃的好 一天心情好🥰🥰
難怪我的心情都很好😂😂😂
你們有吃過小7的新品統一麵包卡士達嗎？
這款夯到我跑了三家才買到！
不論是熱熱吃冰冰配牛奶吃配豆漿吃配咖啡吃都好好吃～😋😋
用鮮乳與蛋黃以黃金比例融合成卡士達內餡，長時間以文火烹煮，讓卡士達餡更香醇濃郁，口感細緻絲滑
推薦大家可以試試下面的吃法
🔺加熱🔥 卡士達內餡像奶油瀑布般融化 蛋奶香更濃郁 口感綿密
🔺冰凍❄️ 冷凍四小時後的卡士達內餡會像雪糕的口感 麵包更Q彈
還是你們有不一樣的吃法可以推薦給我嗎～💓

 #統一麵包卡士達
#香濃順口卡士達內餡
#文火熬煮
#謝謝統一麵包的邀約🥰","1569744121"
"https://www.facebook.com/yanglynnwu/posts/2791766084174344","1552537833","大家午安💓
準備開始今天的女友挑戰日記
要做菜了超緊張的😣
泱苗們可以幫我集氣加油嗎

 記得看到最後參加抽獎唷
台灣精品準備了白色情人節小禮物要送給大家🎁
只要大家跟著以下步驟
1️⃣至 台灣精品臉書粉絲團+台灣精品IG官方帳號 按讚
2️⃣於直播貼文下方留言「我想和泱泱一起使用(台灣精品) (做什麼事)」
(例：我想和泱泱一起用大同百年電鍋煮出情人節大餐！)
即可獲得由我精心挑選的台灣精品唷！
大家記得是要到台灣精品粉絲團直播貼文下方留言哦！
⏰活動時間：3/14-3/21
⏰活動獎品：Bubblingplus-Surprise 驚奇瓶 *1/1位
⏰得獎公告：3/25 公告於台灣精品直播貼文留言處下方

 
#台灣精品 #台灣精品館
#白色情人節 #泱泱女友挑戰日記
#大同 #ASUS華碩","1569744121"
"https://www.facebook.com/yanglynnwu/posts/2747912551893031","1550746851","喔喔喔喔真的好帥！😎😍😎
（抱歉讓我尖叫一下 真的好帥 大家可以去帥一波惹！！)

 新款 #adidas #ULTRABOOST 19
不僅好穿好走又好帥！
很喜歡白色款後面的螢光亮點讓整個鞋型更有設計感！

 #喘口氣 #喝個水 #繼續走 #曬個帥鞋 #再創無限","1569744122"
"https://www.facebook.com/yanglynnwu/posts/2932553793428905","1557814465","回台北了
到了這個下午時段
開始想念
豬仔包和凍檸茶的滋味
怎麼會吃不膩呢😋😋😋😋
好好味啊啊～～～～～～","1569744122"
"https://www.facebook.com/yanglynnwu/posts/2569723429711945:0","1543422514","Sunset in paris💓💓💓
真正的粉紅巴黎！
去散步的時候發現
周圍都是情侶
哼 我才不孤單！
但巴黎真的很浪漫 
難怪很多人蜜月選在巴黎
#Paris #eiffeltower #巴黎鐵塔 #塞納河畔 #seine #左岸","1569744123"
"https://www.facebook.com/yanglynnwu/posts/3219405654743716","1567148400","喵喵~
河河~有被我騙到嗎？
我不是貓咪~是白狐妖精！
快來收服我吧！
我戴貓耳朵是不是可愛得想帶回家養呢？

 想跟小妖精泱泱更近距離接觸嗎❤
8/31 15:00台北美麗華
當我的小主人吧

 如果覺得害羞>///<
不好意思跟我見面
那就加入泱泱的幫派守護我吧~
快來跟我一起玩遊戲💖：https://pwmtw.onelink.me/J5qm/a8b7fbe5","1569744123"
"https://www.facebook.com/yanglynnwu/posts/2618164184867869:0","1545490675","冬至是個適合暴食湯圓的好日子
但是我還是挺克制的
今天你們食湯圓了嗎～
冬至快樂
#雖然今天一點也不冷
#今年自己DIY煮芝麻湯圓佐伯爵茶XD","1569744123"
"https://www.facebook.com/yanglynnwu/posts/2809272999090319","[Error]: TypeError: Cannot read property 'attribs' of undefined","","1569744124"
"https://www.facebook.com/yanglynnwu/posts/2840621509288801","1554456828","木曜4超玩
五大金剛
家人一起團聚的日子💕
這個佳節你怎麼過～🥰","1569744124"
"https://www.facebook.com/yanglynnwu/posts/2558224780861810","1542981619","有沒有跟我一樣心情煩悶就會想吃東西療癒自己的身心的朋友😍
因爲工作時間不固定，通常會選擇到便利商店覓食~
我自己滿愛酒系列的口味，像麻油雞、燒酒蝦之類的，
平常不嗜酒但特別喜歡以酒入菜的食品，會特別香又暖胃啊啊！😍
味味一品新出的酒香牛肉麵和麻油豬肉麵，7-11限定，
以38度金門高粱酒入味，酒氣香濃，入口回味無窮，
酒香牛肉麵添加了酒包使得牛肉湯頭風味絕佳~
麻油豬肉麵除了酒香麻油味重外，調理包裡還有杏鮑菇真的很豐富~
整碗香氣十足，真的會一碗接一碗！ 至少吃兩碗，這樣吃才夠療癒人心！
另外告訴大家好消息，現在還有限時活動酒香系列任選2碗89元，還不囤貨嗎XD
好康大放送決定送出各一箱味味一品泡麵給三位朋友👬（參加方式在留言處）

 #味味一品
#酒香牛肉麵
#麻油豬肉麵
#療癒人心才是極品","1569744124"
"https://www.facebook.com/yanglynnwu/posts/2542861119064843:0","1542197923","你也是這百萬分之一嗎？
謝謝大家一起幫木曜創下第一個破百萬節目訂閱的紀錄
在木曜團隊我是老么算比較晚加入的
很幸運能在最棒的家庭團隊一起努力和提攜被更多人看見
謝謝邰哥kid哥溫妮以及資深結石製作人百祥還有相伴我們的木曜粉們💓
期待訂閱分母越來越大！🌟🌟
#國民節目 #木曜4超玩","1569744125"
"https://www.facebook.com/yanglynnwu/posts/2581407921876829","1543984212","天啊啊！OPEN小將太犯規惹！🤩
新出的OPEN小將暖手抱枕、抱枕毯太可愛惹！😍
想睡個午覺剛好一整組拿來用最舒適啦😴😴
以前學生時期最怕睡午覺睡到落枕手麻，暖手抱枕側面開縫設計讓手不會被壓麻掉還能在冬天暖手！ 真的是太貼心的設計惹💓
抱枕毯拉開拉鍊還可以變身為柔軟舒服的法蘭絨毯，午睡就不怕著涼感冒了😉
萬用又可愛的OPEN小將系列抱枕會在12/5上市，快到7-11捕獲OPEN小將!
怕會被搶購一空的朋友預購也可以買的到唷！
PS.每款抱枕都附有一張隨機的出生證明卡唷~不管是收藏或是送禮都超適合der

 另外只要在12/12晚上12點前在此篇tag一位朋友並留言「想要OPEN小將超可愛萬用抱枕」
就有機會獲得OPEN小將暖手抱枕或是抱枕毯唷💓

 #open小將抱枕
#open小將抱枕毯","1569744125"
"https://www.facebook.com/yanglynnwu/posts/2940917025925915","1558104405","木曜黃金三角
幕前+幕後+你們
=木曜4超玩

 缺一不可🥰🥰🥰🥰

 #可惜我手機沒有所有人的照片😭
#幕後英雄們你認得幾個呢～","1569744125"
"https://www.facebook.com/yanglynnwu/posts/2621839024500385","1545645685","聖誕節快樂🎄🎅🏻🎁
耶誕系列的濾鏡都好可愛
選擇障礙只好全放XD
今天你們怎麼過呢～","1569744125"
"https://www.facebook.com/yanglynnwu/posts/2817589001592052","1553581551","這是一個從喜劇變悲劇的故事
大雪紛飛覺得很浪漫
帽子飛走卻撿不回來
我記住你了 流星の滝！
#謝謝蕾拉幫我拍攝紀錄下這一切的發生","1569744125"
"https://www.facebook.com/yanglynnwu/posts/2920278244656460","1557395941","上一篇的IG回覆大家都好有創意
什麼黑白來黑白講黑白配
只差黑白照惹
這張應該算黑白照？！
#又到了期待的星期四","1569744125"
"https://www.facebook.com/yanglynnwu/posts/3513916688625943","1575295229","最近常常要早起工作，
所以更需要好好吃早餐，
方便好吃的早餐就在7-11
首推統一麵包 

 其中新上市的菠蘿奶酥是我最近的最愛
菠蘿皮搭配奶酥餡，
真的是雙重享受一次滿足，好吃又有飽足感! 

 真心推薦和我一樣早起上班上學的你們一起吃這款好吃的統一麵包菠蘿奶酥，一定要吃飽唷💕

 #統一麵包 #菠蘿奶酥 
#統一麵包菠蘿奶酥新上市
#用心堅持美味享受 #麵包 
#超商 #超商美食 #統一麵包美味邀約",1579026799
"https://www.facebook.com/yanglynnwu/posts/3575370332480578","1576756920","今天又是木曜日🥰🥰
好想搶先看全明星運動會唷😍😍
https://pse.is/MV62Z",1579026799
"https://www.facebook.com/yanglynnwu/posts/3530196373664641","1576144809","愛茉莉太平洋AMOREPACIFIC是韓國超有名的美妝公司
這一趟 #愛茉莉太平洋 之旅深深感受到他們對美的追求與細心
印象最深刻的是生產線的工廠與總部全是美的延伸與展現
傳達用美麗改變世界的信念
真的超值得來走訪朝聖

 像是位於烏山的生產線廠區
佔地就比30個足球場還大
愛茉莉太平洋烏山美麗莊園、原料植物園、檔案館和故事花園
像是世外桃源般存在的地方
一草一木和建築都很美
這裡可以說是首爾的後花園啊
來這裡不僅可以接觸大自然獲得放鬆
也能了解我們平常使用的商品是如何製成
預約參觀完最後還能獲得一隻客製化的唇膏💄

 #龍山區的愛茉莉太平洋總部
總部的1-3樓打造成文化空間
不定時有藝文展覽 更有地下美食街咖啡廳和美術館
像現在就有展出免費的#雪花文化展
這些空間都能來逛逛打卡拍照
參觀完總部超想成為他們旗下的員工啊啊
內部有一個空中花園真的是藝術極品
環境空間很棒之外
也非常照顧員工
甚至公司附設幼兒園
讓小孩跟著爸媽一起上下班 工作起來也會更放心
推薦大家可以花個半天來這裡感受一下
在這裡一不小心就喝了第三杯的抹茶拿鐵😂

 #amorepacific #amorefamtour #amorepacificgroup #愛茉莉太平洋
#amorepacificbeautycampus",1579026799
"https://www.facebook.com/yanglynnwu/posts/3590186507665627","1577178017","上次朋友來我們家告訴我一個驚人的事實
我們家有貓味！！！
OMG!雖然身為貓奴很愛吸貓，但也要注重別人來家裡的感受，
後來我發現這個小法寶日本的 #除臭噴噴，
把客廳的沙發狂噴一通，不僅能除掉臭味，更能消除99.9%引起異味的細菌！
更重要的是它不是用香味去蓋，而是有獨家科技直接深入纖維，把異味分解掉，讓東西真的不再有臭味～
而且消臭成分源自天然玉米，家裡有寵物也可以放心使用，
難怪是日本長年熱銷No.1很多飯店和居家的必備品！
偷偷跟大家說，只要是布織物都能使用！
像我自己習慣使用綠茶清香款，噴容易有異味的鞋子和安全帽內襯 來保持芳香，鞋子拿再近都不怕臭啦😂😂
最經典的高效除菌款，就拿來噴大衣、圍巾等等，
再加上最近聖誕節與年節快到了，聚餐變多，
尤其天冷愛吃麻辣鍋的我，
這時候衣服就算沾上食物味再也不用擔心會有異味，
噴個幾下異味消除，就能再穿出門惹🥰如果家中有嬰兒小朋友或是有養寵物，
可以選擇無香型，溫和無添加，
寶寶的用品也能安心噴一噴。

 現在到愛買就能買到喔！
還有第二件補充包半價的活動！
趁現在囤貨最合適啦🥰

 #日本風倍清 #除臭噴噴",1579026799
"https://www.facebook.com/yanglynnwu/posts/3510945968923015","1575199400","建議大家去濟州島千萬不要戴很容易被吹飛的帽子
風大到一路上撿了大概快20次的帽子😂
之後露出的影片可能會看到我一直在撿帽子💨💨💨
但除此之外都好喜歡💕
有機會還想再來濟州島旅遊
#照片是在innisfree的專屬綠茶園拍的
#西廣茶園
#茶園的芒草也好好拍",1579026800
"https://www.facebook.com/yanglynnwu/posts/3634688749882069","1578391258","只要穿上令人心情好的運動穿搭，再好好吃一頓
甚麼壓力都消失了
這是屬於我的小小調適情緒處方箋
你呢？
#adidas
#風格不設限
#Ultraboost20城市系列",1579026800
"https://www.facebook.com/yanglynnwu/posts/3597480850269526","1577350840","晚安
你在正要回家的路上了嗎
如果是捷運族的朋友們
有發現返家的路途更溫馨了嗎
現在IKEA與台北捷運首度合作改造三個捷運站
讓返家的途中更美好
經過一整天的辛勤
能在轉乘的月台上或是出入口有個地方小小休憩一下
是返家途中的小小綠洲阿
還能拍個美照 一舉兩得啊啊
不過要小心不要睡著RR 椅子真的有點舒服😌

 #分享好康給你們
從即日起到明年2/14的展示期間內
宜家卡卡友於任一捷運改造場景拍照
上傳個人社群並hashtag #IKEAx捷運往返家的美好，
到台北三家店(敦北/新莊/新店)出示手機畫面即可獲得IKEA熱門商品FRAKTA環保購物袋一個！
另外IKEA加碼在FB舉辦抽獎，
只要拍美照上傳，就有機會獲得價值千元的好禮唷！趕快去參加！
連結: http://bit.ly/2LhwfsU

 快到捷運西門站、南京復興站和七張站打卡拿好禮吧🥰

 #IKEAx捷運往返家的美好 #網紅模式啟動 #開始通勤美好生活

 IKEA",1579026800
"https://www.facebook.com/yanglynnwu/posts/3476219289062350","1574328086","剛看過你當蔡哥YT嘉賓那集,感覺很隨興/意&蠻深入.",1579026800
"https://www.facebook.com/yanglynnwu/posts/3502869869730625","1574994402","這是收廢棄食用油的",1579026800
"https://www.facebook.com/yanglynnwu/posts/3439850086032604:0","1573365881","太陽大到眼睛張不開
可是我喜歡！❤️
/
剛好工作的調換可以抽空回老家陪陪老人家
雖然時間很短暫
但還是覺得很幸福",1579026800
"https://www.facebook.com/yanglynnwu/posts/3475808022436810","1574315481","泱泱現在事業版圖滿大的喔",1579026800
"https://www.facebook.com/yanglynnwu/posts/3587990674551877","1577091635","巴黎真是藝術之都啊
一陣風把我髮型吹的如此熱情奔放
雖然被風搧到頭很痛
但是看到如此美景頭痛也甘願惹😂😂
這幾天剛好遇到巴黎大罷工
每天大部分用雙腳當交通工具 
狂走路之下好像真的瘦惹
最好的減肥果然是走路！",1579026800
"https://www.facebook.com/yanglynnwu/posts/3518096328207979",undefined,undefined,undefined
"https://www.facebook.com/yanglynnwu/posts/3600531939964417","1577437206","大家有在飢腸轆轆的深夜時刻，找不到東西吃， 
沒力氣做事也睡不著的經驗嗎? ☹ 這真的是最痛苦的事了！ 😫 
上次吃了之後，覺得 7-11 的統一麵包菠蘿奶酥除了是早餐新歡， 
也是深夜下班回家後陪伴我的良伴。

 家裡有烤箱的話 烤一烤更香濃好吃唷 😍 
宵夜時刻正在加班或苦讀的你們，來塊菠蘿奶酥麵包，吃飽一點唷！ 
💪💪 

 #統一麵包 #菠蘿奶酥 #統一麵包菠蘿奶酥新上市 
#用心堅持美味享受 #麵包 #超商 #超商美食 #統一麵包美味邀約",1579026801
"https://www.facebook.com/yanglynnwu/posts/3540305829320362","1575972000","文末抽獎
如果來一趟濟州島, 一定要來享受一下自然之美, 
有著天然純淨環境的濟州島.
愛茉莉太平洋集團打造了西廣茶園, 
寬闊而壯麗的茶園, 徜徉其中能感受到身心靈的放鬆.
而這一片茶園也不僅用來製作美味的茶點飲品, 
更是旗下品牌innisfree的靈魂原料-綠茶的主要來源地.

 對於天然的堅持, 在走訪首爾的雪花秀旗艦店也能感受到,
嚴選漢方藥材讓肌膚獲得最好的放鬆和滋養, 讓肌膚獲得深層的放鬆.

 為了讓大家更加了解茶, 
這裡還有茶博物館和innisfree濟州小屋旗艦店,
整體環境能夠感受到與自然融為一體, 
建築設計減少對自然的壓迫,
視野更開闊可以感受到大自然之美, 真的很放鬆,
平時壓力很大來這裡一趟跟大自然接觸會獲得治癒.

 如果對韓國茶道有興趣, 還能在OSULLOC Tea stone預約體驗,
在這邊才韓國知道韓國喝茶文化是:
早上喝綠茶
中午喝焙茶
晚上喝紅茶
更神奇的是在茶道課程時, 真的會感到很平靜!

 當然來這裡獲得心靈放鬆外, 
也能享用超多綠茶的美味,
推薦大家來濟州島一定要安排進行程內.

 在最後只要tag一位朋友並留言, 
就有機會抽到我為你們準備的伴手禮💓

 @ osulloc_official 
@ innisfreeofficial 
@ innisfreetaiwan
@ sulwhasoo.official 
#amorepacific #amorefamtour #amorepacificgroup #愛茉莉太平洋",1579026802
"https://www.facebook.com/yanglynnwu/posts/3339962899354657:0","1570621871","啊啊~~~
突然想吃部隊鍋
這家是朋友推薦的
首爾梨泰院便宜好吃的部隊鍋！
一個人差不多台幣200元左右
上次發動態詢問度超高
店家名稱是高岩食堂
有想去首爾旅遊的朋友可以收藏一下🥰",1579026802
"https://www.facebook.com/yanglynnwu/posts/3449739108377035","1573627719","昨天12強賽7:0完封韓國
真的太帥啦～～
只好po我覺得最帥的衣服以表敬意（敬禮
#outfit BOY LONDON TAIWAN",1579026802
"https://www.facebook.com/yanglynnwu/posts/3479393308744948","1574408453","冬天到了是不是有時候懶得出門買吃的
尤其最近又溼又冷 根本就最適合點外送啊啊啊
跟大家分享一個好消息
現在 戶戶送 Deliveroo 不分新舊戶 點滿150元免運外
去新北耶誕城戶戶送的攤位
玩遊戲還可以拿美食金或精美小禮物
這樣不就可以吃一頓免錢的？！😍😍
平均送達餐點的時間是26分鐘
在士林、北投、天母、新莊也有服務據點
也不用怕等太久等到生氣氣唷
我好像該動手點一波了喔喔喔喔😍😍😍

 APP下載連結: http://bit.ly/天冷叫外送

 #戶戶送
#對您最好的美食外送服務
#新北耶誕城有玩有拿又有愛",1579026802
"https://www.facebook.com/yanglynnwu/posts/3346189625398651:0","1570800155","左邊是網美吃法
右邊是真實吃法😂😂😂😂😂😂😂
感受的到到底有多好吃吧🤣
/
每次大家認出我時我都有點害羞靦腆
沒能好好表達出對於你們支持的感謝之情
謝謝你們的善意和熱情
每每讓我瞬間暖起來
一字一句都是很有影響力的🌞
相對的也在提醒自己
不要忘了吸引力法則
記得一件美好的小事記得這份溫暖也把它傳遞出去🥰
你們今天的美好是什麼呢？",1579026802
"https://www.facebook.com/yanglynnwu/posts/3430082313676048","1573207258","告訴大家一個好消息!
花現桃園了～🌸💐🌼
我到2019桃園花彩節大溪場區直接走到心花開了
也拍到笑河河河河河😍 
展都還沒開就很多人聞香而來了！
大溪場區有分三區
各式各樣的花卉和花海任你拍！
旁邊就是古色古香的李騰芳古厝
在這樣的環境走走散步真的很舒服愜意
我在這真的晃了一整個下午
一定要分享一下我欲罷不能拍攝的照片啊😂
趕快約朋友、家人或情人來個鄉村小旅行💓
跟我分享你們拍的照片吧📷

 大溪場區資訊：
活動主題：與花共舞、與農同樂
活動日期：11/9(六) - 11/17(日) 共9天 每日09:00-17:00
活動地點：桃園市大溪區月眉社區李騰芳古厝旁

 #桃園花彩節
#大溪會場
#李騰芳古厝旁",1579026802
"https://www.facebook.com/yanglynnwu/posts/3613757648641846","1577795072","2019的最後一天你們怎麼過呢？
會不會剛好也在吃晚餐呢？
避免待會網路塞車
先跟大家說2020新年快樂🎆
2019發生的一切無論好的壞的
都相信是上天最好的安排
為了成長成為更好的自己
面對 接受 勇敢去挑戰
明年也繼續學習成長
感謝這一年有你陪伴我
明年也請多多指教唷💓",1579026803
"https://www.facebook.com/yanglynnwu/posts/3506763926007886","1575091856","午安🌞🌞
昨天把自己穿成巧克力色🍫
你們是不是想說是大便色啊 
哼 不許你們這麼說😂
到韓國穿雪靴真的暖到腳底都要要流汗惹
推薦怕冷的朋友真的可以穿雪靴去冷冷的地方
絕對暖
再更怕冷的話可以在鞋子裡塞暖暖包 會更暖😂
#這泱穿
#雪靴 Paidal
#左上竟然有拍到月亮🌙",1579026803
"https://www.facebook.com/yanglynnwu/posts/3490582884292657","1574682484","✌🏻✌🏻
順利抵達4度的韓國
最神奇的是上衣只穿兩件加裙子
可是完全不覺得冷耶
還是女生比較不怕冷😂
#上衣 @izzue",1579026803
"https://www.facebook.com/yanglynnwu/posts/3556404621043816","1576333248","呃
有沒有一種莫非定律就是
只要穿淺色衣服
就會打翻咖啡或是醬油噴到衣服
我今天打翻咖啡在自己身上😭
所以我幾乎都帶著去漬筆出門
可是今天忘記帶惹😫
想要直接在當地的超市買很厲害的去漬商品😂
有人有推薦德國很厲害的去漬清潔用品嗎
去咖啡或是醬油很厲害的那種🥺",1579026803
"https://www.facebook.com/yanglynnwu/posts/3403422179675395","1572426042","之前就聽朋友狂推華為手機的拍照強大！
這次使用新推出的華為nova 5T 
覺得非常容易上手，簡單就能拍出美照！
想必大家都有在晚上拍照卻不是很理想的經驗吧
跟夜景合拍不是拍出來臉黑
要不然就是臉正常背景卻過亮的照片
現在只要選擇AIS超級夜景模式
就能拍出完美的夜景照！ 
但千萬不能手抖唷 
它需要保持穩定幾秒照就能有一張完美的夜景照！
如果想要拍超廣角可以把周遭景色都全部拍進去
就選擇廣角模式 有著16MP 超級廣角鏡頭
再多人再廣的夜景都能一次拍進去！
想拍完美夜景再也不用煩惱了
而且最棒的是 也不需要再另外後製唷 
拍的這幾張都是原圖呈現唷
給喜歡拍夜景的你們參考
#華為
#HUAWEI
#nova5t
#玩色覺醒
#仲夏紫",1579026803
"https://www.facebook.com/yanglynnwu/posts/3424809670869979","1572961430","Oh ya!
12強賽首勝get!
今天真的表現很亮眼
希望持續到最後一場！！
我們的應援加油熱情也會持續下去的！
中華隊加油💪🏻
被今天的選手們帥到
尤其先發投手江少慶和林立的打擊表現！
太帥了！！",1579026804
"https://www.facebook.com/yanglynnwu/posts/3487087461308866","1574598416","謝謝大家昨天到現場為選手們加油💪🏻💪🏻
我也都感受到滿滿的能量
真的有很多從早上就開始站著
陪我到最後一刻
還有有其他行程特地抽一個空檔趕來現場
真的謝謝你們
想跟你們說辛苦了🥺
有你們的支持真的是最幸福的事😍
愛你們😘
#泱苗最強
#hairstyles @vancubex
#dress izzue TW",1579026804
"https://www.facebook.com/yanglynnwu/posts/3387563981261215","1571910187","戒咖啡和戒珍奶
你們覺得哪個難度更高？
對我來說好像是咖啡更難耶！
每天都很需要咖啡提振精神還有消水腫啊啊😭

 對了！
今天剛好也有播新系列
木曜咖啡廳
超期待！！
等等木曜見囉🥰",1579026806
"https://www.facebook.com/yanglynnwu/posts/3427213750629571:0","1573032020","今天拍了一堆照片之後
發現牙齒上沾到口紅惹😭
而且還跟別人合照 好囧R
下次身邊有人看到沾到口紅
拜託提醒我一下
我會超感激你的🥰😘",1579026806
"https://www.facebook.com/yanglynnwu/posts/3466261703391442","1574085601","這次台灣精品盃亞洲電競友誼賽
即將於11/23-11/24在三創生活園區1樓開打了
參加的隊伍有印度 馬來西亞 菲律賓 泰國 還有台灣
很榮幸的，我這次可以擔任台灣隊的代表
也會出席11/23(下午2點到7點)的比賽，為台灣隊加油
歡迎大家一起來共襄盛舉
如果沒有時間來的，也可以看線上轉播
還有可以線上冠軍預測，猜對可以抽大獎喔!
快投下你神聖的一票啦🙌🏻🙌🏻🙌🏻
預測活動時間為11/4~11/23 23:59~ 
記得鎖定 Taiwan Excellence 台灣精品，鎖定最新賽事消息‼

 #2019台灣精品盃亞洲電競友誼賽
#絕對武力 #CS:GO #五夠力嗨 
#TaiwanExcellence #EverydayExcellence",1579026806
"https://www.facebook.com/yanglynnwu/posts/3462859187065027","1573976876","一日林聰明沙鍋魚頭
嘉義人是不是都很早起
上次一日酪農來3:30開始
這次凌晨3點開工
不過越早錄好像越嗨
一個突破極限的感覺",1579026807
"https://www.facebook.com/yanglynnwu/posts/3411557998861813","1572861640","我逆著光 卻看見～🎵
臉黑了😂😂😂
大家應該都有這種經驗
想要逆光拍美照卻發現不是臉黑就是背景過曝！
Huawei nova 5T 可以自動偵測拍照環境
在逆光拍攝時啟動HDR
還能自動美肌 氣色會更好
跟外公出遊時拍了三張逆光照
你們最喜歡那張拍出來的感覺呢😍
#華為
#HUAWEI
#nova5T
#逆光
#玩色覺醒
#仲夏紫",1579026807
"https://www.facebook.com/yanglynnwu/posts/3460422933975319:0","1573911391","ㄆㄧㄚˇ眼照來一張
因為...
明天要早上2點起床
圖文相符吧😂
#大家晚安囉
#希望我趕快睡著
#有沒有一種困擾是越要早起越睡不著",1579026808
"https://www.facebook.com/yanglynnwu/posts/3545455902138688","1576058404","身為最有氣質的少女 （自己說
現在出去逛藝文展是我的日常
推薦大家如果想逛展可以到
#龍山區的愛茉莉太平洋總部
培養一下內在之美💕
第一個展帶大家逛#雪花文化展
是完全免費的展
超級好拍美照外
主題是用傳統藝術做創新
結合古典和現代之美的展覽
逛完之後也有超多周邊可以買紀念品送朋友
所有收益都會拿來幫助傳承這些傳統藝術的匠人們
非常有意義
第二個是愛茉莉太平洋的美術館
整體是現代藝術的作品
很適合拍照📷
在裡面大概拍了7749張😂😂
有一個展區超酷明明是都是平面卻有立體跟變形感

 這次用影片的方式呈現
希望大家能更感受到愛茉莉太平洋的內在之美
看完有覺得我更有氣質了吧😂😂
@amorepacificmuseum 
@amorepacific.csr 
@sulwhasoo.official 
#amorepacific #amorefamtour #amorepacificgroup #愛茉莉太平洋",1579026808
"https://www.facebook.com/yanglynnwu/posts/3411977385486541:0","1572601335","人生若沒有痛，不會受苦。
若不曾受苦，我們永遠不會從錯誤中汲取教訓。
痛和苦都是開啟人生之窗必須經歷的重要關鍵，少了它，你就不會走在對的路上

 致也正在這條名為人生道路上的你
但現在大家應該正在下班/下課的路上
咪兔～
我正在肚子餓到痛
前往晚餐的路上😂😍
#怎麼歪樓了",1579026808
"https://www.facebook.com/yanglynnwu/posts/3352610441423236","1570976918","聽說下週會變天
把握最後好天氣出門走走
為了拍美照很38的在公園一直轉圈圈😂😂😂
#這泱穿",1579026808
"https://www.facebook.com/yanglynnwu/posts/3443327395684873","[Error]: TypeError: Cannot read property 'attribs' of undefined","",1579026808
"https://www.facebook.com/yanglynnwu/posts/3530248560326089","1575885636","文末抽獎
來分享這次愛茉莉太平洋集團的旅行🧳
分享一下這次新發現的 #韓國必去的景點和美食
大家都知道韓國的美妝保養非常厲害
去旅遊幾乎人人都必逛美妝保養
而愛茉莉太平洋集團旗下的品牌大家一定都知道
像是蘭芝、雪花秀、ETUDE HOUSE和innisfree等
這次除了逛這些品牌的旗艦店
更發現原來 #愛茉莉太平洋 
一直在革新讓美更貼近大家
也有很多很有創意、很棒的服務和設施
接下來就告訴大家如果去首爾到這些地方千萬不能錯過的點

 ⭐️去明洞的話不能錯過
#ETUDEHOUSE明洞旗艦店
2樓超級好拍 千萬不能只逛1樓唷
#蘭芝LANEIGE明洞旗艦店 
旗艦店甚至能客製化屬於自己獨一無二的晚安唇膜
如果要送特別的禮物來這裡客製化絕對沒錯！

 ⭐️去江南新沙洞的話不能錯過
#雪花秀旗艦店
雪花秀最著名的就是漢方保養品
味道都讓人可以獲得身心靈的放鬆
因為我個人很喜歡中藥材的味道
所以特別喜歡雪花秀的香氣
旗艦店整棟用金色黃銅作為主軸設計
有種典雅跟現代的交錯之美
在這裡的頂樓是暗藏的秘密打卡點 #超好拍
也能預約韓式spa 讓身體徹底紓壓放鬆一下

 ⭐️一定要特別安排的行程
#愛茉莉聖水
這個點真的超推薦大家一定要來
因為我在這喝到超好喝的珍珠抹茶拿鐵和綠茶甜點
好喝到不囉嗦直接喝兩杯 至今念念不忘🤤🤤
如果要點推薦大家點半糖 抹茶的口感滑順不苦澀
愛茉莉聖水位於工廠區全新打造成顧客式體驗的店舖
裡面有愛茉莉太平洋集團旗下33個品牌的商品
都可以在這邊做試用！
等於是你可以一大早素顏來然後完妝出去
因為裡面所有保養美妝品都可以讓你免費體驗😻！！
一開始進去會給你一張小地圖（包含兌換試用品券、和餐飲區折價券和集團官網購買的折價券）
最後出來要記得兌換試用品唷
很適合在這裡花一些時間停留🥰

 最後只要在此篇tag一位朋友並留言最想去的景點
範例 @amorepacific 想一起去愛茉莉聖水
就有機會抽到我最愛用的蘭芝晚安唇膜唷

 Amore Seongsu 
Sulwhasoo
ETUDE HOUSE Taiwan
ETUDE HOUSE 에뛰드하우스

 #amorepacific #amorefamtour #amorepacificgroup #愛茉莉太平洋 #amoreseongsu
#愛茉莉聖水 #osulloc #laneige #etudehouse #sulwhasoo",1579026809
"https://www.facebook.com/yanglynnwu/posts/3321439247873689","1570085688","我說黑白配
你說？
#一件三穿式襯衫 @izzue 
#可當上衣外套或洋裝
#這泱穿",1579026809
"https://www.facebook.com/yanglynnwu/posts/3371435312874082:0","1571477063","今天難得有小小的時間陪北上來玩的阿公出門走走
把年久失修的台語拿出來用用
雖然一個不小心又切回國語模式
By the way
今天外公最開心的事
被誤以為是我爸爸
看起來就少年欸
感謝讓我阿公有好心情的冰右們🥰
#真的是少年阿公😂😂😂",1579026809
"https://www.facebook.com/yanglynnwu/posts/3397524840265129","1572192520","溫妮生日音樂會～大成功😍
很謝謝溫妮邀請我當嘉賓
有這個難得的機會一起唱歌給大家聽
認識的時間說長不短
看著妳一步一步成長
每一年都在挑戰自己
看完10/26.27兩日的音樂會
為你感到驕傲！！
真的很棒！！！
相信大家跟我一樣在期待明年的音樂會了！
#溫妮生日音樂會",1579026809
"https://www.facebook.com/yanglynnwu/posts/3595440807140197","1577284068","聖誕快樂🎅🏻🎅🏻🎅🏻
希望每個你都平安健康快樂
在聖誕節這天YT有上一隻小影片
希望你們喜歡這個聖誕禮物🎁
💓💓💓

 http://yt1.piee.pw/MZYZ5",1579026809
"https://www.facebook.com/yanglynnwu/posts/3322676711083276","1570118358","猜歌大賽真的不能沒有邰哥
整段被吃素嗎寶貝（數碼寶貝）
鋼彈超人 （鋼彈）
新埔戰士（新福音戰士）
鬼面之戀 （鬼滅之刃）
笑瘋🤣🤣🤣🤣
也要特別謝謝 RURU老師幫我們彈奏超好聽的動漫主題曲
還有蔡哥RJ一起陪我們玩
下次比賽前我要好好來看動畫
宅女之力發起來！！！
大家也可以推薦更多經典的動畫歌給我🥰",1579026809
"https://www.facebook.com/yanglynnwu/posts/3482909428393336","1574493676","一起來看轉播為選手們加油💪🏻
也會捕捉到我唷🥰🥰🥰

 https://pse.is/NBY7Q",1579026809
"https://www.facebook.com/yanglynnwu/posts/3476175425733403","1574326820","錄這集從開工到收工心情都很好😍😍
貓貓狗狗太可愛了啊😍😍😍😍😍
今晚一起看

 木曜4超玩
邰智源 邰邰的第一個家

 https://pse.is/LNYKU",1579026810
"https://www.facebook.com/yanglynnwu/posts/3327661803918100","1570264042","木曜來幫kid哥集氣！！！💪🏻💪🏻💪🏻
金鐘獎三連霸 ok了啦

 木曜4超玩
邰智源 邰邰的第一個家
林柏昇 KID

 #kid哥變瘦了！",1579026810
"https://www.facebook.com/yanglynnwu/posts/3327092283975052","1570248003","文末抽獎
上次去韓國的時候就發現超多裝潢像圖書館的飾品店
沒想到現在不用搭飛機在台灣也能逛韓國直送的最新款（撒花
全台首家韓飾概念店 #冉冉 ZanZan
進軍微風松高1F啦～
店內從耳環、項鍊、戒指、手環到髮飾都應有盡有
超過千款任君選擇，我真的逛到選擇障礙RR
而且不論你是哪種風格
在這裡都能找到你想要的！
簡約、個性、精緻、少女、度假、休閒通通都有！
重點是品質好外
價格也很親民
約200-600不等
款式跟韓國零時差
沒有耳洞的朋友店裡可以改夾唷
（小小聲說 款式架上賣完就沒了 要下手要快

 這次特別挑選2款要送給2位泱苗
只要在本篇tag1位朋友並留言
「飾品控絕對不能錯過冉冉ZANZAN全台首家韓飾概念店」
就有機會抽到唷🥰
冉冉ZANZAN微風松高1F (台北市信義區松高路16號)

 #全台首家韓飾概念店
#時尚飾品韓國直送",1579026810
"https://www.facebook.com/yanglynnwu/posts/3634751663209111","1578477631","秋冬肌膚最容易遇到乾燥脫皮的情況
尤其是上妝時更容易出現乾到卡粉的問題
這個時候可不能成為卡卡女神啊啊啊😵
秋冬持久型底妝救星
就是 蘭蔻零粉感超持久粉底液
這罐真的是彩妝師和姐妹們大推
用了之後才知道為何大家都推啊

 質地水潤 延展性很好 
非常好推開 超服貼
上完妝有時最怕妝容沾染衣服 （不好清洗啊啊
但是這款完妝後即使在白衣服上睡覺
也沒有粉痕殘留在衣物上 （可以不用顧慮的睡了
像冬季比較乾 長時間在戶外也不會顯乾紋或是卡粉乾裂
工作一整天下來到了晚上也很持妝不暗沉

 可以維持微霧感光澤妝感的秘密是
「超能油水平衡科技」 
可以針對肌膚乾燥處補水 出油處吸油
各種膚質都能水潤服貼不脫妝!
更有首創「靠光遮瑕」
運用光線折射校正膚色不均的困擾
完美隱藏肌膚瑕疵 （痘疤退散）
難怪任何膚質都適用可以完美呈現輕盈零粉感妝容

 懶人一族的朋友們
可以使用氣墊粉餅
真的是30秒快速上妝
一樣水潤服貼 
微霧感光澤妝容快速完成✅
也可以粉底液和氣墊粉餅搭配使用
用粉底刷上完粉底液後
再用氣墊清拍加強在眼周、臉頰或是比較乾燥的部位 
讓妝容更水潤服貼唷

 現在到櫃上體驗
就可以獲得 [美肌金三角體驗組]乙份 
(內含:小黑瓶未來精華1ml、青春霜1.5ml、零粉感粉底液1ml試用包)
快跟我一起來體驗：https://bit.ly/2rk94Ye
除此之外
只要購買任兩件零粉感超持久粉底系列正商品 (需含一個粉底液)
即贈價值1800元的奶茶拿鐵刷具組 (含粉底刷/ 蜜粉刷各一支)
鐵盒上還有超可愛的零粉感系列磁鐵 
可以依照自己的的喜好裝飾唷💓
（全台限量3,000組，數量有限，送完為止)
趁現在入手很划算啊啊啊

 #Lancome #蘭蔻 #最水潤的持久粉底 
#服貼不暗沉 #24H美不妥協",1579026811
"https://www.facebook.com/yanglynnwu/posts/3436931412991138:0","1573290703","來～
阿母金幾勒～～～～💋
🥜 🐈：可以不要嗎～～～～ 

 #peanut現在會親親了
#歐爸貓咪懂撩",1579026811
"https://www.facebook.com/yanglynnwu/posts/3529394737078138","1575691250","年終將近 歲末或聖誕送禮的季節又到了 有沒有想到要送一份有意義的禮物呢? 
12/1~12/31到全省克蘭詩專櫃選購限量FEED組合, 克蘭詩便會捐10餐或20餐給世界貧童,
同時透過資助喜憨兒基金會[送愛到部落]計畫, 除了創造喜憨兒工作機會, 進而提供台灣偏鄉小朋友愛心餐盒,
邀您一同創造一大於三的感動
現在克蘭詩邀您一同參與克蘭詩線上美麗解密任務，
立刻解任務: http://bit.ly/2OJIZtm 

 #克蘭詩 #FEED #創造一大於三的感動 #克蘭詩美麗任務邀你來挑戰",1579026812
"https://www.facebook.com/yanglynnwu/posts/3429184750432471","1573120819","各位泱苗來點名囉(〃∀〃)
是「尬己人」就站粗乃‼
陪我一起打天下~

我們說打就打！今天就來開戰😡
快打開《@完美世界M》到6V6跨服對戰
把泱泱大國的名號用力傳出去！

泱泱要轉職成為史上最強的妖獸
用最狂的食量來征服全場~~❤
喔！不是啦，是最狂的力量😘😘😘

是「尬己人」就一起打天下！
https://pwmtw.onelink.me/J5qm/a8b7fbe5

#我在完美世界M
#伺服器S23
#ID泱泱單攻中
#等你們陪我戰",1579026813
"https://www.facebook.com/yanglynnwu/posts/3408786319138981","1572516191","Yartist 全明星運動會!
真的是從高中之後就沒這麼熱血了！
前天的運動會 
到今天還在累
不過大家可以期待一波！
今天晚點木曜見💓
#yartist",1579026814
"https://www.facebook.com/yanglynnwu/posts/3583149971702614","1576945110","吹啊吹啊～
我的驕傲放縱
大家放心
這次帽子沒被吹走囉
這次有夾小黑夾固定貝雷帽😁
分享從聖心堂看出去的夕陽給你們
晚安🌛",1579026814
"https://www.facebook.com/yanglynnwu/posts/3316100881740859","1569931258","看直播可以抽拍立得唷🥰🥰🥰
可以來幫我集氣加油嗎💪🏻

 https://www.facebook.com/iwplay.pwm/videos/2421660978121648?sfns=mo",1579026814
"https://www.facebook.com/yanglynnwu/posts/3336757443008536",undefined,undefined,undefined
